<?xml version="1.0" encoding="UTF-8"?>
<instance>
  <presentation name="instance7" type="DisCSP" benchmark="Graph Coloring" model="Simple" constraintModel="TKC" format="XDisCSP 1.0" />
  <agents nbAgents="10">
    <agent name="A1" id="1" description="Node1" />
    <agent name="A2" id="2" description="Node2" />
    <agent name="A3" id="3" description="Node3" />
    <agent name="A4" id="4" description="Node4" />
    <agent name="A5" id="5" description="Node5" />
    <agent name="A6" id="6" description="Node6" />
    <agent name="A7" id="7" description="Node7" />
    <agent name="A8" id="8" description="Node8" />
    <agent name="A9" id="9" description="Node9" />
    <agent name="A10" id="10" description="Node10" />
  </agents>
  <domains nbDomains="1">
    <domain name="D1" nbValues="3">1..3</domain>
  </domains>
  <variables nbVariables="10">
    <variable agent="A1" name="X1.1" id="0" domain="D1" description="X1.1" />
    <variable agent="A2" name="X2.1" id="0" domain="D1" description="X2.1" />
    <variable agent="A3" name="X3.1" id="0" domain="D1" description="X3.1" />
    <variable agent="A4" name="X4.1" id="0" domain="D1" description="X4.1" />
    <variable agent="A5" name="X5.1" id="0" domain="D1" description="X5.1" />
    <variable agent="A6" name="X6.1" id="0" domain="D1" description="X6.1" />
    <variable agent="A7" name="X7.1" id="0" domain="D1" description="X7.1" />
    <variable agent="A8" name="X8.1" id="0" domain="D1" description="X8.1" />
    <variable agent="A9" name="X9.1" id="0" domain="D1" description="X9.1" />
    <variable agent="A10" name="X10.1" id="0" domain="D1" description="X10.1" />
  </variables>
  <relations nbRelations="1">
    <relation name="R1" arity="2" nbTuples="3" semantics="conflicts">1 1|2 2|3 3</relation>
  </relations>
  <constraints nbConstraints="22">
    <constraint name="C1" model="TKC" arity="2" scope="X4.1 X9.1" reference="R1" />
    <constraint name="C2" model="TKC" arity="2" scope="X1.1 X10.1" reference="R1" />
    <constraint name="C3" model="TKC" arity="2" scope="X2.1 X3.1" reference="R1" />
    <constraint name="C4" model="TKC" arity="2" scope="X1.1 X6.1" reference="R1" />
    <constraint name="C5" model="TKC" arity="2" scope="X2.1 X7.1" reference="R1" />
    <constraint name="C6" model="TKC" arity="2" scope="X5.1 X9.1" reference="R1" />
    <constraint name="C7" model="TKC" arity="2" scope="X1.1 X9.1" reference="R1" />
    <constraint name="C8" model="TKC" arity="2" scope="X2.1 X9.1" reference="R1" />
    <constraint name="C9" model="TKC" arity="2" scope="X7.1 X8.1" reference="R1" />
    <constraint name="C10" model="TKC" arity="2" scope="X7.1 X9.1" reference="R1" />
    <constraint name="C11" model="TKC" arity="2" scope="X6.1 X7.1" reference="R1" />
    <constraint name="C12" model="TKC" arity="2" scope="X5.1 X6.1" reference="R1" />
    <constraint name="C13" model="TKC" arity="2" scope="X4.1 X10.1" reference="R1" />
    <constraint name="C14" model="TKC" arity="2" scope="X1.1 X4.1" reference="R1" />
    <constraint name="C15" model="TKC" arity="2" scope="X3.1 X7.1" reference="R1" />
    <constraint name="C16" model="TKC" arity="2" scope="X3.1 X5.1" reference="R1" />
    <constraint name="C17" model="TKC" arity="2" scope="X4.1 X6.1" reference="R1" />
    <constraint name="C18" model="TKC" arity="2" scope="X1.1 X8.1" reference="R1" />
    <constraint name="C19" model="TKC" arity="2" scope="X7.1 X10.1" reference="R1" />
    <constraint name="C20" model="TKC" arity="2" scope="X1.1 X3.1" reference="R1" />
    <constraint name="C21" model="TKC" arity="2" scope="X6.1 X9.1" reference="R1" />
    <constraint name="C22" model="TKC" arity="2" scope="X2.1 X5.1" reference="R1" />
  </constraints>
  <GuiPresentation type="DCOP" benchmark="Graph Coloring" name="instance7" model="TKC" nbAgents="10" domainSize="3" density="50" tightness="33" nbConstraints="22" nbTuples="3" />
</instance>
