<?xml version="1.0" encoding="UTF-8"?>
<instance xmlns:xsi="http://www.w3.org/2001/XMLSchema-instance" xsi:noNamespaceSchemaLocation="src/frodo2/algorithms/XCSPschema.xsd">
  <presentation name="randomMeetingScheduling_1448697105888" format="XCSP 2.1_FRODO" maximize="false">
    <stats name="formulation">PEAV</stats>
    <stats name="number of agents">15</stats>
    <stats name="number of meetings">8</stats>
    <stats name="number of agents per meeting">3</stats>
    <stats name="number of time slots">3</stats>
    <stats name="constraint violation cost">infinity</stats>
    <stats name="target probability of being unavailable at any given time slot">0.0</stats>
    <stats name="average probability of being unavailable at any given time slot">0.0</stats>
    <stats name="maximum random cost of being unavailable at any given time slot">null</stats>
  </presentation>
  <agents nbAgents="12">
    <agent name="a0" />
    <agent name="a1" />
    <agent name="a2" />
    <agent name="a3" />
    <agent name="a4" />
    <agent name="a7" />
    <agent name="a9" />
    <agent name="a10" />
    <agent name="a11" />
    <agent name="a12" />
    <agent name="a13" />
    <agent name="a14" />
  </agents>
  <domains nbDomains="1">
    <domain name="slots" nbValues="3">1..3</domain>
  </domains>
  <variables nbVariables="24">
    <variable name="m0a13" domain="slots" agent="a13" />
    <variable name="m0a12" domain="slots" agent="a12" />
    <variable name="m0a10" domain="slots" agent="a10" />
    <variable name="m1a3" domain="slots" agent="a3" />
    <variable name="m1a2" domain="slots" agent="a2" />
    <variable name="m1a0" domain="slots" agent="a0" />
    <variable name="m2a2" domain="slots" agent="a2" />
    <variable name="m2a4" domain="slots" agent="a4" />
    <variable name="m2a14" domain="slots" agent="a14" />
    <variable name="m3a11" domain="slots" agent="a11" />
    <variable name="m3a1" domain="slots" agent="a1" />
    <variable name="m3a10" domain="slots" agent="a10" />
    <variable name="m4a0" domain="slots" agent="a0" />
    <variable name="m4a9" domain="slots" agent="a9" />
    <variable name="m4a2" domain="slots" agent="a2" />
    <variable name="m5a7" domain="slots" agent="a7" />
    <variable name="m5a10" domain="slots" agent="a10" />
    <variable name="m5a3" domain="slots" agent="a3" />
    <variable name="m6a1" domain="slots" agent="a1" />
    <variable name="m6a0" domain="slots" agent="a0" />
    <variable name="m6a11" domain="slots" agent="a11" />
    <variable name="m7a12" domain="slots" agent="a12" />
    <variable name="m7a9" domain="slots" agent="a9" />
    <variable name="m7a0" domain="slots" agent="a0" />
  </variables>
  <relations nbRelations="2">
    <relation name="NEQ" semantics="soft" arity="2" nbTuples="3" defaultCost="0">infinity: 1 1|2 2|3 3</relation>
    <relation name="EQ" semantics="soft" arity="2" nbTuples="3" defaultCost="infinity">0: 1 1|2 2|3 3</relation>
  </relations>
  <constraints nbConstraints="41">
    <constraint name="m0a13_equals_m0a12" arity="2" scope="m0a13 m0a12" reference="EQ" />
    <constraint name="m0a13_equals_m0a10" arity="2" scope="m0a13 m0a10" reference="EQ" />
    <constraint name="m0a12_equals_m0a10" arity="2" scope="m0a12 m0a10" reference="EQ" />
    <constraint name="m1a3_equals_m1a2" arity="2" scope="m1a3 m1a2" reference="EQ" />
    <constraint name="m1a3_equals_m1a0" arity="2" scope="m1a3 m1a0" reference="EQ" />
    <constraint name="m1a2_equals_m1a0" arity="2" scope="m1a2 m1a0" reference="EQ" />
    <constraint name="m2a2_equals_m2a4" arity="2" scope="m2a2 m2a4" reference="EQ" />
    <constraint name="m2a2_equals_m2a14" arity="2" scope="m2a2 m2a14" reference="EQ" />
    <constraint name="m2a4_equals_m2a14" arity="2" scope="m2a4 m2a14" reference="EQ" />
    <constraint name="m3a11_equals_m3a1" arity="2" scope="m3a11 m3a1" reference="EQ" />
    <constraint name="m3a11_equals_m3a10" arity="2" scope="m3a11 m3a10" reference="EQ" />
    <constraint name="m3a1_equals_m3a10" arity="2" scope="m3a1 m3a10" reference="EQ" />
    <constraint name="m4a0_equals_m4a9" arity="2" scope="m4a0 m4a9" reference="EQ" />
    <constraint name="m4a0_equals_m4a2" arity="2" scope="m4a0 m4a2" reference="EQ" />
    <constraint name="m4a9_equals_m4a2" arity="2" scope="m4a9 m4a2" reference="EQ" />
    <constraint name="m5a7_equals_m5a10" arity="2" scope="m5a7 m5a10" reference="EQ" />
    <constraint name="m5a7_equals_m5a3" arity="2" scope="m5a7 m5a3" reference="EQ" />
    <constraint name="m5a10_equals_m5a3" arity="2" scope="m5a10 m5a3" reference="EQ" />
    <constraint name="m6a1_equals_m6a0" arity="2" scope="m6a1 m6a0" reference="EQ" />
    <constraint name="m6a1_equals_m6a11" arity="2" scope="m6a1 m6a11" reference="EQ" />
    <constraint name="m6a0_equals_m6a11" arity="2" scope="m6a0 m6a11" reference="EQ" />
    <constraint name="m7a12_equals_m7a9" arity="2" scope="m7a12 m7a9" reference="EQ" />
    <constraint name="m7a12_equals_m7a0" arity="2" scope="m7a12 m7a0" reference="EQ" />
    <constraint name="m7a9_equals_m7a0" arity="2" scope="m7a9 m7a0" reference="EQ" />
    <constraint name="m7a0_neq_m6a0" arity="2" scope="m7a0 m6a0" reference="NEQ" agent="a0" />
    <constraint name="m7a0_neq_m4a0" arity="2" scope="m7a0 m4a0" reference="NEQ" agent="a0" />
    <constraint name="m7a0_neq_m1a0" arity="2" scope="m7a0 m1a0" reference="NEQ" agent="a0" />
    <constraint name="m6a0_neq_m4a0" arity="2" scope="m6a0 m4a0" reference="NEQ" agent="a0" />
    <constraint name="m6a0_neq_m1a0" arity="2" scope="m6a0 m1a0" reference="NEQ" agent="a0" />
    <constraint name="m4a0_neq_m1a0" arity="2" scope="m4a0 m1a0" reference="NEQ" agent="a0" />
    <constraint name="m6a1_neq_m3a1" arity="2" scope="m6a1 m3a1" reference="NEQ" agent="a1" />
    <constraint name="m4a2_neq_m2a2" arity="2" scope="m4a2 m2a2" reference="NEQ" agent="a2" />
    <constraint name="m4a2_neq_m1a2" arity="2" scope="m4a2 m1a2" reference="NEQ" agent="a2" />
    <constraint name="m2a2_neq_m1a2" arity="2" scope="m2a2 m1a2" reference="NEQ" agent="a2" />
    <constraint name="m5a3_neq_m1a3" arity="2" scope="m5a3 m1a3" reference="NEQ" agent="a3" />
    <constraint name="m7a9_neq_m4a9" arity="2" scope="m7a9 m4a9" reference="NEQ" agent="a9" />
    <constraint name="m5a10_neq_m3a10" arity="2" scope="m5a10 m3a10" reference="NEQ" agent="a10" />
    <constraint name="m5a10_neq_m0a10" arity="2" scope="m5a10 m0a10" reference="NEQ" agent="a10" />
    <constraint name="m3a10_neq_m0a10" arity="2" scope="m3a10 m0a10" reference="NEQ" agent="a10" />
    <constraint name="m6a11_neq_m3a11" arity="2" scope="m6a11 m3a11" reference="NEQ" agent="a11" />
    <constraint name="m7a12_neq_m0a12" arity="2" scope="m7a12 m0a12" reference="NEQ" agent="a12" />
  </constraints>
</instance>
