<?xml version="1.0" encoding="UTF-8"?>
<instance>
  <presentation name="instance1" type="DCOP" benchmark="RandomDCOP" model="Simple" constraintModel="TKC" format="XDisCSP 1.0" />
  <agents nbAgents="10">
    <agent name="A1" id="1" description="agent 1" />
    <agent name="A2" id="2" description="agent 2" />
    <agent name="A3" id="3" description="agent 3" />
    <agent name="A4" id="4" description="agent 4" />
    <agent name="A5" id="5" description="agent 5" />
    <agent name="A6" id="6" description="agent 6" />
    <agent name="A7" id="7" description="agent 7" />
    <agent name="A8" id="8" description="agent 8" />
    <agent name="A9" id="9" description="agent 9" />
    <agent name="A10" id="10" description="agent 10" />
  </agents>
  <domains nbDomains="1">
    <domain name="D1" nbValues="3">1..3</domain>
  </domains>
  <variables nbVariables="10">
    <variable agent="A1" name="X1.1" id="1" domain="D1" description="variable 1.1" />
    <variable agent="A2" name="X2.1" id="1" domain="D1" description="variable 2.1" />
    <variable agent="A3" name="X3.1" id="1" domain="D1" description="variable 3.1" />
    <variable agent="A4" name="X4.1" id="1" domain="D1" description="variable 4.1" />
    <variable agent="A5" name="X5.1" id="1" domain="D1" description="variable 5.1" />
    <variable agent="A6" name="X6.1" id="1" domain="D1" description="variable 6.1" />
    <variable agent="A7" name="X7.1" id="1" domain="D1" description="variable 7.1" />
    <variable agent="A8" name="X8.1" id="1" domain="D1" description="variable 8.1" />
    <variable agent="A9" name="X9.1" id="1" domain="D1" description="variable 9.1" />
    <variable agent="A10" name="X10.1" id="1" domain="D1" description="variable 10.1" />
  </variables>
  <constraints nbConstraints="36" initialCost="0" maximalCost="infinity">
    <constraint name="C0" model="TKC" arity="2" scope="X1.1 X2.1" reference="R0" />
    <constraint name="C1" model="TKC" arity="2" scope="X1.1 X3.1" reference="R1" />
    <constraint name="C2" model="TKC" arity="2" scope="X1.1 X4.1" reference="R2" />
    <constraint name="C3" model="TKC" arity="2" scope="X1.1 X5.1" reference="R3" />
    <constraint name="C4" model="TKC" arity="2" scope="X1.1 X6.1" reference="R4" />
    <constraint name="C5" model="TKC" arity="2" scope="X1.1 X7.1" reference="R5" />
    <constraint name="C6" model="TKC" arity="2" scope="X1.1 X9.1" reference="R6" />
    <constraint name="C7" model="TKC" arity="2" scope="X1.1 X10.1" reference="R7" />
    <constraint name="C8" model="TKC" arity="2" scope="X2.1 X4.1" reference="R8" />
    <constraint name="C9" model="TKC" arity="2" scope="X2.1 X6.1" reference="R9" />
    <constraint name="C10" model="TKC" arity="2" scope="X2.1 X7.1" reference="R10" />
    <constraint name="C11" model="TKC" arity="2" scope="X2.1 X9.1" reference="R11" />
    <constraint name="C12" model="TKC" arity="2" scope="X2.1 X8.1" reference="R12" />
    <constraint name="C13" model="TKC" arity="2" scope="X2.1 X10.1" reference="R13" />
    <constraint name="C14" model="TKC" arity="2" scope="X3.1 X6.1" reference="R14" />
    <constraint name="C15" model="TKC" arity="2" scope="X3.1 X5.1" reference="R15" />
    <constraint name="C16" model="TKC" arity="2" scope="X3.1 X8.1" reference="R16" />
    <constraint name="C17" model="TKC" arity="2" scope="X3.1 X9.1" reference="R17" />
    <constraint name="C18" model="TKC" arity="2" scope="X3.1 X10.1" reference="R18" />
    <constraint name="C19" model="TKC" arity="2" scope="X4.1 X6.1" reference="R19" />
    <constraint name="C20" model="TKC" arity="2" scope="X4.1 X5.1" reference="R20" />
    <constraint name="C21" model="TKC" arity="2" scope="X4.1 X7.1" reference="R21" />
    <constraint name="C22" model="TKC" arity="2" scope="X4.1 X10.1" reference="R22" />
    <constraint name="C23" model="TKC" arity="2" scope="X5.1 X10.1" reference="R23" />
    <constraint name="C24" model="TKC" arity="2" scope="X5.1 X7.1" reference="R24" />
    <constraint name="C25" model="TKC" arity="2" scope="X5.1 X8.1" reference="R25" />
    <constraint name="C26" model="TKC" arity="2" scope="X5.1 X9.1" reference="R26" />
    <constraint name="C27" model="TKC" arity="2" scope="X6.1 X10.1" reference="R27" />
    <constraint name="C28" model="TKC" arity="2" scope="X6.1 X7.1" reference="R28" />
    <constraint name="C29" model="TKC" arity="2" scope="X6.1 X9.1" reference="R29" />
    <constraint name="C30" model="TKC" arity="2" scope="X7.1 X10.1" reference="R30" />
    <constraint name="C31" model="TKC" arity="2" scope="X7.1 X8.1" reference="R31" />
    <constraint name="C32" model="TKC" arity="2" scope="X7.1 X9.1" reference="R32" />
    <constraint name="C33" model="TKC" arity="2" scope="X8.1 X10.1" reference="R33" />
    <constraint name="C34" model="TKC" arity="2" scope="X8.1 X9.1" reference="R34" />
    <constraint name="C35" model="TKC" arity="2" scope="X9.1 X10.1" reference="R35" />
  </constraints>
  <relations nbRelations="36">
    <relation name="R0" arity="2" nbTuples="9" semantics="soft" defaultCost="infinity">99:2 2|80:1 1|96:2 3|15:1 3|68:1 2|40:3 2|46:3 1|0:2 1|28:3 3</relation>
    <relation name="R1" arity="2" nbTuples="9" semantics="soft" defaultCost="infinity">61:3 3|85:1 2|59:1 3|79:2 3|74:2 1|30:1 1|34:2 2|34:3 2|13:3 1</relation>
    <relation name="R2" arity="2" nbTuples="9" semantics="soft" defaultCost="infinity">64:1 2|88:2 2|17:2 1|5:2 3|52:3 1|63:3 3|63:3 2|75:1 3|18:1 1</relation>
    <relation name="R3" arity="2" nbTuples="9" semantics="soft" defaultCost="infinity">27:2 3|45:2 2|39:1 3|83:1 2|31:3 3|22:3 1|55:1 1|49:2 1|58:3 2</relation>
    <relation name="R4" arity="2" nbTuples="9" semantics="soft" defaultCost="infinity">92:3 1|66:2 1|58:3 3|49:1 2|5:2 2|80:1 1|50:1 3|75:2 3|44:3 2</relation>
    <relation name="R5" arity="2" nbTuples="9" semantics="soft" defaultCost="infinity">15:3 3|45:3 1|14:1 2|50:2 2|96:1 3|47:2 3|64:3 2|81:2 1|23:1 1</relation>
    <relation name="R6" arity="2" nbTuples="9" semantics="soft" defaultCost="infinity">67:1 1|62:2 3|91:3 3|51:2 1|69:2 2|2:3 2|69:1 3|61:1 2|13:3 1</relation>
    <relation name="R7" arity="2" nbTuples="9" semantics="soft" defaultCost="infinity">30:3 3|81:1 2|59:1 3|24:2 3|98:1 1|36:3 2|50:2 1|40:3 1|1:2 2</relation>
    <relation name="R8" arity="2" nbTuples="9" semantics="soft" defaultCost="infinity">79:2 3|52:3 1|93:1 3|38:2 1|73:2 2|45:3 3|5:1 1|89:1 2|36:3 2</relation>
    <relation name="R9" arity="2" nbTuples="9" semantics="soft" defaultCost="infinity">50:1 2|71:1 3|68:2 2|4:3 3|93:1 1|15:2 1|44:3 2|9:2 3|65:3 1</relation>
    <relation name="R10" arity="2" nbTuples="9" semantics="soft" defaultCost="infinity">43:1 1|93:3 3|53:1 3|97:3 1|81:2 3|61:1 2|49:2 1|52:3 2|72:2 2</relation>
    <relation name="R11" arity="2" nbTuples="9" semantics="soft" defaultCost="infinity">88:1 2|50:1 1|65:2 3|70:1 3|68:2 1|61:3 2|71:3 1|80:3 3|16:2 2</relation>
    <relation name="R12" arity="2" nbTuples="9" semantics="soft" defaultCost="infinity">60:3 3|50:2 2|13:1 3|39:2 3|23:3 2|10:2 1|82:1 2|37:3 1|83:1 1</relation>
    <relation name="R13" arity="2" nbTuples="9" semantics="soft" defaultCost="infinity">80:1 1|38:3 2|79:3 3|86:2 2|31:3 1|20:1 3|48:2 1|92:2 3|75:1 2</relation>
    <relation name="R14" arity="2" nbTuples="9" semantics="soft" defaultCost="infinity">64:3 3|19:1 2|95:1 3|5:2 1|46:2 3|34:1 1|52:3 1|18:3 2|50:2 2</relation>
    <relation name="R15" arity="2" nbTuples="9" semantics="soft" defaultCost="infinity">76:2 3|2:1 2|9:3 2|75:1 1|81:3 1|89:2 1|58:1 3|27:2 2|32:3 3</relation>
    <relation name="R16" arity="2" nbTuples="9" semantics="soft" defaultCost="infinity">64:1 1|63:3 3|75:3 2|6:3 1|78:2 3|9:2 2|27:1 2|89:1 3|69:2 1</relation>
    <relation name="R17" arity="2" nbTuples="9" semantics="soft" defaultCost="infinity">86:3 3|82:1 1|46:1 3|73:2 3|59:2 2|41:3 1|22:1 2|93:3 2|66:2 1</relation>
    <relation name="R18" arity="2" nbTuples="9" semantics="soft" defaultCost="infinity">96:2 3|82:2 1|28:1 2|89:3 3|8:3 2|27:3 1|97:1 1|46:2 2|38:1 3</relation>
    <relation name="R19" arity="2" nbTuples="9" semantics="soft" defaultCost="infinity">71:1 1|23:2 2|39:2 1|60:3 2|60:3 3|2:1 3|63:1 2|73:3 1|34:2 3</relation>
    <relation name="R20" arity="2" nbTuples="9" semantics="soft" defaultCost="infinity">24:3 2|81:3 1|80:2 3|20:2 2|24:3 3|72:1 1|77:1 3|96:2 1|89:1 2</relation>
    <relation name="R21" arity="2" nbTuples="9" semantics="soft" defaultCost="infinity">87:1 3|56:1 2|10:3 2|77:1 1|2:2 2|66:2 1|48:3 1|74:3 3|47:2 3</relation>
    <relation name="R22" arity="2" nbTuples="9" semantics="soft" defaultCost="infinity">38:1 1|21:1 3|38:2 2|24:3 3|96:2 1|8:3 2|22:3 1|25:2 3|66:1 2</relation>
    <relation name="R23" arity="2" nbTuples="9" semantics="soft" defaultCost="infinity">4:1 3|41:1 1|0:2 3|31:3 1|6:2 2|34:3 3|44:3 2|56:2 1|78:1 2</relation>
    <relation name="R24" arity="2" nbTuples="9" semantics="soft" defaultCost="infinity">47:2 1|24:2 2|2:1 2|6:3 1|35:1 1|35:3 3|63:2 3|57:1 3|38:3 2</relation>
    <relation name="R25" arity="2" nbTuples="9" semantics="soft" defaultCost="infinity">82:2 3|55:1 1|28:1 2|14:2 1|85:3 1|77:3 2|63:3 3|23:2 2|62:1 3</relation>
    <relation name="R26" arity="2" nbTuples="9" semantics="soft" defaultCost="infinity">44:1 3|58:3 1|67:2 1|57:2 2|23:3 2|59:1 1|40:2 3|94:1 2|82:3 3</relation>
    <relation name="R27" arity="2" nbTuples="9" semantics="soft" defaultCost="infinity">4:2 1|99:3 3|67:1 3|56:2 3|45:3 1|78:1 2|98:2 2|47:3 2|1:1 1</relation>
    <relation name="R28" arity="2" nbTuples="9" semantics="soft" defaultCost="infinity">74:1 3|93:3 2|84:2 3|97:2 1|90:1 1|77:3 1|12:2 2|95:3 3|77:1 2</relation>
    <relation name="R29" arity="2" nbTuples="9" semantics="soft" defaultCost="infinity">16:1 2|72:2 3|13:3 3|54:1 3|83:3 1|98:2 2|34:1 1|46:3 2|83:2 1</relation>
    <relation name="R30" arity="2" nbTuples="9" semantics="soft" defaultCost="infinity">69:3 2|96:2 3|70:3 3|70:2 1|6:1 3|97:3 1|52:1 1|46:1 2|77:2 2</relation>
    <relation name="R31" arity="2" nbTuples="9" semantics="soft" defaultCost="infinity">14:3 1|48:2 3|13:2 2|32:1 2|81:2 1|10:1 1|13:3 2|27:1 3|18:3 3</relation>
    <relation name="R32" arity="2" nbTuples="9" semantics="soft" defaultCost="infinity">81:3 2|18:3 1|84:2 1|82:3 3|71:2 2|84:1 1|52:1 2|27:1 3|23:2 3</relation>
    <relation name="R33" arity="2" nbTuples="9" semantics="soft" defaultCost="infinity">99:1 1|27:1 2|6:2 2|89:3 3|67:2 1|77:3 2|88:2 3|34:3 1|95:1 3</relation>
    <relation name="R34" arity="2" nbTuples="9" semantics="soft" defaultCost="infinity">65:2 2|98:2 1|75:3 3|18:3 2|88:3 1|47:1 1|44:1 2|21:2 3|54:1 3</relation>
    <relation name="R35" arity="2" nbTuples="9" semantics="soft" defaultCost="infinity">92:3 3|79:2 2|43:1 3|86:3 2|58:1 1|40:3 1|84:1 2|71:2 3|42:2 1</relation>
  </relations>
  <GuiPresentation type="DCOP" benchmark="RandomDCOP" name="instance1" model="TKC" nbAgents="10" domainSize="3" density="80" tightness="0" nbConstraints="36" nbTuples="9" />
</instance>
