<?xml version="1.0" encoding="UTF-8"?>
<instance>
  <presentation name="instance1" type="DCOP" benchmark="RandomDCOP" model="Simple" constraintModel="TKC" format="XDisCSP 1.0" />
  <agents nbAgents="20">
    <agent name="A1" id="1" description="agent 1" />
    <agent name="A2" id="2" description="agent 2" />
    <agent name="A3" id="3" description="agent 3" />
    <agent name="A4" id="4" description="agent 4" />
    <agent name="A5" id="5" description="agent 5" />
    <agent name="A6" id="6" description="agent 6" />
    <agent name="A7" id="7" description="agent 7" />
    <agent name="A8" id="8" description="agent 8" />
    <agent name="A9" id="9" description="agent 9" />
    <agent name="A10" id="10" description="agent 10" />
    <agent name="A11" id="11" description="agent 11" />
    <agent name="A12" id="12" description="agent 12" />
    <agent name="A13" id="13" description="agent 13" />
    <agent name="A14" id="14" description="agent 14" />
    <agent name="A15" id="15" description="agent 15" />
    <agent name="A16" id="16" description="agent 16" />
    <agent name="A17" id="17" description="agent 17" />
    <agent name="A18" id="18" description="agent 18" />
    <agent name="A19" id="19" description="agent 19" />
    <agent name="A20" id="20" description="agent 20" />
  </agents>
  <domains nbDomains="1">
    <domain name="D1" nbValues="10">1..10</domain>
  </domains>
  <variables nbVariables="20">
    <variable agent="A1" name="X1.1" id="1" domain="D1" description="variable 1.1" />
    <variable agent="A2" name="X2.1" id="1" domain="D1" description="variable 2.1" />
    <variable agent="A3" name="X3.1" id="1" domain="D1" description="variable 3.1" />
    <variable agent="A4" name="X4.1" id="1" domain="D1" description="variable 4.1" />
    <variable agent="A5" name="X5.1" id="1" domain="D1" description="variable 5.1" />
    <variable agent="A6" name="X6.1" id="1" domain="D1" description="variable 6.1" />
    <variable agent="A7" name="X7.1" id="1" domain="D1" description="variable 7.1" />
    <variable agent="A8" name="X8.1" id="1" domain="D1" description="variable 8.1" />
    <variable agent="A9" name="X9.1" id="1" domain="D1" description="variable 9.1" />
    <variable agent="A10" name="X10.1" id="1" domain="D1" description="variable 10.1" />
    <variable agent="A11" name="X11.1" id="1" domain="D1" description="variable 11.1" />
    <variable agent="A12" name="X12.1" id="1" domain="D1" description="variable 12.1" />
    <variable agent="A13" name="X13.1" id="1" domain="D1" description="variable 13.1" />
    <variable agent="A14" name="X14.1" id="1" domain="D1" description="variable 14.1" />
    <variable agent="A15" name="X15.1" id="1" domain="D1" description="variable 15.1" />
    <variable agent="A16" name="X16.1" id="1" domain="D1" description="variable 16.1" />
    <variable agent="A17" name="X17.1" id="1" domain="D1" description="variable 17.1" />
    <variable agent="A18" name="X18.1" id="1" domain="D1" description="variable 18.1" />
    <variable agent="A19" name="X19.1" id="1" domain="D1" description="variable 19.1" />
    <variable agent="A20" name="X20.1" id="1" domain="D1" description="variable 20.1" />
  </variables>
  <constraints nbConstraints="95" initialCost="0" maximalCost="infinity">
    <constraint name="C0" model="TKC" arity="2" scope="X1.1 X12.1" reference="R0" />
    <constraint name="C1" model="TKC" arity="2" scope="X1.1 X13.1" reference="R1" />
    <constraint name="C2" model="TKC" arity="2" scope="X1.1 X4.1" reference="R2" />
    <constraint name="C3" model="TKC" arity="2" scope="X1.1 X9.1" reference="R3" />
    <constraint name="C4" model="TKC" arity="2" scope="X1.1 X18.1" reference="R4" />
    <constraint name="C5" model="TKC" arity="2" scope="X2.1 X3.1" reference="R5" />
    <constraint name="C6" model="TKC" arity="2" scope="X2.1 X15.1" reference="R6" />
    <constraint name="C7" model="TKC" arity="2" scope="X2.1 X16.1" reference="R7" />
    <constraint name="C8" model="TKC" arity="2" scope="X2.1 X7.1" reference="R8" />
    <constraint name="C9" model="TKC" arity="2" scope="X2.1 X9.1" reference="R9" />
    <constraint name="C10" model="TKC" arity="2" scope="X2.1 X20.1" reference="R10" />
    <constraint name="C11" model="TKC" arity="2" scope="X2.1 X19.1" reference="R11" />
    <constraint name="C12" model="TKC" arity="2" scope="X2.1 X10.1" reference="R12" />
    <constraint name="C13" model="TKC" arity="2" scope="X2.1 X18.1" reference="R13" />
    <constraint name="C14" model="TKC" arity="2" scope="X3.1 X12.1" reference="R14" />
    <constraint name="C15" model="TKC" arity="2" scope="X3.1 X13.1" reference="R15" />
    <constraint name="C16" model="TKC" arity="2" scope="X3.1 X17.1" reference="R16" />
    <constraint name="C17" model="TKC" arity="2" scope="X3.1 X6.1" reference="R17" />
    <constraint name="C18" model="TKC" arity="2" scope="X3.1 X4.1" reference="R18" />
    <constraint name="C19" model="TKC" arity="2" scope="X3.1 X5.1" reference="R19" />
    <constraint name="C20" model="TKC" arity="2" scope="X3.1 X20.1" reference="R20" />
    <constraint name="C21" model="TKC" arity="2" scope="X3.1 X18.1" reference="R21" />
    <constraint name="C22" model="TKC" arity="2" scope="X3.1 X10.1" reference="R22" />
    <constraint name="C23" model="TKC" arity="2" scope="X3.1 X19.1" reference="R23" />
    <constraint name="C24" model="TKC" arity="2" scope="X4.1 X14.1" reference="R24" />
    <constraint name="C25" model="TKC" arity="2" scope="X4.1 X17.1" reference="R25" />
    <constraint name="C26" model="TKC" arity="2" scope="X4.1 X6.1" reference="R26" />
    <constraint name="C27" model="TKC" arity="2" scope="X4.1 X5.1" reference="R27" />
    <constraint name="C28" model="TKC" arity="2" scope="X4.1 X8.1" reference="R28" />
    <constraint name="C29" model="TKC" arity="2" scope="X4.1 X10.1" reference="R29" />
    <constraint name="C30" model="TKC" arity="2" scope="X4.1 X11.1" reference="R30" />
    <constraint name="C31" model="TKC" arity="2" scope="X5.1 X17.1" reference="R31" />
    <constraint name="C32" model="TKC" arity="2" scope="X5.1 X6.1" reference="R32" />
    <constraint name="C33" model="TKC" arity="2" scope="X5.1 X16.1" reference="R33" />
    <constraint name="C34" model="TKC" arity="2" scope="X5.1 X12.1" reference="R34" />
    <constraint name="C35" model="TKC" arity="2" scope="X5.1 X14.1" reference="R35" />
    <constraint name="C36" model="TKC" arity="2" scope="X5.1 X11.1" reference="R36" />
    <constraint name="C37" model="TKC" arity="2" scope="X5.1 X18.1" reference="R37" />
    <constraint name="C38" model="TKC" arity="2" scope="X5.1 X8.1" reference="R38" />
    <constraint name="C39" model="TKC" arity="2" scope="X6.1 X16.1" reference="R39" />
    <constraint name="C40" model="TKC" arity="2" scope="X6.1 X13.1" reference="R40" />
    <constraint name="C41" model="TKC" arity="2" scope="X6.1 X12.1" reference="R41" />
    <constraint name="C42" model="TKC" arity="2" scope="X6.1 X18.1" reference="R42" />
    <constraint name="C43" model="TKC" arity="2" scope="X6.1 X7.1" reference="R43" />
    <constraint name="C44" model="TKC" arity="2" scope="X6.1 X9.1" reference="R44" />
    <constraint name="C45" model="TKC" arity="2" scope="X7.1 X16.1" reference="R45" />
    <constraint name="C46" model="TKC" arity="2" scope="X7.1 X15.1" reference="R46" />
    <constraint name="C47" model="TKC" arity="2" scope="X7.1 X12.1" reference="R47" />
    <constraint name="C48" model="TKC" arity="2" scope="X7.1 X18.1" reference="R48" />
    <constraint name="C49" model="TKC" arity="2" scope="X7.1 X11.1" reference="R49" />
    <constraint name="C50" model="TKC" arity="2" scope="X7.1 X20.1" reference="R50" />
    <constraint name="C51" model="TKC" arity="2" scope="X8.1 X16.1" reference="R51" />
    <constraint name="C52" model="TKC" arity="2" scope="X8.1 X17.1" reference="R52" />
    <constraint name="C53" model="TKC" arity="2" scope="X8.1 X14.1" reference="R53" />
    <constraint name="C54" model="TKC" arity="2" scope="X8.1 X13.1" reference="R54" />
    <constraint name="C55" model="TKC" arity="2" scope="X8.1 X12.1" reference="R55" />
    <constraint name="C56" model="TKC" arity="2" scope="X8.1 X18.1" reference="R56" />
    <constraint name="C57" model="TKC" arity="2" scope="X8.1 X20.1" reference="R57" />
    <constraint name="C58" model="TKC" arity="2" scope="X8.1 X9.1" reference="R58" />
    <constraint name="C59" model="TKC" arity="2" scope="X9.1 X20.1" reference="R59" />
    <constraint name="C60" model="TKC" arity="2" scope="X9.1 X11.1" reference="R60" />
    <constraint name="C61" model="TKC" arity="2" scope="X9.1 X10.1" reference="R61" />
    <constraint name="C62" model="TKC" arity="2" scope="X9.1 X18.1" reference="R62" />
    <constraint name="C63" model="TKC" arity="2" scope="X9.1 X13.1" reference="R63" />
    <constraint name="C64" model="TKC" arity="2" scope="X9.1 X14.1" reference="R64" />
    <constraint name="C65" model="TKC" arity="2" scope="X9.1 X15.1" reference="R65" />
    <constraint name="C66" model="TKC" arity="2" scope="X10.1 X11.1" reference="R66" />
    <constraint name="C67" model="TKC" arity="2" scope="X10.1 X20.1" reference="R67" />
    <constraint name="C68" model="TKC" arity="2" scope="X10.1 X14.1" reference="R68" />
    <constraint name="C69" model="TKC" arity="2" scope="X10.1 X17.1" reference="R69" />
    <constraint name="C70" model="TKC" arity="2" scope="X11.1 X18.1" reference="R70" />
    <constraint name="C71" model="TKC" arity="2" scope="X11.1 X12.1" reference="R71" />
    <constraint name="C72" model="TKC" arity="2" scope="X11.1 X19.1" reference="R72" />
    <constraint name="C73" model="TKC" arity="2" scope="X11.1 X17.1" reference="R73" />
    <constraint name="C74" model="TKC" arity="2" scope="X11.1 X15.1" reference="R74" />
    <constraint name="C75" model="TKC" arity="2" scope="X12.1 X20.1" reference="R75" />
    <constraint name="C76" model="TKC" arity="2" scope="X12.1 X17.1" reference="R76" />
    <constraint name="C77" model="TKC" arity="2" scope="X12.1 X15.1" reference="R77" />
    <constraint name="C78" model="TKC" arity="2" scope="X13.1 X20.1" reference="R78" />
    <constraint name="C79" model="TKC" arity="2" scope="X13.1 X18.1" reference="R79" />
    <constraint name="C80" model="TKC" arity="2" scope="X13.1 X14.1" reference="R80" />
    <constraint name="C81" model="TKC" arity="2" scope="X14.1 X19.1" reference="R81" />
    <constraint name="C82" model="TKC" arity="2" scope="X14.1 X20.1" reference="R82" />
    <constraint name="C83" model="TKC" arity="2" scope="X14.1 X18.1" reference="R83" />
    <constraint name="C84" model="TKC" arity="2" scope="X14.1 X15.1" reference="R84" />
    <constraint name="C85" model="TKC" arity="2" scope="X14.1 X17.1" reference="R85" />
    <constraint name="C86" model="TKC" arity="2" scope="X15.1 X18.1" reference="R86" />
    <constraint name="C87" model="TKC" arity="2" scope="X16.1 X19.1" reference="R87" />
    <constraint name="C88" model="TKC" arity="2" scope="X16.1 X20.1" reference="R88" />
    <constraint name="C89" model="TKC" arity="2" scope="X16.1 X17.1" reference="R89" />
    <constraint name="C90" model="TKC" arity="2" scope="X17.1 X20.1" reference="R90" />
    <constraint name="C91" model="TKC" arity="2" scope="X17.1 X19.1" reference="R91" />
    <constraint name="C92" model="TKC" arity="2" scope="X17.1 X18.1" reference="R92" />
    <constraint name="C93" model="TKC" arity="2" scope="X18.1 X20.1" reference="R93" />
    <constraint name="C94" model="TKC" arity="2" scope="X19.1 X20.1" reference="R94" />
  </constraints>
  <relations nbRelations="95">
    <relation name="R0" arity="2" nbTuples="100" semantics="soft" defaultCost="infinity">86:6 3|2:8 9|61:4 9|77:4 10|1:5 10|33:9 6|85:10 7|29:4 3|54:9 8|65:10 2|25:5 9|74:10 4|2:7 2|57:6 10|51:7 3|90:10 3|6:5 8|68:10 10|67:6 9|5:3 5|18:7 10|35:5 7|34:1 8|77:3 2|31:8 7|9:2 8|81:5 2|4:1 10|54:9 10|29:9 1|97:7 5|50:1 3|77:4 6|28:6 4|14:1 5|1:4 1|50:4 4|65:8 3|89:3 7|39:2 3|47:1 9|2:9 3|84:7 1|16:6 5|78:5 1|14:5 3|94:7 9|22:8 6|61:1 2|86:6 8|77:4 8|42:5 6|65:7 7|34:8 5|77:10 6|97:6 6|11:9 7|86:3 4|56:3 9|54:5 4|76:8 8|95:4 7|74:8 4|61:2 2|94:5 5|78:4 2|20:1 4|27:9 2|14:2 5|9:9 5|2:9 4|62:7 6|99:3 1|19:10 1|15:7 8|11:2 4|70:6 7|26:2 6|65:10 8|67:1 7|94:1 1|36:4 5|63:3 6|52:1 6|2:9 9|88:3 8|33:10 5|71:6 2|47:8 10|7:6 1|7:2 7|26:2 10|60:3 3|29:2 9|15:8 2|45:7 4|42:2 1|87:8 1|86:10 9|18:3 10</relation>
    <relation name="R1" arity="2" nbTuples="100" semantics="soft" defaultCost="infinity">49:5 9|57:9 8|82:2 1|88:2 6|62:10 7|15:2 8|77:6 3|82:3 4|72:5 10|85:5 6|65:5 4|88:3 9|87:7 10|27:3 5|90:1 6|0:2 3|44:1 4|13:7 8|50:4 1|79:3 6|98:6 10|18:10 9|41:1 10|84:6 1|62:1 3|24:1 2|73:4 3|71:7 7|67:9 5|45:4 10|23:10 4|86:4 7|78:10 1|81:6 6|80:4 5|71:3 1|87:4 2|61:5 3|93:9 4|59:1 1|65:8 9|53:9 7|47:7 4|4:6 5|45:10 6|6:8 8|79:10 3|40:8 5|51:10 8|81:10 10|10:7 9|67:2 5|63:7 2|21:8 2|26:5 1|65:3 2|69:9 10|48:4 4|66:4 6|76:8 3|21:6 8|3:1 5|41:7 5|65:2 7|59:10 2|48:3 7|0:9 6|64:5 2|31:10 5|51:4 9|2:1 8|99:7 1|81:8 10|62:9 2|83:5 8|23:8 4|10:1 9|82:8 1|29:8 7|90:3 3|57:3 10|92:9 3|4:6 2|53:3 8|3:7 3|97:2 9|91:9 9|27:2 2|39:2 4|73:1 7|9:7 6|56:6 9|61:4 8|85:5 5|88:9 1|15:5 7|63:8 6|68:6 7|76:2 10|51:6 4</relation>
    <relation name="R2" arity="2" nbTuples="100" semantics="soft" defaultCost="infinity">37:4 10|98:9 6|1:7 9|78:3 8|52:5 8|46:6 8|22:3 4|27:9 9|21:6 4|29:2 5|25:3 3|31:2 8|72:5 1|97:2 3|99:7 1|38:1 1|55:2 6|48:6 3|8:10 3|12:7 10|8:9 2|43:5 3|23:2 7|79:5 5|10:10 6|59:5 6|99:6 5|56:5 7|57:9 10|57:9 7|93:9 8|66:10 10|41:4 4|59:8 3|89:4 6|19:8 1|32:4 9|38:8 9|60:8 4|56:5 2|94:10 4|9:6 10|24:4 1|22:4 3|61:8 6|24:7 2|13:6 9|65:10 7|58:7 6|92:1 8|55:10 1|98:1 3|0:2 1|95:4 8|63:2 9|78:9 3|34:9 5|27:3 9|25:5 4|7:8 8|3:10 9|89:3 5|5:8 5|39:3 6|43:7 7|23:1 6|80:2 2|77:7 8|29:7 3|8:10 8|25:5 10|46:3 7|56:8 2|92:7 4|46:6 1|53:4 2|59:8 10|34:10 5|90:6 6|52:9 1|19:3 1|63:4 5|58:3 2|1:4 7|70:9 4|63:2 10|62:2 4|54:7 5|23:6 2|37:1 5|35:8 7|90:10 2|62:3 10|36:6 7|92:1 9|25:1 7|15:1 2|22:5 9|39:1 10|40:1 4</relation>
    <relation name="R3" arity="2" nbTuples="100" semantics="soft" defaultCost="infinity">52:3 10|33:4 3|93:1 5|89:1 3|1:7 2|74:2 7|76:6 1|55:10 1|53:2 3|31:3 1|74:1 7|3:8 6|63:9 5|35:5 8|51:6 8|99:10 5|35:7 5|25:1 1|30:4 10|80:10 3|26:5 7|49:7 4|64:10 7|14:2 4|90:4 7|44:7 6|94:2 10|21:5 4|16:5 1|87:7 7|87:10 6|81:2 8|96:6 4|79:9 2|39:6 3|38:3 4|43:3 6|47:5 2|40:2 2|24:6 6|93:7 3|89:6 7|16:8 1|44:3 8|3:4 5|36:9 7|41:5 6|76:6 5|25:1 4|28:9 10|19:9 9|3:7 9|16:5 10|39:8 3|77:1 10|70:2 9|77:7 10|50:3 9|24:8 5|28:5 9|39:10 2|14:6 2|65:6 9|18:4 1|37:4 9|83:7 1|83:3 7|14:9 1|61:10 4|12:8 4|30:2 1|64:9 6|78:8 8|24:4 2|17:1 2|80:1 6|90:4 8|65:5 5|76:9 8|45:8 10|40:3 2|36:1 8|6:10 9|17:2 6|74:1 9|63:8 2|44:8 9|90:9 3|88:8 7|66:4 6|75:3 3|37:10 10|27:3 5|86:4 4|98:5 3|78:10 8|6:9 4|28:2 5|29:7 8|50:6 10</relation>
    <relation name="R4" arity="2" nbTuples="100" semantics="soft" defaultCost="infinity">23:3 6|8:5 3|49:10 4|82:5 5|55:1 8|19:5 7|34:5 10|62:9 1|42:9 7|41:4 4|87:9 10|96:8 5|91:3 3|21:6 4|16:6 9|61:3 2|96:4 6|19:10 8|39:6 7|71:8 4|12:2 6|93:10 3|69:10 2|27:2 8|37:8 1|41:10 5|51:10 10|12:8 9|97:8 3|35:7 7|19:10 1|7:2 2|94:2 4|30:2 3|54:6 5|67:4 8|80:4 2|92:6 8|92:1 10|12:3 1|47:7 8|67:3 9|9:7 9|29:2 1|40:9 2|96:4 7|4:1 2|36:7 1|98:4 10|1:6 2|48:7 10|62:1 1|31:9 6|48:1 7|37:7 6|73:2 9|34:2 7|72:1 6|10:6 3|59:7 4|64:3 10|93:5 9|22:5 2|6:1 3|81:9 4|80:10 6|84:5 8|83:5 6|85:8 2|85:3 8|28:6 6|61:7 3|1:9 8|39:8 10|73:2 5|57:1 9|76:1 5|40:4 9|34:8 6|73:3 4|53:6 1|63:2 10|31:8 8|95:3 5|73:4 1|16:1 4|16:7 5|61:9 3|83:5 4|56:3 7|6:10 7|68:10 9|30:5 1|43:4 5|23:9 5|30:8 7|39:9 9|91:4 3|40:6 10|30:7 2</relation>
    <relation name="R5" arity="2" nbTuples="100" semantics="soft" defaultCost="infinity">88:8 9|8:7 6|39:7 4|33:9 2|2:6 2|96:1 10|23:7 1|39:10 7|13:5 1|65:8 5|5:2 8|15:9 3|65:6 7|29:9 6|63:8 6|0:4 4|80:9 5|95:5 8|75:4 8|96:4 3|58:7 10|51:2 5|40:2 6|6:10 8|60:4 1|96:3 3|21:3 9|88:2 7|43:5 3|89:4 5|95:6 6|64:2 10|35:6 5|54:4 2|73:8 7|17:8 8|6:9 10|58:9 8|3:10 9|17:6 3|8:7 3|44:6 4|78:6 10|45:5 7|75:3 7|0:2 9|27:5 4|14:3 1|14:3 6|84:2 1|5:1 2|3:1 7|43:7 5|29:9 9|62:5 10|38:10 5|38:8 4|2:10 10|50:10 2|54:6 8|49:4 6|85:10 6|4:1 5|40:7 7|11:9 4|98:8 2|54:3 10|64:4 10|59:10 3|61:5 6|38:3 5|6:1 8|81:10 1|64:4 7|25:2 3|67:8 3|57:9 7|60:6 1|62:9 1|27:7 9|72:1 6|71:2 4|5:8 10|38:5 5|28:7 2|89:8 1|58:3 4|25:1 3|13:1 4|65:4 9|69:1 1|80:7 8|7:6 9|22:2 2|76:3 8|35:5 9|0:3 2|32:10 4|2:1 9|47:5 2</relation>
    <relation name="R6" arity="2" nbTuples="100" semantics="soft" defaultCost="infinity">58:8 7|4:2 5|31:7 5|36:7 3|17:3 1|58:3 9|97:3 8|71:3 3|10:9 9|92:10 6|65:10 4|14:2 4|57:9 5|2:1 9|71:7 7|79:7 8|44:4 3|87:8 1|22:10 10|27:6 3|25:1 6|87:3 2|48:6 9|3:8 8|45:8 9|56:5 7|6:4 5|98:6 5|21:4 4|70:4 8|27:6 8|85:10 1|57:2 9|66:2 6|19:5 9|29:8 10|62:7 2|4:4 6|38:1 5|29:10 7|33:5 1|94:4 10|0:3 7|94:9 1|16:1 4|85:1 7|51:2 1|84:2 10|77:7 4|3:7 1|66:5 10|84:9 8|87:9 2|1:7 6|66:2 2|18:10 5|34:5 4|28:1 10|97:6 2|14:3 4|36:5 6|87:2 7|45:6 7|88:3 6|84:10 2|96:8 4|42:5 5|62:1 8|25:1 1|75:6 4|73:7 10|94:9 6|65:9 4|73:6 6|25:4 7|30:2 3|67:8 3|82:10 3|30:9 3|73:6 1|7:1 3|77:7 9|32:3 10|5:5 8|58:1 2|22:8 6|43:4 2|81:8 2|92:9 10|94:5 2|46:8 5|86:10 8|40:4 1|0:5 3|45:10 9|91:2 8|24:3 5|28:6 10|68:9 7|62:4 9</relation>
    <relation name="R7" arity="2" nbTuples="100" semantics="soft" defaultCost="infinity">21:10 7|64:1 1|45:2 5|6:8 4|63:9 5|14:4 4|96:6 1|53:8 10|37:2 7|42:6 6|72:5 5|17:5 3|93:9 3|61:7 3|50:3 5|70:5 8|0:8 2|38:10 6|90:3 7|43:6 4|3:5 4|11:4 6|12:2 6|98:5 1|44:8 9|92:3 1|85:10 8|51:1 6|56:8 5|97:10 5|92:7 5|28:3 3|11:3 2|93:4 9|26:2 10|84:3 9|48:6 5|98:5 6|99:5 10|37:9 7|44:3 10|58:3 6|57:1 8|39:4 3|24:5 9|72:2 1|46:1 10|41:9 6|97:2 9|67:10 10|44:9 2|76:9 1|89:9 10|63:7 6|33:9 8|25:6 9|13:6 3|11:10 1|65:1 4|54:10 3|11:4 2|81:4 7|37:7 4|65:2 3|15:9 9|49:9 4|7:2 2|66:6 10|83:7 10|67:8 8|15:1 9|43:1 2|52:7 7|80:7 9|45:2 4|30:6 7|16:4 5|70:7 2|73:5 2|68:4 8|52:3 8|14:1 5|40:1 7|15:2 8|33:5 7|78:4 10|10:6 2|45:10 2|24:8 7|25:7 1|37:7 8|69:4 1|36:10 9|11:3 4|62:8 6|19:8 3|92:6 8|0:8 1|64:10 4|36:1 3</relation>
    <relation name="R8" arity="2" nbTuples="100" semantics="soft" defaultCost="infinity">69:2 6|72:8 6|20:2 9|51:10 6|14:3 10|67:7 10|33:4 10|78:9 4|23:5 1|22:9 1|58:5 5|95:8 9|63:10 9|92:3 5|59:2 7|66:7 4|12:2 8|57:8 4|59:3 6|28:6 6|82:6 3|8:8 2|42:10 10|52:10 1|38:1 9|56:4 8|8:4 5|49:3 8|86:3 7|17:9 5|53:1 4|16:7 9|46:6 7|6:6 5|76:7 1|11:5 9|82:4 7|18:4 1|53:6 8|38:7 7|59:2 4|88:10 4|9:8 10|66:7 5|40:8 1|76:3 4|75:10 2|2:1 6|15:1 2|6:5 8|87:6 10|52:10 8|82:6 2|48:1 10|40:5 10|7:1 8|38:9 6|78:3 3|22:8 7|3:7 3|43:6 1|6:3 9|98:2 5|58:1 5|27:3 2|90:5 2|67:10 3|7:9 7|54:9 3|42:1 7|52:1 3|90:8 8|13:4 9|96:9 10|51:7 2|69:1 1|97:5 6|6:6 9|42:7 6|30:4 2|34:2 10|44:5 4|89:4 6|47:2 3|66:10 7|21:10 5|40:4 4|12:3 1|73:8 3|84:9 9|83:8 5|14:4 3|37:2 1|57:2 2|50:6 4|63:5 7|21:9 8|3:5 3|29:7 8|50:9 2</relation>
    <relation name="R9" arity="2" nbTuples="100" semantics="soft" defaultCost="infinity">78:9 5|47:4 1|27:10 2|97:9 3|69:6 6|11:4 9|29:8 6|46:10 9|46:7 3|86:9 1|41:3 5|36:5 7|5:1 1|41:3 10|89:3 9|55:10 8|70:7 5|68:4 5|88:5 1|83:9 2|82:6 3|72:2 1|86:5 6|76:8 7|3:6 10|46:4 6|93:7 8|96:9 7|44:9 4|85:8 4|5:1 8|33:10 7|34:2 8|55:6 1|49:8 10|19:6 4|67:2 10|64:3 3|43:9 9|17:5 8|63:8 3|84:8 1|56:2 9|89:2 6|41:2 4|29:2 5|5:1 7|59:10 5|18:3 1|46:1 10|30:7 10|21:6 8|85:5 3|21:1 5|78:3 7|97:2 3|51:8 8|74:1 6|1:6 9|81:1 9|1:5 4|61:8 5|72:7 9|21:7 7|9:6 7|95:1 3|64:8 9|24:9 10|48:10 1|56:10 6|35:4 7|27:3 6|50:7 2|50:7 6|72:3 2|80:2 2|28:1 4|89:1 2|11:4 8|88:3 8|80:7 4|48:3 4|18:6 2|53:4 4|4:10 3|6:5 2|92:9 8|20:10 10|51:4 3|50:4 10|10:5 9|19:2 7|65:6 5|20:8 2|8:9 6|3:4 2|63:5 5|35:10 4|12:7 1|47:5 10</relation>
    <relation name="R10" arity="2" nbTuples="100" semantics="soft" defaultCost="infinity">26:2 3|55:1 1|20:6 1|19:4 4|66:4 3|9:5 3|80:7 6|1:1 4|68:9 9|65:10 6|5:9 6|78:10 5|28:4 1|12:7 8|14:3 4|49:1 2|6:10 8|55:7 9|11:10 9|67:5 10|51:4 7|59:4 6|60:8 10|45:8 7|4:8 8|34:6 2|84:7 2|77:9 3|13:9 1|79:9 5|30:2 4|4:3 7|18:10 1|46:9 10|67:9 2|31:5 6|49:3 9|85:2 10|45:6 5|33:1 3|34:3 6|36:1 6|25:6 3|90:6 9|77:5 9|53:2 5|93:5 2|47:2 9|71:10 4|20:6 8|31:5 7|30:3 5|81:8 4|64:3 2|36:8 1|98:4 2|54:8 2|35:6 6|29:7 10|93:2 7|0:8 3|58:5 1|48:10 3|99:2 8|23:9 8|46:1 9|59:5 8|1:6 10|5:7 7|63:8 9|64:1 5|24:4 9|12:6 7|72:10 2|7:1 8|73:1 10|66:4 5|0:4 10|75:9 7|27:3 1|48:2 6|78:8 5|0:7 4|28:2 1|90:7 5|58:3 8|14:3 10|2:10 7|4:3 3|26:5 5|0:8 6|59:7 3|92:2 2|73:1 7|73:5 4|77:4 8|28:7 1|82:6 4|2:10 10|11:9 4</relation>
    <relation name="R11" arity="2" nbTuples="100" semantics="soft" defaultCost="infinity">47:2 10|35:6 7|98:7 9|3:3 6|98:9 8|52:3 9|16:5 1|9:4 10|69:2 2|59:7 10|12:5 8|49:1 1|7:7 7|63:7 6|18:4 3|91:2 8|0:1 8|45:10 8|98:8 4|37:1 2|10:5 2|87:3 3|65:10 2|18:5 5|58:4 4|74:7 3|55:5 3|48:6 3|73:9 3|48:4 2|96:2 5|20:10 7|32:8 9|56:3 1|73:7 2|14:6 10|66:3 5|28:5 7|77:7 8|76:2 3|95:3 10|23:1 4|42:9 6|34:3 8|57:7 4|26:3 4|27:4 5|92:4 7|60:9 10|1:1 5|49:5 9|12:8 8|35:4 1|95:10 6|64:8 10|91:8 7|58:8 5|61:6 4|72:10 3|53:4 9|3:6 1|29:8 2|18:5 4|75:4 6|75:10 5|76:1 3|91:10 4|34:9 2|40:1 7|85:7 5|73:5 6|95:8 6|31:3 7|78:1 6|27:2 1|23:6 8|8:6 2|44:2 4|3:2 9|21:8 1|18:1 9|72:7 1|47:9 1|65:2 7|90:10 9|14:9 7|42:9 4|9:9 9|12:6 6|31:6 5|61:3 2|7:5 10|36:1 10|52:8 3|28:2 6|95:10 10|16:6 9|19:9 5|5:10 1|43:4 8</relation>
    <relation name="R12" arity="2" nbTuples="100" semantics="soft" defaultCost="infinity">33:9 7|42:10 4|38:7 3|58:9 1|54:5 9|86:8 2|14:5 1|58:5 7|69:9 2|6:4 3|40:4 1|36:7 8|18:2 8|96:10 1|28:9 10|24:2 6|40:1 7|97:4 2|59:9 9|26:3 1|1:4 6|32:3 7|45:2 10|67:8 4|47:7 6|29:2 2|67:7 10|81:1 10|98:7 9|88:9 4|63:3 4|88:7 2|36:10 10|36:6 10|68:3 2|68:9 5|15:7 5|90:5 6|57:8 6|27:4 4|55:6 4|10:7 4|11:4 7|42:1 2|71:2 1|2:4 5|57:10 5|81:8 5|10:3 10|95:6 9|41:6 8|65:5 3|51:2 3|81:6 1|38:3 6|6:4 9|31:8 1|0:7 1|17:5 10|35:10 8|23:1 6|70:6 2|46:9 3|15:1 4|97:10 6|26:2 4|6:10 3|51:2 7|98:1 9|17:6 6|80:5 8|33:2 5|86:10 9|84:10 7|73:6 7|96:5 5|21:9 6|66:7 7|70:10 2|54:8 9|97:3 5|16:1 8|82:6 3|80:4 10|83:8 7|21:1 1|34:2 9|82:4 8|17:3 9|85:1 3|71:8 10|50:9 8|58:8 8|20:3 8|92:3 3|63:1 5|15:6 5|78:5 4|51:5 2|3:8 3</relation>
    <relation name="R13" arity="2" nbTuples="100" semantics="soft" defaultCost="infinity">5:6 8|65:6 2|60:9 4|24:2 8|75:10 8|48:3 3|65:2 10|72:10 5|20:8 2|90:4 6|30:7 9|47:1 10|0:7 7|6:1 4|86:10 1|89:3 7|41:2 3|91:7 6|45:3 10|94:8 9|14:9 8|37:5 5|67:7 10|58:1 8|42:5 4|99:3 9|11:10 6|82:2 2|44:8 1|64:6 6|18:6 3|22:3 2|30:1 6|31:1 9|35:7 5|43:7 4|59:8 7|0:8 4|13:9 6|73:10 2|55:9 1|87:5 10|18:2 4|75:6 7|80:6 10|78:10 9|64:9 10|19:3 8|60:10 4|49:5 9|8:4 4|25:5 2|15:1 1|90:7 1|84:6 5|12:4 10|3:3 6|90:6 4|22:5 6|58:10 10|76:9 2|96:4 1|77:4 2|86:5 7|92:9 7|95:1 3|8:5 8|74:8 3|73:3 4|30:3 1|76:1 7|0:10 3|79:4 8|85:8 10|68:2 6|31:4 7|84:4 5|15:4 3|24:2 5|17:8 6|96:1 5|39:8 5|72:8 8|47:7 2|69:10 7|57:2 7|80:5 3|14:9 5|73:9 3|4:2 9|84:7 8|70:5 1|21:9 9|42:1 2|58:4 9|30:7 3|34:3 5|45:2 1|80:6 1|52:6 9</relation>
    <relation name="R14" arity="2" nbTuples="100" semantics="soft" defaultCost="infinity">79:3 4|16:5 4|9:2 7|65:5 2|94:9 10|93:8 1|30:2 4|43:10 1|74:4 8|85:5 6|68:7 4|93:10 6|96:5 7|12:2 3|47:2 9|43:4 10|81:6 4|47:2 10|77:10 2|37:2 2|36:9 6|20:1 1|39:8 7|48:8 5|39:4 1|47:3 7|38:8 8|53:7 2|73:8 9|68:5 3|52:7 10|46:10 10|59:4 4|5:5 8|67:2 5|6:6 7|48:3 2|94:3 9|58:1 4|74:5 1|6:2 6|33:7 3|17:10 4|92:6 3|81:1 7|34:10 9|63:9 2|53:9 8|12:1 5|37:10 7|3:8 4|0:10 3|25:7 5|52:6 10|13:8 10|10:1 2|35:1 10|64:9 4|84:5 5|74:3 3|15:9 3|76:7 6|39:5 9|76:3 5|50:3 1|15:7 9|34:6 9|79:4 7|38:2 1|81:1 9|28:10 5|8:4 5|54:5 10|34:4 9|4:4 6|6:3 10|53:9 5|36:6 1|69:6 5|22:9 9|55:6 6|72:8 2|63:4 2|34:7 8|29:10 8|73:6 2|14:4 3|52:2 8|75:1 8|61:8 6|75:3 6|65:7 1|73:1 6|53:9 1|68:1 3|68:6 8|48:8 3|46:7 7|79:3 8|38:9 7</relation>
    <relation name="R15" arity="2" nbTuples="100" semantics="soft" defaultCost="infinity">38:2 10|98:9 3|89:1 8|63:8 7|75:9 7|62:10 10|97:7 10|65:3 7|62:6 5|0:3 1|25:2 2|55:3 3|10:7 7|87:6 9|53:9 5|54:4 10|67:1 10|74:4 1|78:3 4|14:9 6|69:1 6|14:2 3|52:2 6|64:6 8|70:10 2|61:5 8|4:3 6|87:5 2|67:7 3|90:6 3|23:10 8|86:5 6|42:7 9|82:5 4|92:9 4|95:6 7|21:9 1|92:4 9|1:2 8|14:1 7|29:8 6|53:4 8|7:4 5|34:6 2|4:9 2|57:5 9|5:4 6|74:6 1|23:2 5|23:1 2|20:9 10|73:7 4|40:7 8|0:3 9|90:10 4|46:1 5|72:10 5|84:6 4|37:10 3|56:5 10|29:10 1|27:3 5|1:8 2|35:8 1|93:6 6|81:1 4|99:5 3|28:4 4|65:4 2|50:7 5|25:7 2|4:5 5|7:8 5|90:1 9|28:8 9|81:8 10|11:10 7|85:4 3|45:10 9|35:10 6|93:1 1|4:8 4|35:8 8|89:3 8|97:9 8|33:4 7|80:6 10|97:2 9|17:5 7|51:9 9|47:3 10|50:7 6|38:8 3|59:7 1|91:2 4|69:5 1|18:2 1|31:1 3|22:3 2|30:2 7</relation>
    <relation name="R16" arity="2" nbTuples="100" semantics="soft" defaultCost="infinity">68:2 3|62:2 5|26:9 6|75:3 10|88:6 2|77:3 7|58:9 8|3:4 7|78:5 4|43:4 1|84:2 1|46:6 1|50:10 8|65:2 2|19:5 7|0:5 8|72:4 9|14:10 9|51:5 9|76:5 1|59:9 10|63:10 3|96:10 1|81:10 4|24:1 6|84:4 2|92:6 7|83:1 10|63:4 6|18:7 8|92:7 4|69:3 8|30:8 9|0:9 9|28:9 3|2:6 10|63:5 2|84:8 7|9:6 9|78:4 5|40:8 6|69:9 2|88:8 5|60:5 5|26:7 1|4:6 5|66:8 8|26:6 6|3:9 1|29:8 1|83:7 10|42:6 4|46:1 2|81:4 10|9:5 10|65:1 9|88:6 3|83:4 8|87:3 9|72:2 7|82:9 7|81:3 5|72:6 8|88:1 4|83:5 6|78:9 4|91:2 9|95:1 3|81:1 8|86:2 8|54:2 10|6:8 2|65:7 7|75:10 5|69:3 2|19:4 4|88:8 3|88:10 2|70:7 9|66:8 4|14:7 6|85:3 4|64:2 6|1:10 10|67:8 10|11:5 3|77:9 5|10:7 3|50:3 6|51:3 1|94:7 2|1:7 5|8:10 6|68:1 5|88:1 1|81:4 3|79:2 4|67:3 3|2:1 7|25:10 7</relation>
    <relation name="R17" arity="2" nbTuples="100" semantics="soft" defaultCost="infinity">19:8 5|82:10 3|39:5 7|17:9 4|44:5 4|57:5 3|15:3 5|57:3 3|54:1 7|9:9 8|84:5 6|1:5 8|67:1 9|38:5 1|6:6 5|20:9 3|90:6 7|28:7 2|88:10 7|79:10 8|0:5 9|89:8 7|99:2 6|64:4 4|3:1 8|75:3 1|43:9 1|32:7 7|71:9 9|48:7 9|5:1 5|42:10 5|7:2 9|13:3 6|13:4 10|16:8 1|10:2 4|97:5 10|59:4 8|86:6 1|52:2 3|33:1 10|80:5 5|39:7 3|64:1 4|84:9 2|39:9 10|81:8 8|69:3 10|30:7 6|74:3 9|47:8 6|10:10 10|31:5 2|80:8 9|56:7 8|20:7 5|26:9 7|98:2 10|50:10 1|73:8 4|51:6 2|20:6 8|98:3 4|48:4 3|91:4 2|3:1 2|24:10 9|13:2 5|72:1 6|54:10 4|45:6 4|40:10 6|76:4 1|99:8 3|2:3 2|34:7 1|13:2 1|84:7 4|71:6 3|25:2 2|87:4 7|24:2 8|83:9 6|58:7 10|55:2 7|61:4 9|76:3 7|55:1 1|96:4 5|9:8 2|85:6 6|92:10 2|61:4 6|71:9 5|38:6 10|83:6 9|40:8 10|13:1 3|80:3 8</relation>
    <relation name="R18" arity="2" nbTuples="100" semantics="soft" defaultCost="infinity">65:10 10|60:3 6|8:8 10|26:7 8|49:5 5|1:8 7|28:3 8|89:2 1|28:4 8|33:6 9|79:5 6|20:3 7|77:2 9|71:5 8|13:9 8|54:4 1|30:2 8|1:1 10|57:8 9|57:4 5|9:4 3|27:8 6|60:10 6|85:2 5|84:3 4|87:1 8|26:5 2|22:7 6|82:3 1|85:8 3|29:4 4|60:2 4|61:4 9|34:8 4|47:7 7|38:10 4|15:1 2|94:7 2|1:6 10|21:10 1|47:3 3|91:2 3|92:6 6|31:4 6|7:1 7|66:2 6|65:10 3|55:6 3|17:10 8|67:9 10|74:10 2|53:6 7|36:2 7|38:1 5|15:8 2|12:8 8|2:1 9|10:5 9|4:9 3|42:3 5|93:9 7|6:9 5|19:6 5|16:1 3|88:9 4|64:5 3|52:8 5|0:4 2|65:7 4|35:10 7|55:6 2|51:9 2|65:5 1|43:10 5|14:6 1|57:5 4|17:9 1|97:4 7|50:6 4|50:4 10|92:6 8|73:5 7|40:2 10|77:1 4|68:3 10|78:7 5|73:9 9|70:7 3|52:7 1|34:7 9|51:5 10|29:3 9|49:8 1|8:1 1|31:2 2|90:1 6|91:3 2|67:10 9|23:9 6|20:7 10</relation>
    <relation name="R19" arity="2" nbTuples="100" semantics="soft" defaultCost="infinity">58:6 2|29:2 2|30:1 1|56:1 7|69:10 9|35:5 5|1:4 3|91:2 7|29:4 9|31:5 3|80:10 10|97:4 10|70:4 7|57:9 7|7:9 10|28:7 2|0:6 9|13:7 4|86:8 6|92:1 2|11:7 7|12:5 6|32:10 7|75:2 4|89:9 9|1:9 8|71:3 3|5:8 3|95:3 6|16:1 5|57:1 4|20:1 9|56:10 6|62:1 6|85:6 6|38:3 8|91:6 3|91:8 10|34:5 7|13:3 10|85:7 5|22:9 5|98:6 8|61:8 5|20:10 5|83:3 9|0:3 1|65:5 4|77:3 5|96:7 6|18:4 6|8:6 4|99:8 1|55:5 2|83:9 3|89:8 2|16:4 8|57:2 10|14:7 10|67:2 6|22:5 8|34:10 1|40:9 6|98:3 4|27:9 1|70:1 3|21:7 8|68:8 8|68:5 9|13:6 5|35:4 1|0:4 2|35:8 4|28:5 10|9:10 3|69:8 7|53:2 5|13:2 1|45:4 5|28:6 7|20:3 2|62:1 8|90:2 9|33:9 4|36:5 1|89:7 1|34:9 2|65:10 8|74:2 8|53:3 7|36:7 9|71:6 10|76:10 2|55:6 1|63:8 9|53:2 3|13:1 10|49:4 4|9:7 3|67:10 4</relation>
    <relation name="R20" arity="2" nbTuples="100" semantics="soft" defaultCost="infinity">79:4 4|22:1 10|36:4 5|91:3 2|57:2 3|16:6 10|26:5 5|46:1 8|78:8 1|21:7 5|35:6 8|23:8 5|71:1 3|70:3 6|70:5 3|88:9 1|63:4 10|72:2 9|77:7 6|70:6 2|74:5 10|52:10 6|67:4 7|65:10 8|3:7 4|72:9 8|18:5 7|69:10 10|59:1 1|0:4 9|81:1 7|23:5 6|91:8 2|0:6 3|15:9 7|52:1 4|84:1 5|32:9 4|21:9 10|66:10 1|38:8 6|44:5 1|87:8 10|51:2 7|40:7 10|3:8 3|11:2 8|25:2 4|86:9 9|52:1 9|0:10 5|45:7 3|95:3 1|15:3 5|56:6 9|98:3 4|26:9 5|20:5 2|66:7 8|40:10 4|61:3 8|84:9 3|52:4 1|93:7 2|44:2 6|82:4 3|50:4 6|25:8 7|94:3 3|27:1 2|12:9 2|79:10 2|0:2 2|41:10 7|39:9 6|1:3 10|80:8 4|87:6 5|81:2 5|8:2 1|71:7 7|23:2 10|15:4 2|41:6 7|62:6 4|66:5 8|38:1 6|8:5 9|96:3 9|79:10 9|59:7 9|32:4 8|29:6 1|48:7 1|16:8 8|56:6 6|64:8 9|7:5 4|49:10 3|59:3 7</relation>
    <relation name="R21" arity="2" nbTuples="100" semantics="soft" defaultCost="infinity">87:5 3|28:4 1|15:2 1|70:3 2|60:10 8|83:7 9|41:5 6|82:6 1|97:8 5|92:1 7|98:5 2|48:7 1|67:2 10|64:8 6|17:2 8|88:4 4|15:5 5|92:6 7|83:4 2|0:10 6|66:7 3|0:10 10|91:10 1|42:2 9|21:9 8|86:3 6|84:3 10|89:1 1|45:7 5|51:6 2|53:3 9|87:7 6|3:1 3|41:9 1|12:4 5|39:8 2|96:1 9|33:2 2|43:1 6|44:3 8|22:6 10|59:7 7|39:8 10|24:7 2|1:4 6|85:4 10|21:6 3|10:8 1|86:2 7|43:1 4|79:9 4|19:6 9|87:2 3|85:6 6|4:3 4|44:4 8|84:2 4|2:9 10|92:7 4|82:3 1|83:4 3|50:10 7|11:4 7|44:5 4|37:10 9|1:7 10|55:8 9|85:2 6|46:10 4|98:6 5|69:10 3|35:1 5|84:8 7|60:9 9|20:10 5|64:1 8|99:9 2|8:6 8|12:9 5|31:2 5|74:8 8|64:7 8|34:10 2|39:5 9|5:3 7|76:9 3|63:9 6|7:1 10|41:6 4|93:4 9|12:1 2|12:5 1|98:5 8|56:3 5|96:5 10|10:8 3|11:5 7|51:3 3|6:8 4|2:9 7</relation>
    <relation name="R22" arity="2" nbTuples="100" semantics="soft" defaultCost="infinity">40:1 10|40:8 8|36:4 10|32:5 1|91:7 10|13:1 5|68:6 7|15:5 9|86:10 1|9:6 10|97:6 3|97:10 3|69:2 1|12:4 8|36:3 6|5:9 9|71:9 2|38:10 6|54:1 4|40:4 1|69:9 6|77:9 7|52:1 1|15:8 10|29:5 6|46:5 10|13:5 2|79:6 5|81:8 4|21:3 3|77:10 2|66:4 7|0:9 3|4:6 9|10:4 2|73:1 6|33:4 3|64:1 3|30:10 10|37:9 10|85:2 6|77:10 8|57:5 8|80:10 9|8:10 4|92:2 4|97:4 4|67:4 9|40:7 6|45:9 8|10:5 5|59:5 3|90:3 1|92:7 9|6:6 2|6:2 3|42:6 1|13:8 6|4:2 2|61:1 7|51:3 2|37:2 9|66:1 2|89:5 7|18:2 7|96:2 10|28:7 2|75:8 5|6:1 9|31:6 4|84:9 5|9:3 10|51:8 3|97:7 4|66:3 9|52:4 6|65:8 9|40:6 6|15:9 1|55:3 8|7:7 7|54:10 5|27:2 5|12:7 3|54:3 4|30:1 8|69:7 5|27:6 8|77:2 8|58:3 5|95:10 7|24:4 5|84:7 1|84:7 8|48:5 4|93:8 1|75:8 2|52:3 7|31:9 4|31:8 7</relation>
    <relation name="R23" arity="2" nbTuples="100" semantics="soft" defaultCost="infinity">91:7 4|32:3 4|76:3 3|58:3 1|91:9 10|64:7 2|15:2 10|48:7 6|61:8 1|58:10 10|12:3 5|62:1 4|90:8 3|99:1 10|37:4 9|65:2 1|49:6 10|25:6 1|77:5 3|13:1 2|69:7 9|55:1 9|78:8 7|80:5 7|42:4 3|62:2 9|36:10 3|3:3 10|36:7 10|57:7 5|24:10 9|14:8 5|42:9 3|29:1 7|21:1 1|16:4 6|16:2 5|61:5 8|42:2 6|8:4 7|45:6 3|2:7 1|6:9 1|29:3 2|81:8 2|68:7 8|66:3 6|30:4 4|27:9 8|51:5 5|50:10 5|2:9 4|55:1 8|63:7 3|92:8 8|40:3 7|53:2 7|4:8 9|34:1 3|40:9 9|96:5 9|78:6 5|67:6 2|8:2 8|47:4 5|93:5 1|75:10 7|35:1 5|7:3 8|49:2 4|34:2 2|69:6 4|38:4 10|79:10 4|52:8 10|76:10 1|89:3 9|37:2 3|88:10 8|52:4 2|91:8 4|25:1 6|51:8 6|75:9 7|87:4 1|31:7 7|77:9 2|18:10 2|61:4 8|82:10 6|48:6 9|90:5 2|97:6 8|58:5 6|19:5 10|63:5 4|38:6 6|80:9 5|36:9 6|23:6 7</relation>
    <relation name="R24" arity="2" nbTuples="100" semantics="soft" defaultCost="infinity">50:2 1|62:3 4|22:5 8|90:5 9|15:8 4|68:10 1|29:6 2|4:3 7|20:9 1|77:6 3|72:9 6|12:1 8|12:2 7|46:2 10|92:6 1|71:1 4|48:3 1|80:1 5|50:6 5|8:1 10|72:10 5|3:5 6|36:8 3|19:7 7|76:9 3|17:3 6|62:4 5|37:4 2|17:2 6|66:7 5|23:6 10|8:10 10|35:3 2|43:2 4|71:3 9|24:3 10|55:5 10|88:9 9|67:1 2|51:10 9|44:6 6|19:1 6|82:7 8|86:10 2|27:3 5|80:5 4|17:5 5|87:7 6|97:1 3|49:4 4|68:9 4|20:1 9|92:9 10|38:5 1|37:8 5|90:8 6|12:7 10|67:4 6|81:10 7|64:9 7|62:3 8|18:4 1|18:2 2|95:4 9|96:9 2|12:3 3|37:5 7|42:8 7|85:8 2|1:7 1|83:5 3|73:9 8|35:7 4|98:4 3|94:6 4|99:10 6|17:5 2|19:2 3|31:2 5|73:2 9|9:4 10|19:8 10|15:10 4|14:2 8|73:8 1|1:1 1|55:7 2|19:7 3|83:4 7|82:6 7|78:10 3|63:6 9|78:6 8|79:10 8|11:1 7|25:9 5|28:7 9|14:4 8|1:8 9|14:8 8</relation>
    <relation name="R25" arity="2" nbTuples="100" semantics="soft" defaultCost="infinity">25:9 7|29:7 1|27:2 1|15:2 4|76:4 1|36:3 8|46:6 1|19:7 6|49:10 6|15:1 4|71:8 6|48:3 7|27:8 8|40:4 4|24:2 8|97:7 9|27:10 4|73:5 2|76:1 7|39:4 9|44:7 2|86:3 1|17:4 7|37:2 2|71:5 5|41:7 7|24:2 10|34:5 1|57:8 3|88:3 5|91:1 10|19:3 9|64:9 4|31:6 10|9:8 10|33:1 1|9:4 10|7:6 8|61:6 3|66:10 7|60:1 2|46:6 7|83:7 3|41:2 3|78:1 6|97:9 5|69:6 2|29:1 9|77:6 6|73:10 8|27:3 2|69:3 10|71:8 4|25:3 6|23:8 5|34:8 9|26:5 9|23:3 4|61:9 3|58:7 5|69:6 4|2:2 9|99:4 3|3:9 8|70:5 7|56:8 2|45:2 6|82:10 10|5:9 2|97:9 6|5:9 9|4:4 5|83:10 3|18:4 2|20:8 7|96:5 6|43:7 4|27:1 5|44:7 10|82:7 8|90:6 5|81:4 6|63:1 3|73:10 5|68:10 9|32:8 1|97:10 2|93:5 3|61:9 1|89:6 9|58:3 3|89:9 10|96:4 8|28:1 8|96:5 4|9:2 7|78:2 5|70:5 8|98:10 1|57:5 10</relation>
    <relation name="R26" arity="2" nbTuples="100" semantics="soft" defaultCost="infinity">2:6 2|27:5 8|60:6 1|10:1 6|32:2 7|1:5 10|81:6 3|35:1 9|62:8 9|54:9 8|42:6 7|61:7 1|79:4 2|61:7 2|23:7 9|8:1 5|12:10 1|70:9 6|88:7 10|93:8 3|41:2 8|97:10 7|82:1 1|18:1 8|28:3 8|83:3 10|73:7 8|39:5 9|59:6 4|9:9 2|89:10 10|76:7 6|71:4 8|97:6 10|63:10 2|11:3 4|89:5 7|2:9 7|59:1 10|8:3 3|10:4 10|61:5 4|50:7 7|57:9 3|92:8 2|92:9 9|58:2 4|73:8 10|31:4 6|80:2 1|3:1 4|51:5 6|83:4 4|88:2 10|13:1 2|58:2 3|27:3 6|17:5 1|72:3 2|19:4 9|77:8 7|41:3 7|67:4 7|20:9 5|2:3 9|66:1 3|86:10 5|97:2 5|80:8 6|86:10 6|93:4 5|18:2 9|43:10 3|51:8 1|25:3 5|22:9 1|66:8 8|54:6 9|34:6 5|67:2 6|73:8 4|4:6 6|61:4 1|41:7 4|26:5 3|1:7 5|13:6 8|6:8 5|95:9 4|30:10 4|80:5 2|96:7 3|92:9 10|28:1 7|24:10 9|40:5 5|34:3 1|94:10 8|20:4 3|75:2 2</relation>
    <relation name="R27" arity="2" nbTuples="100" semantics="soft" defaultCost="infinity">12:3 5|77:8 4|64:10 2|43:7 5|70:2 4|6:8 9|39:1 2|5:7 10|43:5 2|62:2 8|78:4 1|30:1 10|91:10 7|71:3 8|69:9 5|44:8 3|2:1 6|6:10 8|67:9 7|95:3 3|55:2 9|11:1 1|98:1 3|66:6 8|24:3 4|80:9 3|89:2 10|69:3 9|92:5 3|94:4 7|28:6 7|82:1 9|93:3 7|58:10 3|43:4 10|95:4 6|97:4 5|12:7 8|89:7 9|84:8 1|16:7 1|95:6 2|83:9 4|15:5 6|7:4 9|23:3 2|98:10 1|26:6 4|7:4 8|37:9 9|40:10 6|30:5 9|76:1 7|46:8 6|67:6 3|88:9 10|62:3 6|52:2 7|23:6 9|14:7 6|74:9 1|2:7 3|72:10 4|53:2 1|89:6 5|72:2 3|33:6 10|22:7 4|95:5 8|96:10 9|42:5 7|84:5 5|77:8 2|62:4 3|74:7 7|10:5 10|32:1 5|48:6 1|77:3 10|11:6 6|83:2 2|98:5 4|39:1 8|17:2 5|52:2 6|39:9 2|30:1 4|0:9 8|43:3 1|65:8 8|8:8 10|73:10 5|41:8 7|16:8 5|30:4 2|56:7 2|45:10 10|55:5 1|21:9 6|64:4 4</relation>
    <relation name="R28" arity="2" nbTuples="100" semantics="soft" defaultCost="infinity">72:3 7|10:4 6|14:8 9|73:10 7|61:7 4|19:2 8|64:10 10|68:3 6|75:1 1|14:6 3|98:7 2|14:10 2|92:3 8|81:5 4|78:2 5|44:1 4|96:1 9|59:3 1|66:5 3|66:1 5|89:2 4|83:2 7|8:8 5|22:4 4|90:7 7|12:7 5|10:9 7|88:8 3|23:4 10|59:8 10|67:8 6|24:8 2|6:4 5|19:5 2|24:7 3|27:8 1|83:3 9|79:10 5|40:8 7|10:3 5|81:5 6|87:6 4|12:3 2|20:9 3|43:10 8|19:8 8|99:9 2|56:2 10|35:6 1|18:2 9|50:6 2|36:5 1|37:4 7|68:9 6|32:6 6|59:7 9|57:1 8|44:5 5|90:7 6|7:4 1|88:10 1|86:4 3|76:2 6|83:8 4|62:7 1|81:6 10|14:5 8|81:5 7|15:7 8|30:4 8|3:10 9|68:9 4|4:7 10|70:5 9|57:5 10|39:1 10|90:2 1|43:4 2|31:2 3|52:3 10|96:3 3|8:1 2|65:2 2|30:9 10|99:1 3|40:10 3|26:1 6|27:9 9|12:3 4|42:9 8|1:4 9|18:6 9|22:9 1|71:6 7|43:1 7|45:10 4|63:10 6|26:6 5|78:6 8|31:9 5</relation>
    <relation name="R29" arity="2" nbTuples="100" semantics="soft" defaultCost="infinity">89:5 5|54:8 1|61:7 4|6:5 9|29:6 10|81:5 10|68:3 3|9:3 2|66:4 9|91:6 1|65:10 7|44:2 7|89:5 7|96:10 8|70:2 2|7:9 3|62:1 8|33:6 2|39:8 3|70:3 1|62:2 9|63:6 9|18:3 7|68:8 2|32:1 2|43:7 9|84:3 10|73:6 8|54:1 7|13:2 1|62:5 1|22:5 4|98:2 3|83:7 5|79:4 6|58:10 10|64:5 3|88:3 4|63:6 7|17:8 6|48:8 9|23:1 10|95:3 6|10:6 3|42:9 5|11:4 5|25:3 8|54:5 8|47:8 7|62:10 3|10:8 10|63:2 4|95:7 6|20:4 3|59:7 7|51:5 2|42:9 8|3:9 10|87:4 1|53:1 4|32:4 7|19:1 6|57:10 5|12:7 8|23:9 2|68:7 2|91:8 8|49:4 8|86:9 1|60:4 4|87:6 6|23:9 7|10:2 10|88:9 4|87:2 8|46:2 6|58:4 10|75:10 9|74:8 5|27:1 3|44:1 1|0:10 1|35:10 6|31:1 9|86:2 5|51:10 4|87:7 1|29:6 5|23:5 6|12:10 2|35:4 2|83:8 4|58:3 9|17:1 5|37:9 6|45:6 4|20:9 9|42:3 5|29:7 10|26:7 3</relation>
    <relation name="R30" arity="2" nbTuples="100" semantics="soft" defaultCost="infinity">53:9 7|42:4 9|98:4 10|62:6 2|88:1 4|50:8 10|71:3 6|29:10 3|89:2 2|7:1 5|81:4 6|7:8 8|75:5 3|93:5 6|32:7 8|57:8 1|9:4 1|47:1 2|40:6 1|39:7 6|0:9 10|1:8 9|95:5 8|63:9 9|67:9 8|21:10 4|12:4 8|2:5 4|84:10 1|73:6 9|53:2 3|73:7 10|49:7 5|1:7 7|65:9 5|69:2 10|72:3 4|11:3 8|82:1 9|72:3 2|57:7 4|90:6 4|88:2 7|37:2 6|59:6 8|5:6 7|32:7 2|75:4 2|31:1 6|54:2 9|18:1 10|30:1 1|31:7 3|96:3 3|10:1 3|12:10 9|95:8 6|54:8 2|38:3 9|69:3 7|59:9 3|47:10 7|73:2 4|39:6 5|47:2 1|52:4 7|73:10 6|70:1 8|97:6 3|27:8 3|26:10 8|32:8 4|95:1 7|43:9 4|0:3 1|61:6 10|81:2 8|49:5 2|40:8 5|71:10 2|30:7 9|56:2 5|35:10 10|31:4 3|20:9 6|9:5 1|65:5 10|94:4 5|98:10 5|8:7 1|43:3 10|65:5 5|17:5 9|4:6 6|93:9 1|1:3 5|20:5 7|78:9 2|65:4 4|71:8 7</relation>
    <relation name="R31" arity="2" nbTuples="100" semantics="soft" defaultCost="infinity">95:1 10|7:9 6|71:3 8|4:7 2|64:5 5|23:1 4|52:10 6|2:2 6|80:7 10|93:3 1|21:8 9|41:3 5|29:9 9|53:9 5|39:3 10|56:1 1|73:5 3|71:3 3|52:10 3|22:10 10|70:2 7|79:9 1|52:7 3|88:10 2|69:4 8|19:1 9|99:3 2|71:6 4|29:4 1|41:5 6|46:5 8|85:5 4|70:2 1|15:5 9|40:8 8|42:10 8|28:4 9|9:8 5|34:10 7|33:2 8|3:9 4|63:4 7|57:4 10|78:2 4|11:2 5|45:3 4|38:6 9|95:4 2|19:4 6|56:4 5|65:5 1|97:2 9|3:6 1|27:9 8|5:8 2|81:2 10|47:6 8|88:7 5|11:7 1|53:2 3|23:1 7|95:4 4|0:5 10|22:4 3|91:7 9|24:8 6|53:3 7|66:9 10|74:3 9|82:6 5|54:8 3|69:1 2|29:8 4|92:6 7|61:1 8|49:6 6|31:7 4|52:6 10|22:9 2|51:8 1|11:10 4|64:7 6|74:1 6|17:9 3|99:6 2|26:7 8|78:1 5|64:7 7|73:1 3|97:9 7|31:10 9|49:8 10|57:5 7|20:3 6|69:2 2|2:6 3|15:10 5|32:8 7|90:5 2|83:10 1</relation>
    <relation name="R32" arity="2" nbTuples="100" semantics="soft" defaultCost="infinity">83:10 2|24:1 2|15:4 3|45:1 3|17:5 6|17:6 7|85:5 1|43:3 8|62:6 8|3:1 9|76:4 7|80:2 2|44:7 3|22:10 1|49:9 2|92:7 8|65:3 3|91:2 9|49:6 9|49:6 6|26:9 4|66:7 10|21:9 1|93:5 9|62:5 3|19:3 10|38:10 4|12:8 7|50:4 4|55:7 6|68:2 1|28:8 8|64:10 9|93:1 5|16:8 10|79:9 8|74:4 10|91:9 5|31:8 5|45:6 5|11:3 7|35:1 7|2:3 2|88:6 1|90:5 4|85:3 5|7:5 7|77:6 3|39:3 9|17:9 6|48:4 6|53:6 4|27:10 6|23:7 2|32:2 4|87:4 1|72:5 8|93:1 6|95:2 5|47:2 6|16:5 10|28:10 3|30:9 3|78:1 10|40:5 2|25:2 7|77:7 4|62:7 7|35:2 8|31:10 5|2:6 10|56:1 4|58:7 1|79:1 8|10:2 3|17:10 8|35:4 8|14:5 5|93:7 9|32:4 2|68:8 3|87:10 10|43:2 10|39:9 7|62:8 9|28:8 4|59:9 9|51:8 1|25:6 2|43:9 10|24:3 4|15:1 1|48:4 9|82:7 5|76:4 5|65:8 2|62:8 6|25:3 1|99:10 7|62:3 6</relation>
    <relation name="R33" arity="2" nbTuples="100" semantics="soft" defaultCost="infinity">99:6 8|41:1 1|58:8 7|58:4 7|42:9 6|65:6 9|58:2 8|18:8 3|67:6 3|10:9 9|12:1 2|12:9 1|53:5 7|55:2 2|63:5 5|19:3 9|22:10 3|74:2 9|17:10 5|7:3 1|31:1 4|57:2 7|19:10 2|6:9 10|51:7 9|77:8 2|75:4 9|82:10 6|80:3 2|13:6 6|16:2 6|57:1 9|56:2 10|83:7 8|93:7 3|68:5 3|65:8 10|15:6 7|77:6 5|92:4 5|48:10 9|25:5 10|15:4 6|16:10 8|9:6 4|51:5 2|7:2 4|28:3 4|24:9 8|43:1 8|7:2 5|34:5 8|82:1 5|61:8 9|51:10 4|80:7 5|97:8 4|11:9 5|32:4 3|99:10 1|15:1 7|27:4 8|88:8 8|58:6 2|84:9 3|64:4 1|52:9 4|16:9 7|54:4 4|73:3 6|53:4 2|97:5 6|20:5 4|39:6 10|67:2 1|41:1 3|63:8 6|18:7 4|24:8 5|31:3 8|94:7 10|37:9 2|89:7 2|55:7 7|55:10 7|69:6 1|15:1 6|80:1 10|63:2 3|38:7 6|3:5 1|54:4 10|25:5 9|69:3 10|58:10 10|84:7 1|23:3 7|30:8 1|49:3 5|62:3 3</relation>
    <relation name="R34" arity="2" nbTuples="100" semantics="soft" defaultCost="infinity">88:5 6|46:10 10|59:2 10|22:4 10|0:7 10|13:7 3|69:5 10|33:3 4|84:5 7|78:8 6|27:3 5|9:7 5|86:5 4|68:2 2|28:9 4|41:1 6|51:9 2|32:5 3|18:1 1|79:3 6|33:10 2|65:7 4|12:10 4|32:8 1|71:2 4|9:2 9|90:3 2|84:4 9|85:9 7|48:9 5|53:2 1|89:2 3|19:10 3|6:4 8|65:1 10|34:5 8|43:7 1|15:1 5|43:1 8|6:7 6|62:8 3|49:3 8|7:3 3|92:1 9|61:3 9|52:7 7|8:9 10|49:6 1|85:6 10|7:9 1|89:7 2|44:10 9|4:8 8|5:2 7|11:8 4|98:8 7|60:10 5|48:6 9|53:6 3|24:5 9|41:6 2|74:8 9|42:6 5|83:4 2|20:6 4|7:10 1|16:6 7|11:2 6|44:3 1|88:8 5|48:10 7|38:9 6|49:8 2|76:6 8|54:9 8|4:2 5|61:10 6|2:10 8|32:9 9|62:4 4|8:8 10|68:4 6|79:1 3|92:4 3|26:9 3|99:1 2|55:4 5|94:3 7|89:5 1|89:1 4|52:2 8|8:6 6|13:4 1|65:1 7|4:5 2|7:7 9|46:3 10|72:7 8|26:5 5|56:4 7</relation>
    <relation name="R35" arity="2" nbTuples="100" semantics="soft" defaultCost="infinity">95:1 2|39:8 7|20:10 7|2:2 6|78:8 10|33:1 9|59:1 4|59:9 7|32:3 9|0:6 10|61:3 1|34:7 10|56:2 4|86:10 1|15:7 6|69:1 7|91:8 9|96:3 4|67:9 6|92:3 7|55:1 10|67:3 2|4:2 9|68:1 6|53:1 1|77:10 5|54:4 5|72:4 4|84:3 3|11:7 8|8:5 4|49:1 5|78:3 6|59:4 9|92:6 1|56:4 2|55:7 5|21:4 1|10:2 3|44:4 8|54:10 6|87:3 10|79:2 1|93:9 2|49:5 1|86:9 4|5:6 5|57:1 3|27:9 9|40:8 5|61:9 10|28:5 6|55:2 7|34:4 10|43:10 3|53:5 10|47:7 4|9:6 8|85:6 7|25:6 9|63:10 8|18:8 6|82:7 2|89:5 7|49:5 9|20:9 5|23:2 8|48:5 3|9:5 8|6:6 4|85:8 2|12:10 4|16:10 2|75:2 5|55:8 3|36:7 7|35:5 2|44:3 8|74:4 6|29:8 1|22:10 10|98:4 3|21:3 5|22:6 3|19:8 4|70:6 6|40:7 9|6:7 1|94:9 1|6:4 7|99:9 3|18:5 5|7:2 2|99:1 8|98:6 2|33:2 10|69:8 8|26:10 9|28:9 8|33:7 3</relation>
    <relation name="R36" arity="2" nbTuples="100" semantics="soft" defaultCost="infinity">41:9 6|16:8 8|66:10 8|77:6 3|24:3 2|15:9 2|35:6 10|67:5 1|92:5 8|19:9 9|74:10 7|1:3 9|44:8 5|87:5 2|32:6 2|66:7 3|45:4 7|4:4 1|72:1 1|36:4 9|25:6 1|4:7 7|52:4 2|25:4 10|82:10 2|64:3 8|65:3 10|58:1 2|73:8 1|10:2 1|19:10 1|18:6 9|8:2 2|31:5 9|53:2 5|59:1 4|73:10 10|46:1 9|53:8 2|21:7 9|85:4 5|78:2 10|9:4 3|44:1 5|70:6 5|32:9 8|19:7 1|94:3 5|56:2 4|70:3 1|97:3 4|54:10 3|93:2 8|32:10 4|25:2 7|78:1 6|36:10 9|18:7 6|70:4 4|13:9 10|97:6 7|84:5 6|36:1 3|17:1 7|59:9 7|56:8 7|52:4 8|45:1 8|0:9 4|95:2 9|73:7 2|12:7 10|48:9 3|11:10 5|88:7 4|32:6 6|33:5 5|42:8 10|44:1 10|75:7 5|72:9 1|62:4 6|58:5 3|45:6 4|18:6 8|38:10 6|1:8 3|19:3 6|11:9 5|54:8 6|66:3 3|28:2 3|78:7 8|63:5 10|5:8 9|32:8 4|75:5 7|7:5 4|30:2 6|48:3 7</relation>
    <relation name="R37" arity="2" nbTuples="100" semantics="soft" defaultCost="infinity">63:7 6|15:4 1|60:7 10|43:8 7|58:5 2|29:7 1|71:9 4|12:8 4|68:2 2|21:5 4|35:4 9|81:10 6|43:3 2|42:2 7|55:3 3|39:2 5|58:6 7|96:1 6|43:3 10|80:8 6|98:9 6|9:4 8|71:5 7|61:2 6|35:9 5|88:10 8|83:6 4|79:10 5|40:9 7|44:6 2|76:3 8|57:9 9|18:10 3|61:6 1|17:10 9|22:10 7|57:8 5|46:2 9|15:6 8|69:1 10|14:8 8|49:5 3|47:2 1|52:10 2|17:2 4|51:2 3|36:1 8|79:1 2|5:1 7|96:8 1|46:6 10|91:2 8|54:1 3|26:5 8|39:9 10|68:3 4|81:8 2|19:9 2|4:4 7|76:7 5|4:4 10|57:7 3|97:1 4|39:6 5|1:3 6|77:1 9|48:9 8|89:7 9|15:4 3|36:10 4|86:7 8|25:10 10|93:2 10|3:7 2|70:3 1|17:4 6|4:1 1|84:7 7|51:8 3|51:5 9|92:7 4|38:6 9|74:4 4|93:5 5|27:4 2|1:10 1|77:5 6|17:3 5|88:6 3|27:1 5|0:3 9|9:9 1|93:6 6|43:8 9|3:5 10|80:3 7|9:8 10|61:9 3|82:4 5|59:5 1</relation>
    <relation name="R38" arity="2" nbTuples="100" semantics="soft" defaultCost="infinity">89:6 1|13:1 7|17:3 1|5:4 5|95:10 3|45:2 2|41:2 10|68:8 7|44:3 9|83:4 6|84:5 3|51:7 6|46:10 7|37:9 9|61:6 3|41:6 7|50:4 4|96:6 9|95:3 4|10:10 4|92:5 7|4:10 6|34:5 10|88:5 8|83:4 1|63:9 8|50:1 10|80:10 10|23:7 7|23:4 2|64:10 9|39:5 2|65:6 6|81:7 1|86:2 9|11:5 5|3:1 2|42:7 3|0:3 8|77:2 7|86:3 5|58:6 10|14:9 5|82:7 2|42:9 6|97:8 9|70:8 3|12:1 4|22:4 8|12:8 1|61:5 9|52:4 7|17:4 9|83:8 8|66:9 7|55:9 1|61:1 3|90:9 3|41:10 1|99:3 2|76:4 3|29:10 5|19:1 1|25:2 3|84:3 10|2:8 6|92:1 6|10:8 2|46:6 5|67:2 5|11:8 4|31:3 3|28:8 5|58:6 4|89:8 10|95:3 6|72:2 4|70:9 2|39:6 8|69:5 4|75:5 6|1:1 8|39:9 4|40:1 5|89:2 1|33:4 10|4:3 7|21:7 4|94:7 9|5:1 9|4:7 5|73:9 10|56:6 2|19:7 8|91:5 1|9:2 6|45:10 8|26:2 8|86:7 10|87:10 2</relation>
    <relation name="R39" arity="2" nbTuples="100" semantics="soft" defaultCost="infinity">64:6 8|87:3 3|26:5 3|74:6 3|31:10 10|39:8 3|50:7 1|4:6 9|85:6 7|26:2 4|80:1 9|51:5 8|24:1 4|23:2 10|92:1 3|40:1 10|96:7 2|27:4 8|0:3 10|91:10 9|51:3 5|89:5 5|38:4 10|13:9 1|71:1 1|65:4 7|59:2 9|64:1 6|72:6 4|51:8 1|80:5 4|40:3 1|72:8 2|95:3 2|33:7 6|66:4 4|57:7 8|64:5 7|70:10 3|78:9 2|44:10 1|46:9 3|84:8 7|82:6 1|93:10 6|54:5 10|86:10 5|82:8 4|35:7 5|62:9 9|6:4 3|7:10 2|98:6 2|87:1 8|52:1 2|10:3 9|32:4 5|65:7 10|3:1 5|15:4 2|91:7 9|59:5 6|88:9 7|24:2 2|74:8 9|29:2 8|20:9 8|54:8 10|29:8 8|75:10 4|86:7 3|12:4 1|56:10 8|37:3 6|72:5 2|21:5 9|24:8 5|67:10 7|64:9 6|64:2 5|59:5 1|40:2 3|29:6 10|99:7 7|83:2 6|16:9 5|81:2 7|86:3 8|63:6 6|4:9 4|46:1 7|27:3 4|87:2 1|73:7 4|43:3 7|57:8 6|26:9 10|18:4 9|22:6 5|15:4 6</relation>
    <relation name="R40" arity="2" nbTuples="100" semantics="soft" defaultCost="infinity">25:4 2|23:1 3|53:3 3|9:7 1|5:9 9|25:10 10|41:9 6|90:2 2|50:2 7|61:1 9|21:9 5|73:5 4|71:10 1|99:4 4|92:7 9|24:8 3|70:9 8|45:8 5|46:1 6|10:6 5|23:9 2|79:2 3|3:8 2|43:5 1|62:9 7|74:4 5|5:5 8|14:2 10|51:6 4|34:8 7|43:9 3|8:2 6|3:3 9|89:10 4|6:10 6|28:1 2|38:7 8|11:2 5|64:5 9|58:6 7|85:8 1|82:5 10|73:10 2|77:9 4|94:1 8|18:6 2|52:5 7|11:6 9|96:4 1|8:10 8|40:3 2|78:3 7|78:10 7|47:9 10|45:3 5|46:2 4|93:7 6|19:5 3|29:7 5|35:7 10|96:6 10|19:8 10|53:6 1|82:1 1|65:4 7|72:3 10|24:5 5|77:8 9|83:3 1|3:4 8|60:2 1|9:6 8|63:7 4|52:7 7|14:4 6|32:8 6|29:9 1|85:10 3|52:5 2|61:1 4|62:8 4|79:7 3|30:3 4|20:3 6|33:5 6|89:10 5|76:6 6|60:7 2|63:3 8|98:4 9|67:2 8|40:4 3|33:10 9|57:1 7|1:8 8|19:1 10|50:6 3|96:1 5|11:2 9|1:4 10</relation>
    <relation name="R41" arity="2" nbTuples="100" semantics="soft" defaultCost="infinity">70:1 8|35:2 5|72:2 3|13:4 4|4:6 9|56:9 6|33:3 10|32:7 4|47:7 5|74:9 3|75:3 6|66:4 5|95:4 6|51:9 5|10:9 1|78:4 7|65:8 4|85:9 10|85:6 2|90:1 10|81:3 5|61:7 2|17:5 10|76:1 9|81:2 8|33:5 1|87:10 8|54:7 3|48:6 8|80:8 2|26:3 1|42:4 3|91:2 6|18:1 1|82:3 3|94:3 4|19:5 2|33:6 1|21:6 5|17:10 6|4:4 10|29:7 10|78:10 5|79:8 3|27:1 6|35:3 8|88:3 9|12:6 10|12:6 4|53:8 1|71:1 2|13:1 3|12:8 5|40:8 7|62:9 4|77:10 3|80:8 8|72:10 7|97:5 7|13:5 8|72:1 4|8:2 4|93:10 1|12:10 10|60:6 3|31:9 9|47:10 4|95:9 2|62:7 8|19:7 9|68:2 7|2:8 10|17:3 7|76:2 2|79:5 6|8:8 6|83:1 7|93:2 10|68:9 8|62:2 9|23:3 2|70:7 6|82:5 5|44:6 7|15:9 7|4:4 2|90:6 6|42:1 5|71:7 7|88:5 3|45:4 1|84:5 4|96:8 9|12:10 9|34:4 9|5:5 9|78:7 1|32:10 2|65:2 1|23:4 8</relation>
    <relation name="R42" arity="2" nbTuples="100" semantics="soft" defaultCost="infinity">40:9 3|26:8 8|45:7 2|53:3 6|34:2 3|65:7 9|51:6 1|98:5 7|93:3 7|57:2 5|42:4 10|90:10 3|74:10 6|4:3 9|45:10 5|58:6 4|56:5 6|27:9 7|95:5 2|0:7 5|12:10 4|22:5 1|49:8 7|43:1 8|12:8 10|25:8 2|48:4 3|10:8 1|64:3 10|92:4 7|68:1 10|0:5 4|68:4 5|59:2 9|73:4 8|93:1 4|11:9 4|94:1 1|73:7 6|76:3 2|73:3 8|78:3 5|71:5 3|6:2 10|9:9 9|41:5 5|86:2 6|1:10 10|75:9 6|58:7 10|95:1 9|18:6 2|43:1 3|90:2 2|14:10 2|73:8 9|43:5 8|71:3 4|37:7 3|40:5 9|81:9 5|37:6 8|34:3 3|8:9 2|38:2 8|11:6 9|33:7 4|14:10 9|55:8 3|90:10 1|0:8 4|15:2 7|15:6 10|94:7 1|93:9 8|40:4 2|91:9 10|78:7 7|10:5 10|5:9 1|96:4 4|95:10 8|55:2 4|41:6 3|88:8 5|89:1 5|66:7 8|40:4 1|49:1 7|73:1 6|74:6 5|60:1 2|3:6 7|65:8 6|25:10 7|25:4 9|74:6 6|98:4 6|82:3 1|92:2 1</relation>
    <relation name="R43" arity="2" nbTuples="100" semantics="soft" defaultCost="infinity">2:10 5|56:4 5|1:1 2|86:1 7|61:8 5|77:7 1|33:7 5|50:1 8|98:5 7|74:1 6|97:6 3|95:6 4|63:10 2|22:3 2|43:3 1|55:9 4|4:2 2|70:3 7|15:10 10|30:7 3|8:6 1|4:5 10|74:5 4|70:4 2|50:10 8|52:9 9|64:10 4|8:7 2|68:9 5|22:8 10|32:5 2|64:7 4|3:10 1|9:5 5|51:8 7|69:2 3|52:8 3|21:3 4|97:1 10|53:4 3|80:6 2|69:8 4|97:4 10|98:4 1|41:9 3|2:7 6|5:2 4|90:9 8|58:7 7|5:8 6|7:6 10|26:7 8|26:8 9|9:6 6|45:1 4|11:5 8|45:4 4|22:2 10|70:10 6|3:6 5|61:8 1|70:9 1|25:8 2|42:10 3|97:2 7|68:3 3|49:9 2|45:6 9|17:2 5|23:3 9|51:10 7|92:4 9|92:2 9|83:9 10|49:9 6|61:2 8|0:2 1|7:3 8|46:8 8|78:4 7|25:6 8|47:7 9|67:5 1|22:1 9|70:4 6|60:1 5|43:5 3|0:3 5|85:2 6|27:6 7|51:10 9|50:3 10|54:5 9|81:7 10|42:3 6|55:5 6|61:9 7|93:1 3|45:4 8|21:1 1</relation>
    <relation name="R44" arity="2" nbTuples="100" semantics="soft" defaultCost="infinity">83:8 9|66:3 2|55:5 8|41:6 7|31:9 3|78:5 3|96:3 5|57:9 4|42:8 6|83:8 10|71:3 4|70:3 3|83:3 6|43:6 6|35:8 7|45:9 5|72:4 9|98:4 5|20:7 1|20:5 10|1:10 8|66:5 1|18:6 3|68:9 1|22:1 1|94:7 9|10:3 9|29:6 10|19:7 4|88:2 3|74:8 3|18:1 10|54:5 2|12:1 3|0:5 9|16:3 8|96:3 1|1:9 6|11:7 5|81:4 1|69:6 4|21:8 4|43:10 9|23:10 7|63:5 4|31:2 5|43:7 2|60:9 9|55:7 8|69:10 2|22:4 8|8:4 6|57:9 2|71:6 8|72:9 10|40:1 6|30:5 5|48:10 1|80:10 4|47:2 4|49:3 10|58:2 7|41:10 5|5:1 2|24:2 2|96:2 10|54:8 8|61:8 2|6:1 4|97:1 7|24:1 9|69:9 8|48:10 10|99:4 4|25:7 10|58:5 7|74:4 2|90:9 7|28:2 1|22:6 2|65:4 10|61:1 8|57:8 1|19:6 5|88:7 7|9:2 8|48:6 9|91:1 5|45:5 6|11:4 7|6:4 3|56:7 6|62:7 3|92:2 6|69:8 5|22:10 6|46:3 7|56:10 3|82:6 1|2:2 9</relation>
    <relation name="R45" arity="2" nbTuples="100" semantics="soft" defaultCost="infinity">54:8 10|89:2 8|23:4 6|49:2 3|92:8 3|39:4 8|9:5 8|64:3 5|14:9 5|16:7 3|97:3 7|46:4 7|86:8 8|81:9 9|75:9 8|39:6 3|99:10 7|71:6 9|58:8 7|7:6 1|26:9 4|57:3 2|83:9 3|86:7 9|86:7 7|53:3 1|0:10 6|51:4 1|43:4 5|51:2 5|7:7 6|97:3 3|58:1 8|0:1 4|70:5 6|72:4 10|39:7 2|24:9 10|93:10 1|45:2 2|89:9 6|60:8 9|44:1 5|61:9 2|85:6 6|80:3 10|51:10 2|86:6 8|83:1 1|33:1 7|49:2 9|17:1 6|59:10 4|71:7 5|54:5 5|20:8 2|60:6 4|55:5 3|95:7 4|9:5 9|32:8 6|46:4 2|54:10 8|37:7 1|30:5 10|28:3 6|78:5 7|58:6 5|14:8 4|61:1 2|6:3 9|28:8 1|23:2 10|64:8 5|83:4 3|95:5 1|20:2 6|38:4 4|77:3 4|74:1 10|94:1 9|98:7 8|25:6 7|65:10 9|79:6 2|96:4 9|66:10 3|92:10 10|78:2 1|81:9 1|15:9 7|34:2 7|92:6 10|64:7 10|14:2 4|11:5 4|16:3 8|0:1 3|3:10 5|17:5 2</relation>
    <relation name="R46" arity="2" nbTuples="100" semantics="soft" defaultCost="infinity">65:2 5|68:7 2|48:9 10|29:3 5|80:9 6|5:6 5|26:8 8|13:4 10|23:5 10|56:5 4|13:10 10|76:4 8|15:5 1|44:8 6|88:9 9|94:1 6|14:7 9|94:1 4|11:7 8|77:10 8|46:5 3|56:1 3|2:6 7|18:7 3|75:5 2|5:7 7|82:7 5|25:10 5|75:8 1|62:1 5|92:4 3|35:5 9|97:3 3|33:7 10|91:7 6|7:6 4|82:1 9|65:3 10|17:4 7|56:4 2|86:6 6|44:10 1|54:2 4|41:3 7|76:5 7|31:8 7|56:1 7|0:4 5|66:9 5|45:2 7|65:10 2|70:5 5|96:6 3|56:4 1|88:1 1|45:9 3|61:3 1|82:5 6|31:2 6|88:9 8|94:1 8|5:2 3|93:3 2|94:8 2|84:2 8|30:10 4|25:3 6|10:6 2|33:6 9|37:2 2|97:10 3|4:8 4|95:2 10|74:10 6|92:9 7|82:8 5|83:4 9|66:10 7|12:2 1|60:8 9|36:5 8|35:1 10|36:2 9|31:3 8|53:6 10|59:3 9|62:4 6|17:9 1|65:4 4|74:6 8|21:8 10|91:1 2|10:9 4|6:6 1|23:9 2|70:8 3|81:10 9|34:7 1|12:7 4|26:3 4</relation>
    <relation name="R47" arity="2" nbTuples="100" semantics="soft" defaultCost="infinity">58:1 5|74:6 5|18:7 3|56:1 4|69:1 9|50:10 10|51:7 5|66:1 8|65:3 9|76:9 6|13:5 6|17:5 9|24:9 7|0:10 6|92:7 10|85:10 9|98:2 10|49:4 6|82:3 10|4:1 3|86:3 2|65:8 4|54:2 8|92:8 2|9:8 8|99:6 2|53:7 4|75:2 2|37:6 3|59:3 6|76:10 1|89:6 4|38:7 6|21:2 5|59:4 10|80:6 1|36:10 7|45:1 7|30:9 5|8:7 2|7:3 3|40:8 1|40:4 9|15:6 8|9:4 2|33:3 1|23:5 8|57:8 9|15:2 4|80:6 7|13:2 3|52:5 2|40:6 10|50:3 7|17:10 2|86:5 7|47:8 7|3:6 6|54:2 1|77:9 9|49:9 3|62:4 4|38:1 6|61:5 10|56:9 8|67:7 8|8:5 4|89:4 5|33:9 4|0:1 1|90:4 3|16:2 7|7:10 3|79:2 9|7:4 8|85:7 9|96:5 3|77:2 6|22:4 7|95:5 1|98:8 6|30:3 4|0:5 5|70:9 1|35:7 1|78:10 4|93:3 5|24:8 3|80:7 7|9:8 5|27:10 8|44:10 5|23:9 10|88:3 8|85:6 9|21:9 2|57:1 2|5:1 10|85:4 1|80:8 10</relation>
    <relation name="R48" arity="2" nbTuples="100" semantics="soft" defaultCost="infinity">95:4 9|15:8 3|54:8 7|62:7 7|26:7 6|51:10 7|43:4 7|40:6 6|95:10 3|55:5 5|5:10 2|69:8 8|70:3 7|25:2 9|83:8 4|51:10 1|99:5 8|24:3 4|4:1 2|87:10 8|63:7 1|19:9 7|33:4 5|13:6 1|85:7 10|85:6 8|87:1 5|60:2 7|22:6 7|71:1 4|83:4 3|49:2 5|40:10 10|36:9 10|32:10 9|22:7 9|72:2 4|2:2 2|62:3 5|0:9 4|85:5 4|91:5 2|50:2 1|6:3 9|10:7 4|40:8 6|62:1 7|61:9 6|96:9 5|13:4 4|11:10 4|64:3 10|26:5 9|52:3 3|86:3 1|96:7 8|51:8 5|89:2 3|33:6 2|23:8 10|96:4 2|41:6 10|13:9 3|26:2 6|52:8 1|57:6 3|48:10 5|20:6 9|46:7 3|69:10 6|66:9 2|98:1 10|6:4 6|51:5 7|17:7 2|10:3 2|53:8 9|83:8 2|22:4 8|70:1 1|12:6 4|87:1 9|59:5 10|60:1 3|14:7 5|53:1 6|69:9 8|29:9 1|84:5 3|85:2 10|65:1 8|12:3 8|69:4 1|75:4 10|37:5 1|86:6 5|16:3 6|94:9 9|17:5 6|17:2 8</relation>
    <relation name="R49" arity="2" nbTuples="100" semantics="soft" defaultCost="infinity">78:3 7|88:5 1|50:8 2|38:4 7|16:9 5|14:7 4|64:10 8|5:8 7|82:1 8|42:5 4|48:9 10|52:8 9|21:3 3|82:8 3|35:2 10|5:5 9|9:10 4|38:1 6|91:2 7|14:9 1|96:7 8|64:5 8|35:2 3|95:1 10|90:3 10|14:1 2|71:4 10|85:1 5|40:1 9|56:4 9|95:2 8|42:8 10|75:10 10|48:6 1|6:8 6|1:4 6|4:7 10|3:4 4|53:4 5|16:4 3|3:6 9|43:7 9|51:7 5|25:3 9|85:1 3|0:10 5|47:10 9|28:5 6|8:2 9|29:2 4|35:10 3|85:2 2|56:4 1|30:4 2|61:6 6|44:4 8|29:5 10|85:2 5|42:5 5|70:10 6|33:3 8|39:5 2|17:1 4|98:8 1|20:5 3|2:6 10|38:7 7|95:6 7|24:9 7|94:6 4|20:5 7|38:7 3|56:3 6|77:9 3|45:9 4|6:6 2|39:1 7|89:8 4|14:10 7|50:9 2|84:8 8|90:2 6|86:3 2|42:3 5|65:8 5|94:7 6|50:7 1|11:9 8|45:3 1|22:3 4|19:2 1|6:10 1|43:6 5|84:9 6|5:6 3|14:1 1|79:7 2|37:6 8|71:9 9|24:10 2</relation>
    <relation name="R50" arity="2" nbTuples="100" semantics="soft" defaultCost="infinity">5:3 3|60:3 10|67:1 3|94:7 8|11:1 1|55:9 9|91:2 6|74:7 7|25:6 7|70:4 8|25:2 8|4:7 9|59:3 2|12:1 7|2:8 4|37:5 8|25:6 1|34:6 3|10:4 9|13:10 1|81:6 9|9:9 6|87:9 8|29:8 7|22:1 10|52:5 4|70:4 7|52:1 8|98:2 5|37:8 5|69:2 10|27:3 1|17:6 4|88:7 5|94:9 3|88:9 10|11:4 10|67:3 7|22:7 4|30:6 8|2:7 1|87:3 6|69:6 5|42:4 2|61:2 3|85:7 10|8:2 1|55:5 7|13:8 3|61:5 3|6:9 7|7:9 1|51:7 6|26:2 2|45:8 6|31:10 8|47:1 9|23:6 6|59:1 4|10:4 6|94:5 2|95:2 4|10:10 9|70:1 6|45:4 4|85:3 5|62:9 5|65:1 2|92:10 3|49:7 3|19:3 4|9:9 4|59:8 1|64:10 7|31:8 2|84:10 10|51:6 10|67:6 2|92:5 6|4:4 5|57:8 9|76:5 9|43:10 4|68:5 5|45:2 7|40:3 9|13:7 2|24:1 5|48:5 1|63:9 2|50:4 3|32:5 10|55:10 6|10:8 8|41:8 10|13:10 5|5:3 8|35:4 1|57:10 2|94:2 9</relation>
    <relation name="R51" arity="2" nbTuples="100" semantics="soft" defaultCost="infinity">5:9 4|47:5 4|13:8 2|91:9 9|99:8 6|54:5 10|90:7 9|26:9 6|71:8 5|32:1 10|69:2 8|92:3 2|82:5 8|7:4 5|25:1 7|83:4 7|78:10 2|85:2 9|71:3 1|92:5 6|50:5 7|79:3 7|51:6 3|11:8 4|65:8 10|38:10 10|49:7 2|48:10 8|22:5 5|72:3 6|49:4 2|45:1 8|5:6 1|20:10 5|28:1 4|65:9 2|20:2 5|53:1 9|52:7 5|77:6 8|99:4 4|98:9 1|99:7 6|50:6 7|0:5 2|56:10 3|28:5 3|61:9 7|6:9 8|89:3 5|79:4 1|62:9 10|9:10 9|15:8 3|17:9 3|85:2 6|57:1 3|51:8 9|57:1 2|11:5 9|18:7 4|38:4 6|12:10 4|89:6 2|38:8 8|15:2 10|46:3 4|6:7 3|78:3 9|86:7 7|9:4 8|85:3 10|11:3 3|18:3 8|40:9 5|37:4 3|70:6 9|31:5 1|82:10 1|83:10 6|96:1 5|24:8 7|99:6 4|15:2 4|34:10 7|73:1 6|14:6 5|71:6 6|22:1 1|38:8 1|84:2 3|94:7 1|68:7 8|2:2 7|14:4 10|41:6 10|4:2 1|60:4 9|22:7 10|84:2 2</relation>
    <relation name="R52" arity="2" nbTuples="100" semantics="soft" defaultCost="infinity">28:8 7|24:1 10|7:4 9|35:7 5|37:10 6|34:1 6|36:4 6|4:4 3|69:6 2|60:1 2|93:9 9|71:2 1|56:1 7|23:4 7|88:2 3|13:10 7|71:7 3|20:8 9|80:3 6|41:8 2|80:5 4|22:3 2|34:1 1|19:3 3|70:7 4|13:3 4|88:1 3|68:10 4|59:2 6|95:7 10|21:8 3|58:5 3|62:9 1|47:9 4|13:9 6|41:2 7|36:8 5|39:7 1|31:5 10|62:7 2|45:10 2|35:8 6|31:3 7|4:3 5|90:2 8|33:1 5|96:6 8|7:9 2|10:9 3|37:6 3|33:5 9|55:1 8|83:5 2|52:2 5|9:6 4|95:2 10|44:6 9|46:1 9|40:9 10|20:4 5|22:5 8|62:2 4|81:3 8|77:4 8|64:6 6|74:9 8|4:2 2|30:10 5|52:4 10|57:7 9|31:9 7|75:3 9|77:6 10|18:5 7|79:2 9|95:10 1|49:6 1|32:3 10|69:6 7|11:10 3|30:5 5|54:10 9|47:5 1|67:6 5|74:8 8|54:3 1|70:7 7|81:4 4|53:9 5|92:10 10|35:8 4|87:7 8|0:10 8|13:8 1|56:4 1|70:1 4|81:4 2|38:7 6|53:8 10|21:5 6</relation>
    <relation name="R53" arity="2" nbTuples="100" semantics="soft" defaultCost="infinity">63:1 2|93:6 5|62:5 5|31:9 4|4:8 2|39:4 6|68:6 3|21:2 1|95:10 5|14:4 8|19:2 2|91:10 7|16:1 3|89:7 10|30:3 5|55:8 3|89:2 3|23:7 7|61:9 10|90:8 4|44:5 1|83:8 8|26:3 6|76:1 4|26:4 1|70:5 4|76:10 1|50:7 6|35:5 6|85:4 3|97:6 9|44:9 2|85:3 7|17:3 4|89:10 10|99:3 9|84:8 1|92:10 4|56:9 6|70:2 5|97:3 8|19:2 8|21:6 4|90:9 3|21:3 1|91:1 5|97:5 3|67:5 2|5:3 10|82:6 1|63:4 5|74:7 5|21:8 7|93:9 8|23:9 9|50:1 6|54:5 10|57:2 10|66:7 1|53:2 6|58:4 7|32:4 2|69:3 3|42:1 7|36:3 2|58:7 2|63:8 5|39:6 8|10:2 7|86:6 10|6:10 6|10:9 1|60:10 8|81:8 6|30:1 8|9:5 7|96:2 4|43:7 9|3:9 7|31:5 9|22:10 3|90:6 6|61:8 10|10:2 9|35:6 2|76:1 10|99:1 9|32:5 8|91:10 2|98:7 3|62:4 9|76:7 4|40:8 9|61:4 4|32:7 8|8:4 10|99:1 1|14:6 7|40:9 5|34:10 9</relation>
    <relation name="R54" arity="2" nbTuples="100" semantics="soft" defaultCost="infinity">24:1 8|16:7 10|63:5 6|80:4 2|44:3 4|6:9 5|96:9 10|43:8 6|71:9 3|14:5 3|83:7 5|28:5 2|5:5 9|69:5 10|97:7 8|97:4 8|48:3 9|0:6 10|77:9 9|75:7 3|24:8 8|95:4 3|93:8 7|65:1 1|28:10 3|45:3 7|75:8 2|85:2 10|63:6 6|38:7 1|45:3 3|45:7 6|12:10 7|51:2 9|91:2 5|23:9 4|16:8 5|69:9 6|16:2 1|8:3 8|80:7 9|17:10 4|65:9 2|24:1 3|40:3 2|5:5 8|40:4 5|55:6 5|68:4 10|41:1 6|2:5 1|14:1 4|2:10 6|39:2 2|1:6 8|60:8 10|73:8 4|63:5 5|78:2 3|0:7 2|27:8 9|54:2 4|47:5 4|33:10 10|36:1 9|87:10 2|42:6 1|69:6 2|72:6 4|65:3 1|7:8 3|48:4 4|48:9 1|14:7 7|53:5 7|15:2 6|18:4 7|38:1 2|10:6 3|13:1 7|0:1 5|16:6 9|18:3 6|11:4 6|48:7 4|59:9 8|7:3 10|45:8 1|74:9 7|2:10 8|87:4 9|35:6 7|35:3 5|48:2 7|8:10 5|36:2 8|52:10 9|52:10 1|54:1 10|14:4 1</relation>
    <relation name="R55" arity="2" nbTuples="100" semantics="soft" defaultCost="infinity">30:4 1|9:5 5|64:7 4|41:10 3|99:4 8|64:9 2|67:2 10|4:1 8|42:8 1|81:10 1|62:4 6|69:6 1|8:2 3|14:6 2|91:8 2|26:8 5|87:9 3|42:7 8|46:1 5|8:1 9|8:3 7|91:8 3|83:1 10|80:2 9|43:3 4|81:9 1|28:1 3|43:6 6|74:5 10|5:10 7|5:6 4|73:2 5|33:3 3|39:10 8|57:10 4|89:2 4|88:7 1|99:9 10|11:1 1|86:5 2|7:6 7|5:4 10|50:3 10|63:4 3|69:5 7|40:8 4|24:4 5|88:9 8|65:7 7|62:7 2|43:7 6|62:3 6|31:5 6|37:2 2|42:1 6|27:5 4|91:6 5|67:8 7|68:9 9|95:3 9|92:9 5|26:4 7|60:4 2|7:2 8|70:6 8|69:4 4|91:7 9|89:8 8|16:8 9|97:8 10|8:4 9|22:7 3|78:5 3|96:1 7|63:9 4|66:5 9|84:6 10|93:9 6|96:3 2|99:1 4|76:10 2|85:10 5|89:8 6|18:7 10|84:10 9|2:2 1|61:9 7|51:2 7|29:5 8|52:6 9|77:3 8|80:10 10|16:10 6|67:6 3|30:3 1|63:2 6|8:3 5|69:1 2|5:7 5|23:5 1</relation>
    <relation name="R56" arity="2" nbTuples="100" semantics="soft" defaultCost="infinity">14:1 7|67:4 8|2:5 3|72:10 4|88:9 8|33:2 4|16:2 6|50:9 2|62:3 10|56:3 2|99:3 4|20:9 9|59:3 9|19:3 1|96:7 10|27:5 9|79:10 8|95:7 9|19:2 10|89:1 9|55:1 4|89:5 10|37:2 2|70:8 1|30:4 1|17:5 5|40:6 2|41:4 5|47:8 8|7:1 10|95:8 9|77:6 8|39:10 5|2:9 5|32:5 6|15:10 7|46:7 5|61:4 6|41:2 1|64:6 1|18:7 4|51:9 6|36:3 6|77:10 3|5:2 9|28:9 1|67:1 3|8:4 7|10:7 6|4:8 5|75:2 7|26:10 6|0:5 7|57:9 7|26:6 3|13:10 9|80:7 2|66:9 3|27:5 2|17:3 7|93:6 7|19:4 9|51:8 3|52:1 8|91:3 8|69:3 5|7:5 4|39:4 2|38:6 9|93:4 3|33:1 6|0:2 8|10:8 2|34:10 1|49:1 5|84:10 2|30:10 10|1:2 3|31:1 2|68:4 4|70:4 10|61:8 4|53:6 4|37:9 10|92:1 1|9:7 8|19:6 10|62:8 6|28:2 5|70:8 10|30:3 3|70:7 7|45:6 6|76:6 5|71:5 8|32:7 1|5:7 3|68:5 1|59:8 7|65:9 4</relation>
    <relation name="R57" arity="2" nbTuples="100" semantics="soft" defaultCost="infinity">95:7 7|66:9 4|86:8 7|7:1 9|69:10 3|11:5 7|53:9 3|67:5 3|93:6 5|2:8 10|51:6 6|80:8 4|15:10 6|6:9 6|24:10 2|96:6 9|27:2 5|21:2 10|33:2 3|83:10 5|1:6 3|30:1 7|86:1 10|35:7 2|30:6 4|97:5 8|47:4 5|20:10 7|9:6 7|70:5 2|55:6 8|91:6 1|3:9 5|94:4 4|43:5 6|27:2 8|77:7 8|29:2 6|15:7 4|63:7 3|90:3 2|46:9 8|46:7 9|73:3 5|25:5 10|21:10 9|40:8 8|81:7 6|82:2 2|75:5 4|30:3 1|14:1 8|74:7 10|27:2 7|42:8 1|23:9 7|98:10 1|75:3 9|2:1 6|11:1 1|52:7 5|93:8 9|21:4 2|25:3 6|21:2 9|62:4 7|25:4 1|84:3 3|47:4 3|49:9 2|81:7 1|80:10 4|52:3 7|45:10 8|20:8 6|46:1 3|29:3 4|66:5 5|68:1 4|7:4 8|48:3 10|40:5 9|80:8 2|21:4 6|97:1 5|64:2 1|54:9 10|0:4 10|60:8 5|63:1 2|69:9 1|74:6 2|49:4 9|14:8 3|3:10 10|88:2 4|50:3 8|36:5 1|55:9 9|82:6 10</relation>
    <relation name="R58" arity="2" nbTuples="100" semantics="soft" defaultCost="infinity">43:9 10|29:3 3|65:5 5|50:4 6|35:7 10|73:10 1|5:4 10|48:5 6|52:3 7|66:6 1|48:3 5|93:9 9|65:10 8|0:5 8|38:1 4|37:2 5|81:1 6|86:8 3|26:6 6|45:8 4|11:6 4|99:2 7|17:3 10|57:7 6|5:3 6|90:2 3|18:1 7|2:7 7|38:9 5|99:4 1|8:5 9|28:5 1|10:9 3|6:10 10|73:1 5|82:9 8|11:3 2|89:10 2|47:10 3|46:4 7|23:7 8|4:2 8|99:9 7|96:3 9|78:10 9|61:10 4|15:3 4|15:9 4|6:10 7|97:6 7|13:7 9|77:9 1|91:8 7|11:1 1|16:5 10|25:7 4|59:6 9|22:4 5|79:1 3|29:4 4|32:1 8|61:3 1|83:8 1|59:6 10|6:1 10|92:6 5|51:10 6|26:7 3|7:1 2|54:10 5|31:8 2|56:5 4|91:6 3|98:8 10|15:5 2|90:2 9|40:3 8|68:2 2|47:2 6|89:2 1|24:2 4|39:8 9|91:8 5|77:4 9|96:2 10|37:6 8|1:4 2|45:4 8|57:9 2|0:7 2|75:9 6|43:8 6|50:6 2|45:5 7|12:8 8|7:7 1|6:5 3|24:7 5|12:4 3|73:1 9</relation>
    <relation name="R59" arity="2" nbTuples="100" semantics="soft" defaultCost="infinity">43:6 1|60:9 1|40:6 10|11:10 3|5:4 6|82:7 9|58:5 2|84:1 5|9:9 10|95:9 8|40:2 9|34:4 1|26:2 3|65:10 8|0:10 6|63:9 4|69:9 9|27:8 5|51:3 5|41:3 10|1:8 9|11:1 4|78:3 9|96:6 2|96:10 4|30:7 3|63:5 1|22:2 10|96:4 3|48:7 5|91:5 9|99:1 1|61:3 1|23:4 4|99:7 7|14:8 10|52:3 4|6:6 7|29:3 2|90:6 3|67:6 9|75:8 4|85:3 7|58:2 4|53:9 3|40:1 8|82:10 10|71:7 2|9:8 1|3:5 5|24:3 6|28:3 3|35:4 10|67:3 8|62:9 2|4:8 3|16:6 8|20:8 2|87:4 2|29:8 6|36:4 7|32:9 6|98:2 8|96:10 1|19:6 4|73:8 8|87:2 1|64:4 5|58:10 5|47:1 7|9:10 2|31:1 10|33:5 6|84:8 7|92:4 8|73:5 4|40:4 9|20:2 7|26:7 6|57:1 9|76:1 3|64:9 5|52:9 7|93:6 6|13:6 5|36:7 10|67:7 4|38:10 7|11:2 6|47:2 2|73:7 1|38:5 10|99:10 9|80:1 2|63:5 7|84:7 8|60:2 5|64:5 8|98:1 6|17:5 3</relation>
    <relation name="R60" arity="2" nbTuples="100" semantics="soft" defaultCost="infinity">92:5 8|48:8 7|45:4 5|11:10 1|68:2 1|94:10 6|86:5 9|4:7 9|26:10 3|46:9 9|44:8 3|20:5 2|5:4 4|22:7 2|71:1 7|13:4 7|79:6 1|36:3 6|29:1 9|16:8 9|95:9 5|1:2 10|15:9 10|40:1 4|83:10 9|62:4 8|94:5 4|66:7 6|25:1 1|40:7 3|59:3 10|93:9 6|47:6 10|91:6 8|69:10 5|9:8 10|28:4 3|99:2 6|51:6 4|62:4 6|49:8 6|79:6 6|48:8 5|23:3 7|91:3 5|59:5 7|12:1 3|13:8 1|2:3 8|27:3 9|50:6 2|51:7 10|77:2 5|96:4 2|58:9 1|57:7 4|22:10 10|8:4 9|18:9 2|39:1 6|76:5 1|3:7 1|55:5 3|20:7 8|85:5 5|42:7 5|50:8 4|21:10 8|63:1 10|77:2 7|25:10 4|34:6 9|65:9 4|70:5 6|45:4 10|17:3 3|69:10 2|84:9 3|55:9 7|84:6 3|0:1 8|14:1 2|73:9 8|56:3 1|62:2 9|60:2 4|47:5 10|72:6 7|33:6 5|7:8 8|52:8 2|6:1 5|92:2 2|15:4 1|60:7 7|94:2 8|55:3 2|41:2 3|22:3 4|12:10 7</relation>
    <relation name="R61" arity="2" nbTuples="100" semantics="soft" defaultCost="infinity">2:1 10|21:10 4|3:8 1|62:9 3|63:8 2|71:3 9|19:1 4|25:6 8|47:6 4|78:8 10|11:5 4|12:9 7|7:2 10|96:7 3|65:8 3|12:1 3|44:1 1|35:4 6|46:1 2|68:10 1|7:10 3|51:4 4|73:4 9|11:3 8|89:5 7|55:2 7|67:2 4|20:9 1|55:6 2|83:7 1|77:7 7|13:2 8|70:2 9|18:6 6|13:7 5|36:9 9|24:6 9|97:5 3|52:2 6|24:10 8|92:1 7|7:4 3|63:4 7|61:8 5|62:6 3|38:8 9|80:8 4|67:10 10|20:9 10|40:7 8|33:8 6|74:7 10|10:5 6|51:10 7|13:10 2|44:1 9|10:2 2|98:9 8|81:1 8|89:7 6|36:4 5|78:5 1|88:7 9|70:5 2|59:1 6|78:3 2|26:3 5|22:9 6|97:3 4|62:3 3|36:9 2|47:4 10|31:4 8|85:5 10|26:3 6|85:10 5|37:4 1|95:9 5|27:3 7|18:3 1|30:6 7|83:5 9|12:2 5|52:2 3|6:5 5|41:7 2|44:8 7|97:3 10|21:1 5|36:8 8|77:2 1|2:10 9|66:6 10|16:4 2|78:5 8|79:6 1|13:6 5|60:7 4|54:10 6|64:9 4</relation>
    <relation name="R62" arity="2" nbTuples="100" semantics="soft" defaultCost="infinity">39:7 6|42:5 1|20:10 1|47:7 2|68:1 5|85:6 6|39:2 7|71:2 2|17:9 1|85:8 7|97:6 4|33:5 3|42:5 2|24:9 10|86:7 10|15:10 8|71:9 8|3:8 10|4:10 9|17:3 2|80:4 1|87:2 5|46:2 4|25:8 3|53:9 5|76:5 10|34:3 8|93:4 3|28:9 6|1:3 7|92:1 10|48:6 7|51:10 3|20:6 9|30:10 5|94:9 7|45:3 6|33:7 1|99:2 9|95:1 1|70:8 8|40:5 6|78:7 9|16:7 7|45:9 3|89:6 5|63:2 1|7:1 4|31:7 5|9:8 2|42:4 6|82:2 6|30:5 5|40:10 10|40:6 2|56:9 9|65:6 1|7:4 2|79:3 5|24:2 8|56:6 8|24:4 10|63:4 8|44:6 3|34:1 8|74:3 10|48:5 8|91:3 9|49:8 5|40:1 2|88:1 9|72:2 3|29:4 4|11:1 3|44:8 4|1:4 9|38:1 7|66:7 8|56:8 9|97:6 10|33:3 3|47:3 4|85:8 1|76:2 10|4:5 7|25:9 2|84:5 4|96:3 1|7:10 4|21:10 6|13:5 9|78:7 3|79:9 4|11:7 4|58:4 5|20:1 6|3:4 7|76:10 2|12:10 7|46:8 6</relation>
    <relation name="R63" arity="2" nbTuples="100" semantics="soft" defaultCost="infinity">28:9 1|98:1 9|43:8 5|31:6 6|52:5 10|89:9 3|77:8 9|8:1 10|62:7 1|26:3 8|93:5 9|29:6 8|39:6 10|51:9 8|59:8 7|4:2 3|21:2 4|7:3 5|61:3 3|6:7 7|37:9 7|84:1 1|13:7 10|84:3 7|51:10 1|96:2 6|15:6 5|32:3 6|26:5 7|53:9 2|86:1 3|19:7 2|49:4 4|83:8 1|72:5 5|25:2 7|38:9 6|46:8 3|36:4 10|6:8 2|84:7 5|59:2 8|77:10 9|58:2 9|38:7 9|70:4 2|85:7 8|2:1 5|56:5 2|34:5 4|56:3 9|23:4 3|87:9 4|89:9 10|4:5 1|83:1 4|29:1 2|31:4 7|33:6 1|87:10 7|84:8 4|60:10 3|84:10 8|69:4 5|61:8 10|48:10 4|50:2 1|61:2 10|35:7 3|64:4 8|91:4 6|62:10 5|3:8 6|3:9 5|72:3 2|4:4 9|95:2 5|76:9 9|3:6 7|65:7 6|77:1 6|0:4 1|80:1 7|73:5 6|83:6 3|10:3 4|56:2 2|43:5 8|50:3 1|1:1 8|35:10 6|96:6 2|52:7 4|82:3 10|27:6 4|69:10 10|16:5 3|12:6 9|28:8 8|2:10 2</relation>
    <relation name="R64" arity="2" nbTuples="100" semantics="soft" defaultCost="infinity">73:8 1|59:6 7|59:2 2|43:4 2|65:5 9|62:4 8|6:9 6|90:2 8|73:1 7|7:10 2|88:8 10|23:5 2|50:6 9|30:7 5|74:8 4|74:10 6|88:5 7|20:1 6|35:7 6|7:9 4|9:3 6|22:1 8|86:2 4|66:2 9|75:10 10|10:10 8|0:2 3|14:5 1|38:8 2|48:1 9|3:5 10|41:9 2|19:2 1|29:1 4|60:6 6|18:9 5|98:5 3|42:2 6|4:7 4|54:4 4|32:6 10|22:4 7|54:1 2|55:1 5|73:10 7|71:5 6|35:7 10|71:1 10|79:8 8|61:10 3|36:3 4|5:9 7|92:1 3|63:6 1|24:8 3|2:3 1|95:3 10|71:3 3|31:3 2|62:4 10|31:9 3|98:4 1|23:7 8|84:2 7|70:4 3|52:8 6|38:7 2|32:9 1|75:8 9|16:9 9|41:5 8|68:10 1|96:1 1|38:9 8|54:10 9|66:3 9|40:6 4|50:8 5|19:6 8|19:3 7|69:5 4|75:10 4|16:10 5|59:9 10|19:3 8|85:2 10|60:3 5|90:5 5|47:7 1|77:4 5|88:6 2|76:8 7|16:4 6|57:2 5|5:7 7|2:6 3|77:7 9|5:4 9|30:6 5|18:7 3</relation>
    <relation name="R65" arity="2" nbTuples="100" semantics="soft" defaultCost="infinity">61:2 3|86:3 3|43:3 5|3:10 5|89:5 9|70:6 7|98:10 1|97:1 8|70:7 2|4:9 3|50:4 9|59:8 6|90:8 2|21:3 10|1:2 4|87:9 1|74:5 5|50:7 9|84:10 8|55:8 5|57:7 6|7:8 9|36:3 6|51:9 10|97:5 6|46:1 1|34:4 8|10:10 4|7:8 10|73:1 7|12:1 2|20:5 8|91:5 4|15:8 4|97:9 4|12:1 3|17:4 3|83:2 1|40:5 10|23:6 5|73:8 8|51:4 2|69:2 8|59:8 1|87:7 10|33:10 9|58:2 10|45:9 6|19:8 3|45:5 2|70:9 2|91:1 9|22:7 3|37:10 10|9:7 8|10:5 7|71:10 2|83:10 7|70:7 4|41:2 5|66:10 6|10:3 9|15:6 4|67:6 10|32:3 4|40:3 1|40:6 2|96:3 7|48:2 2|9:8 7|75:3 8|64:9 7|46:4 7|38:4 10|37:5 3|18:7 1|92:4 1|86:7 7|91:2 9|73:2 7|52:6 6|20:6 3|6:1 10|78:1 5|55:4 5|95:6 8|67:4 4|40:2 6|44:9 8|52:7 5|30:9 5|2:9 9|64:1 4|35:10 3|35:6 9|80:3 2|43:6 1|37:5 1|12:1 6|78:4 6</relation>
    <relation name="R66" arity="2" nbTuples="100" semantics="soft" defaultCost="infinity">48:4 9|67:2 5|67:6 8|83:10 2|16:10 10|16:9 5|66:3 1|17:4 7|17:8 7|2:6 5|15:2 2|63:3 7|57:9 2|31:6 6|79:8 3|11:4 2|80:1 5|30:1 2|93:9 1|16:5 4|29:1 7|27:8 10|78:5 6|8:2 1|67:1 4|31:4 4|85:5 9|1:10 6|85:7 1|99:6 3|16:1 8|79:8 8|78:5 1|12:5 5|12:10 3|56:7 7|45:9 8|70:3 9|77:6 9|30:2 4|73:6 7|48:10 8|23:10 1|68:8 5|29:5 3|45:3 3|45:1 10|57:9 10|20:8 2|97:6 4|66:1 9|35:2 6|31:1 3|76:6 2|62:10 5|60:7 3|66:3 2|53:8 4|1:4 5|72:7 2|33:2 8|12:3 4|39:3 5|81:7 8|32:3 10|24:9 7|69:5 8|57:7 6|47:2 3|61:10 4|50:10 7|51:3 6|22:6 10|47:7 5|34:4 6|9:2 9|86:9 6|80:6 1|34:4 10|63:5 2|10:8 1|82:5 7|49:4 1|2:5 10|93:2 10|14:8 9|5:9 4|61:9 9|25:4 8|14:7 4|95:10 9|15:4 3|31:3 8|3:8 6|22:1 6|75:7 9|72:7 10|14:9 3|96:1 1|2:2 7</relation>
    <relation name="R67" arity="2" nbTuples="100" semantics="soft" defaultCost="infinity">1:1 7|75:7 9|54:7 3|71:5 2|23:9 1|16:6 4|94:5 1|76:3 2|26:6 1|42:6 9|64:6 7|68:10 2|89:9 10|65:9 8|51:4 8|71:2 10|64:7 10|45:8 10|4:4 3|17:10 3|25:10 1|39:8 5|62:2 7|37:7 8|28:8 4|15:1 8|43:1 10|4:2 3|40:10 7|28:4 7|14:3 8|74:3 5|77:2 4|82:5 8|99:1 3|44:3 10|12:2 1|79:8 2|0:7 2|55:10 10|68:1 4|35:10 6|59:6 3|23:4 2|52:9 3|7:4 6|69:5 7|25:10 5|78:5 6|40:8 1|92:4 9|87:9 9|10:4 4|5:9 4|1:3 9|48:6 5|8:1 5|4:5 10|74:1 2|45:9 5|92:8 8|93:6 2|20:2 2|84:8 6|69:10 4|46:5 4|14:8 3|80:2 8|53:9 6|95:7 5|52:1 1|14:10 9|98:2 9|28:3 3|88:10 8|21:3 1|96:5 9|62:3 6|68:6 8|95:4 5|0:1 9|85:5 5|46:7 1|1:3 7|51:2 6|56:3 4|62:7 4|38:4 10|52:6 6|54:9 2|82:7 7|64:8 7|24:6 10|2:1 6|1:8 9|33:2 5|33:5 3|36:9 7|79:4 1|67:7 6</relation>
    <relation name="R68" arity="2" nbTuples="100" semantics="soft" defaultCost="infinity">83:8 10|53:6 2|89:7 7|35:7 9|15:2 10|33:4 9|37:6 7|33:4 8|15:3 4|78:2 7|81:6 1|65:4 7|16:6 3|14:7 6|49:1 1|65:9 5|92:1 7|20:9 1|29:9 7|87:3 10|12:9 4|50:5 5|72:2 8|60:10 8|32:7 1|59:4 3|97:7 3|35:2 9|51:10 6|56:3 6|59:8 7|87:1 2|14:9 3|32:3 3|52:3 1|28:9 2|67:1 10|50:4 4|99:5 3|87:8 6|8:3 8|99:10 9|20:9 10|79:1 5|95:8 4|38:8 2|19:10 1|32:2 6|16:2 1|62:4 1|94:1 6|99:5 6|16:8 9|27:2 4|62:5 9|55:8 5|66:6 4|74:7 8|39:8 8|80:9 6|46:5 8|20:10 10|18:1 9|79:3 2|75:9 9|64:3 7|92:7 4|26:4 6|94:10 3|75:9 8|93:10 5|35:6 10|31:3 5|16:5 7|63:10 7|70:6 6|88:1 8|6:5 2|7:6 8|25:4 10|19:7 5|27:5 10|72:7 2|37:3 9|10:10 2|12:1 3|73:2 2|56:8 1|10:10 4|5:6 5|25:8 3|34:4 5|95:2 3|99:6 9|14:5 4|65:2 5|39:4 2|30:7 10|44:1 4|35:5 1</relation>
    <relation name="R69" arity="2" nbTuples="100" semantics="soft" defaultCost="infinity">1:4 2|18:9 8|52:1 6|31:3 9|8:1 9|91:6 1|51:1 4|73:4 6|95:5 9|88:1 1|88:7 6|2:7 8|55:10 1|4:5 1|99:3 2|6:5 5|82:3 5|35:10 7|90:8 2|94:1 2|49:4 9|40:8 3|62:4 10|99:5 3|9:10 6|80:9 5|43:2 10|18:8 9|60:7 10|38:7 5|94:2 2|50:2 8|71:9 4|62:6 3|62:5 7|83:8 8|67:5 8|29:10 5|93:4 1|11:10 8|18:2 1|85:1 8|23:2 3|17:9 6|20:3 6|10:10 9|59:6 8|23:9 1|81:2 5|97:9 7|78:8 1|21:4 4|59:8 4|13:6 4|97:6 5|85:8 5|89:1 10|98:3 8|39:3 3|3:8 10|12:3 10|28:3 1|30:7 1|92:9 2|50:3 4|14:2 4|68:1 5|8:2 6|20:2 9|9:4 5|72:6 7|1:7 9|67:1 7|72:6 2|96:6 6|28:5 6|48:1 3|95:5 2|82:5 10|49:8 7|81:7 3|22:9 3|58:7 2|28:4 8|18:6 10|0:10 4|63:6 9|84:7 7|75:2 7|58:10 2|47:9 9|76:4 7|90:5 4|8:3 7|81:10 3|78:8 6|8:4 3|96:7 4|34:9 10|66:10 10</relation>
    <relation name="R70" arity="2" nbTuples="100" semantics="soft" defaultCost="infinity">70:10 6|3:5 9|86:9 6|57:4 6|98:7 1|80:10 9|51:10 2|95:8 6|49:1 9|37:9 4|71:6 3|28:2 7|13:3 3|66:1 5|58:4 3|43:9 10|66:1 10|90:6 1|86:7 7|12:1 7|76:7 6|74:8 7|22:7 3|88:6 9|70:9 8|23:9 3|24:5 4|36:9 7|79:5 1|99:6 8|75:8 1|42:10 10|72:6 6|0:8 4|36:10 7|15:3 5|51:3 4|13:5 6|28:7 9|59:7 5|92:5 8|78:4 9|3:6 4|31:8 10|0:10 4|72:2 1|31:2 2|37:1 4|9:5 10|74:10 1|55:10 5|94:6 5|95:7 10|61:6 7|55:1 2|11:8 5|30:7 4|12:7 8|18:6 10|16:4 5|28:3 8|76:1 8|87:9 9|91:8 2|23:2 9|60:1 6|14:5 3|97:3 2|17:8 3|9:10 8|1:4 10|72:9 1|74:2 4|47:9 5|8:3 6|43:3 10|25:1 3|46:5 5|59:4 7|57:9 2|10:7 2|49:2 10|35:2 3|9:3 1|40:2 6|66:2 5|85:8 8|6:5 7|8:2 8|0:8 9|93:6 2|84:5 2|56:4 8|35:3 7|67:3 9|97:1 1|57:4 2|39:4 1|9:10 3|97:4 4</relation>
    <relation name="R71" arity="2" nbTuples="100" semantics="soft" defaultCost="infinity">10:1 5|43:9 10|30:7 4|14:5 1|43:8 1|52:6 2|41:6 9|25:9 1|21:10 2|6:9 6|61:5 7|16:3 7|54:2 3|22:8 3|27:1 8|96:5 5|6:10 3|84:8 2|7:10 1|35:1 4|17:4 9|12:7 6|29:10 9|96:2 2|74:5 8|22:6 8|46:5 6|43:5 10|96:10 4|58:6 10|87:2 5|82:5 9|16:4 7|88:5 3|1:6 4|64:7 8|4:2 1|49:8 5|2:2 10|13:10 10|29:8 9|28:2 4|34:8 4|4:8 7|93:6 7|21:6 6|71:3 1|47:3 4|90:2 8|65:9 9|16:1 7|98:3 2|5:2 7|39:10 8|42:4 4|11:9 3|15:6 5|79:3 9|53:4 3|59:4 10|34:4 5|31:9 7|84:4 6|11:7 5|80:1 3|25:6 3|8:3 6|60:1 9|51:7 9|2:3 10|8:5 2|55:9 8|55:10 7|69:9 5|27:4 2|13:7 1|75:2 9|7:5 4|28:7 7|47:8 8|87:9 4|89:1 1|29:1 6|30:7 2|86:4 1|21:1 10|96:6 1|32:4 8|37:3 8|0:7 3|0:1 2|28:2 6|27:7 10|23:9 2|37:3 3|22:10 6|58:3 5|76:8 6|43:10 5|40:8 10</relation>
    <relation name="R72" arity="2" nbTuples="100" semantics="soft" defaultCost="infinity">69:3 3|21:8 5|15:10 6|35:8 7|16:3 7|81:6 8|77:3 2|32:8 8|42:5 10|82:10 4|34:1 8|20:3 10|1:5 9|90:2 10|67:5 1|98:9 2|16:1 5|29:5 7|96:3 5|96:2 5|38:6 4|30:5 8|54:8 1|95:9 10|66:7 5|68:9 1|48:9 3|66:3 6|65:4 10|85:6 6|28:4 4|95:2 4|30:5 6|75:6 5|84:4 2|27:6 9|48:2 8|69:5 5|14:4 3|97:10 2|26:3 9|34:7 9|98:10 8|52:10 3|65:10 1|53:4 7|0:9 8|4:3 8|46:6 1|45:10 5|71:10 9|80:9 5|25:9 6|94:1 6|70:8 4|70:8 3|66:10 10|90:6 7|2:6 10|37:5 3|71:1 3|53:6 2|65:10 7|94:2 6|31:7 8|89:1 10|64:6 3|59:4 1|37:7 2|78:9 4|69:4 9|42:1 2|74:5 4|34:5 2|57:1 7|70:7 7|70:7 3|70:2 1|99:9 7|16:9 9|39:1 9|38:4 5|99:8 10|71:1 1|91:2 9|52:2 2|60:1 4|97:8 2|95:8 9|93:8 6|70:7 1|95:4 6|42:7 6|54:7 10|51:3 4|64:4 8|93:2 7|41:7 4|17:2 3|90:3 1</relation>
    <relation name="R73" arity="2" nbTuples="100" semantics="soft" defaultCost="infinity">94:4 5|53:7 9|56:4 4|15:10 7|43:1 8|52:8 9|22:4 3|94:2 6|66:1 6|84:6 8|36:9 1|34:4 7|11:6 7|49:10 10|45:2 9|84:2 2|83:9 3|7:5 9|7:7 3|11:10 6|69:10 1|87:6 1|46:3 10|19:6 5|41:9 9|94:6 4|91:3 6|6:7 7|55:4 10|15:10 3|91:9 10|4:9 2|30:9 4|95:4 1|7:2 4|76:1 3|79:9 6|86:4 2|67:1 5|82:3 3|69:5 1|29:9 8|1:5 5|0:7 4|63:8 8|98:3 5|64:4 9|31:5 7|95:2 5|1:8 5|51:6 9|5:6 3|59:2 7|59:10 9|77:7 2|18:7 1|67:5 2|39:1 4|72:8 4|1:9 7|84:2 3|91:10 2|84:5 8|37:8 2|81:8 1|85:10 8|79:10 4|90:3 8|5:1 1|64:7 5|76:5 4|43:7 6|70:6 2|77:3 1|26:8 3|76:6 10|98:4 8|8:3 2|71:7 8|87:5 10|29:3 4|82:1 9|43:6 6|76:1 7|55:3 7|59:5 6|24:2 10|70:2 8|60:7 10|91:8 10|33:10 5|97:5 3|24:3 9|2:2 1|18:4 6|76:1 10|42:9 5|94:8 6|35:1 2|50:8 7</relation>
    <relation name="R74" arity="2" nbTuples="100" semantics="soft" defaultCost="infinity">52:1 10|10:6 1|21:1 7|11:9 8|63:5 9|98:10 10|16:6 5|78:9 9|79:1 4|30:10 3|84:1 2|33:2 3|73:8 6|70:3 4|61:10 4|13:10 1|93:7 4|37:9 10|3:8 10|18:10 9|22:10 5|75:8 9|53:2 10|17:7 10|92:9 1|40:6 9|84:9 5|79:4 2|96:1 1|2:2 1|84:6 6|59:4 1|62:8 3|90:2 9|77:7 7|80:3 5|58:5 2|95:1 6|19:5 6|7:1 3|66:6 2|33:1 8|47:4 6|45:2 2|70:3 8|75:10 7|7:3 9|90:7 9|52:2 7|52:8 7|41:7 8|35:2 4|59:1 5|34:4 7|87:10 6|60:9 3|32:8 4|30:8 8|36:10 2|54:4 9|7:3 7|68:7 1|26:2 8|6:4 8|82:6 8|0:6 10|81:9 4|16:3 6|34:7 5|39:7 3|74:6 3|65:8 5|35:10 8|6:3 2|16:2 6|12:3 10|48:8 1|42:4 5|56:1 9|88:5 8|44:9 6|18:5 5|42:9 7|19:2 5|50:4 3|26:5 1|49:6 7|92:5 4|5:3 1|94:7 2|63:9 2|58:4 4|36:7 6|56:5 10|46:4 10|2:5 3|43:3 3|13:6 4|84:8 2|89:5 7</relation>
    <relation name="R75" arity="2" nbTuples="100" semantics="soft" defaultCost="infinity">10:5 6|73:9 10|84:7 7|50:10 3|77:10 6|36:6 4|91:3 8|69:8 7|60:4 5|39:2 1|93:3 10|88:7 6|79:1 9|15:4 1|74:9 6|44:2 6|38:4 10|4:8 8|47:7 9|26:7 2|26:3 5|6:10 2|33:6 6|73:4 2|13:9 2|92:5 9|62:2 5|61:7 1|13:9 3|75:5 7|31:10 1|45:3 7|4:6 2|78:6 7|52:5 3|34:1 5|89:9 4|73:1 7|83:1 10|65:10 7|61:7 5|41:7 4|52:9 1|28:4 4|19:8 1|29:3 3|57:1 8|61:9 9|28:8 4|71:1 3|91:10 8|65:2 9|3:9 8|44:6 8|7:3 4|65:1 2|38:4 3|47:10 10|26:3 6|41:8 2|90:6 5|1:6 1|41:5 1|59:1 4|70:5 2|20:6 9|73:1 1|36:10 4|72:9 7|10:3 1|91:4 8|27:2 2|6:8 6|26:6 3|40:8 10|91:7 8|77:8 5|47:5 10|58:3 9|40:7 3|89:10 5|83:9 5|53:5 4|94:2 10|71:10 9|13:6 10|70:2 3|32:4 6|66:8 9|47:2 7|75:8 3|90:1 6|22:5 8|59:7 10|76:2 8|4:4 7|79:5 5|25:4 9|59:3 2|92:2 4</relation>
    <relation name="R76" arity="2" nbTuples="100" semantics="soft" defaultCost="infinity">16:1 8|54:5 1|64:7 2|60:7 7|37:4 3|35:6 5|11:2 10|65:2 7|34:8 3|95:5 6|89:1 7|8:6 7|35:1 6|66:10 10|41:4 1|11:7 1|20:10 7|86:3 1|4:5 3|49:9 6|56:7 9|62:9 5|69:7 3|10:2 6|76:8 2|78:5 5|91:1 3|94:1 2|56:3 4|84:4 2|73:6 4|42:1 5|93:4 9|92:1 4|33:8 1|48:10 4|55:4 5|53:2 2|44:9 3|83:10 2|41:2 5|98:9 1|75:5 4|73:6 9|95:7 10|9:8 10|45:4 8|31:10 1|66:1 9|46:4 7|90:8 7|60:3 2|40:9 7|5:1 10|33:6 10|77:9 9|3:8 8|11:5 9|86:3 3|22:6 1|10:10 8|88:3 8|40:6 3|47:6 8|75:9 8|8:10 5|7:4 4|72:4 10|57:8 6|52:9 10|91:2 8|41:10 3|4:9 4|17:8 9|3:3 7|29:3 6|87:6 2|50:2 1|30:10 6|58:7 8|36:5 10|0:8 4|86:7 5|31:1 1|56:10 9|20:2 9|71:3 9|48:5 8|94:5 7|93:4 6|91:6 6|70:8 5|32:5 2|61:3 10|61:7 6|0:2 3|93:7 4|0:9 2|76:3 5|14:2 4</relation>
    <relation name="R77" arity="2" nbTuples="100" semantics="soft" defaultCost="infinity">11:2 6|42:3 7|32:7 5|1:8 8|11:5 9|87:7 6|96:1 5|92:5 10|77:7 8|55:9 6|84:4 1|50:1 1|28:10 5|75:4 3|20:6 10|41:6 9|96:7 10|22:2 8|81:6 7|21:9 8|15:10 7|3:6 3|9:2 1|75:6 4|78:10 4|52:8 1|83:3 8|72:5 1|94:6 1|62:7 1|58:3 4|0:4 8|97:1 3|51:4 4|31:5 3|9:4 5|52:9 2|38:8 3|97:5 2|31:1 6|83:2 9|92:3 3|94:1 10|43:10 9|50:1 2|66:6 8|45:3 6|94:2 2|61:1 8|67:9 9|0:5 6|89:8 6|77:1 7|96:4 7|32:8 9|76:9 5|87:3 5|47:8 10|41:8 5|89:6 2|21:2 5|87:2 10|33:9 10|48:5 5|52:4 2|44:10 10|86:5 8|10:9 4|70:5 4|49:9 3|86:10 2|7:6 5|63:9 7|23:4 6|76:10 3|57:2 7|66:7 7|60:4 10|70:2 4|68:5 7|3:6 6|66:10 6|86:3 2|86:8 7|8:10 1|28:3 10|55:8 2|99:3 9|1:7 4|54:4 9|83:2 3|67:9 1|74:1 4|98:3 1|36:10 8|60:7 2|53:8 4|75:7 9|28:1 9|31:7 3</relation>
    <relation name="R78" arity="2" nbTuples="100" semantics="soft" defaultCost="infinity">87:2 6|15:2 4|7:9 6|59:6 3|9:8 5|85:8 9|28:2 5|59:7 5|66:9 9|16:6 9|16:2 3|57:8 10|26:10 9|47:9 2|14:3 2|25:1 1|13:1 4|39:8 4|52:7 9|87:4 3|80:10 2|85:5 2|53:8 8|91:5 1|14:9 3|10:10 8|57:9 4|7:1 3|51:10 6|86:1 6|2:10 1|52:3 5|87:3 7|33:5 6|61:10 3|48:4 7|72:6 6|24:10 10|7:1 7|17:7 2|91:9 8|16:8 3|32:1 10|64:2 10|74:10 7|17:1 2|26:2 1|35:3 4|73:9 7|52:5 3|14:4 10|43:1 5|24:6 1|0:5 10|46:4 5|42:4 4|74:7 8|68:5 5|9:2 7|33:2 9|72:8 2|44:6 10|82:9 1|30:4 2|50:6 4|83:3 1|8:4 1|51:3 10|61:2 2|63:3 8|42:8 1|5:6 8|95:4 6|92:3 6|20:1 9|98:6 2|73:7 1|7:5 8|64:4 9|22:10 5|28:7 10|44:7 3|26:8 7|53:6 7|67:3 3|71:4 8|56:6 5|75:9 10|9:5 9|19:5 7|14:5 4|82:2 8|17:7 7|86:9 5|14:10 4|15:7 6|37:8 6|54:1 8|80:7 4|73:3 9</relation>
    <relation name="R79" arity="2" nbTuples="100" semantics="soft" defaultCost="infinity">3:8 6|82:8 10|29:6 2|65:7 2|58:6 7|76:5 4|6:9 2|68:1 1|84:8 7|96:6 6|10:4 8|74:9 6|1:10 9|78:4 7|42:2 9|77:10 6|88:8 5|48:4 6|17:4 10|17:1 4|16:6 8|39:6 9|50:2 7|82:3 1|86:9 5|2:2 4|91:5 10|73:8 3|29:7 8|95:7 7|63:1 9|46:7 6|80:7 5|44:5 5|9:9 7|56:3 8|75:2 1|10:8 8|2:9 3|87:3 10|61:5 1|25:8 1|19:9 9|89:8 4|11:2 10|18:10 8|80:1 8|9:3 7|43:4 5|38:2 8|45:6 3|43:10 7|50:9 10|94:10 3|20:2 3|13:2 5|82:1 2|61:5 7|56:5 3|34:2 2|24:3 9|66:9 1|15:4 3|43:5 2|70:7 10|88:4 4|25:6 5|48:1 10|41:4 9|12:9 4|14:7 9|79:10 1|20:1 5|9:2 6|28:10 10|53:4 2|71:1 7|57:10 2|42:5 6|55:1 3|24:5 9|0:3 3|89:3 4|45:10 4|41:8 9|43:7 1|30:6 1|30:3 6|4:8 2|50:5 8|69:3 2|93:9 8|37:7 4|33:10 5|31:3 5|33:6 10|18:6 4|91:7 3|97:4 1|78:1 6</relation>
    <relation name="R80" arity="2" nbTuples="100" semantics="soft" defaultCost="infinity">30:4 3|29:3 4|89:7 5|51:3 3|8:2 6|33:10 2|23:5 8|39:4 1|72:5 10|87:6 3|86:7 2|47:6 4|13:10 9|82:8 10|95:5 5|71:7 10|69:9 6|61:3 7|64:3 6|31:1 7|43:6 2|68:6 7|23:3 10|55:4 5|99:1 6|11:7 8|37:8 2|53:1 5|49:6 1|91:5 4|42:9 3|16:3 1|27:2 9|41:4 8|1:2 1|80:1 1|66:10 1|36:1 4|1:6 6|66:9 5|10:6 9|31:4 9|20:8 8|67:1 2|92:5 1|66:9 7|57:5 9|14:6 10|73:1 8|40:2 2|91:3 8|20:9 4|49:8 7|40:6 8|74:5 3|4:10 6|54:10 5|54:5 6|55:7 3|89:2 5|53:4 2|32:7 9|80:3 2|93:2 3|25:10 4|79:6 5|91:9 10|85:7 4|89:8 3|20:3 5|30:1 3|17:8 9|8:1 10|57:9 9|17:10 10|95:9 8|12:4 4|20:9 1|41:4 6|81:10 7|85:4 10|48:2 4|49:4 7|20:3 9|96:8 4|5:9 2|16:7 6|69:8 5|30:10 8|14:7 1|91:5 2|24:7 7|21:2 10|70:2 8|94:5 7|33:1 9|95:2 7|18:10 3|88:8 1|1:8 6</relation>
    <relation name="R81" arity="2" nbTuples="100" semantics="soft" defaultCost="infinity">39:6 1|4:2 8|98:5 9|92:7 9|0:9 5|96:7 8|47:1 8|33:5 6|96:8 6|35:7 1|62:8 2|5:6 6|47:10 2|34:2 7|38:2 4|97:4 9|4:3 2|54:7 4|60:1 3|44:3 8|51:7 10|60:5 8|82:3 1|44:6 8|37:5 1|54:7 3|48:1 4|76:5 5|45:9 9|12:8 1|97:9 2|0:7 2|66:4 8|75:10 10|95:1 1|52:7 7|18:2 6|41:2 1|82:8 7|77:10 3|20:6 2|62:9 8|40:2 2|41:6 3|74:3 7|48:9 1|56:5 10|94:6 7|60:6 9|20:10 6|38:1 6|40:1 2|42:3 6|70:8 3|76:9 6|6:5 3|5:9 10|12:2 3|35:1 9|44:4 7|34:8 9|6:9 4|74:9 7|43:6 10|41:4 6|51:10 7|77:1 7|19:8 10|95:4 2|83:9 3|87:6 4|20:10 4|60:2 10|86:4 10|57:5 4|21:10 9|93:10 5|35:10 1|92:7 6|59:1 5|11:8 5|10:3 3|14:2 5|18:7 5|10:10 8|16:6 5|88:5 2|22:1 10|41:4 5|99:3 9|57:4 4|83:3 5|96:2 9|70:5 7|97:3 10|62:8 4|32:4 1|24:8 8|90:3 4|65:4 3</relation>
    <relation name="R82" arity="2" nbTuples="100" semantics="soft" defaultCost="infinity">4:10 6|3:8 1|83:7 9|93:4 3|78:2 5|20:7 4|2:9 6|5:10 5|25:5 7|35:9 7|65:7 1|25:5 3|95:6 10|73:3 2|41:7 2|82:5 8|26:9 9|54:5 6|73:7 6|97:2 8|26:10 4|53:8 8|16:6 6|95:4 7|2:9 4|68:1 8|49:2 2|73:8 7|38:1 7|33:3 5|70:3 6|48:8 6|53:6 1|89:5 1|85:2 9|82:8 2|44:5 9|76:3 10|85:4 8|66:5 5|58:8 5|79:2 4|74:8 4|8:5 4|62:1 10|84:3 4|60:10 7|50:9 3|87:9 1|17:10 9|63:3 1|28:2 3|42:1 4|37:3 9|49:4 10|52:6 4|45:6 7|77:1 6|78:1 1|74:7 7|58:8 10|40:6 8|79:2 10|41:10 3|21:1 2|42:2 1|15:8 9|71:7 8|25:5 2|48:4 1|0:3 3|69:4 4|40:10 2|38:3 8|71:1 5|80:10 10|90:10 8|59:6 3|15:8 3|4:9 5|50:7 10|28:5 10|21:4 6|12:3 7|72:7 5|93:1 3|87:9 10|3:10 1|99:6 2|81:9 2|63:6 5|52:4 9|67:2 6|82:6 9|32:9 8|99:1 9|95:2 7|35:4 5|73:7 3|54:4 2</relation>
    <relation name="R83" arity="2" nbTuples="100" semantics="soft" defaultCost="infinity">75:6 6|85:8 3|70:8 6|25:4 5|67:7 1|1:7 4|80:4 6|59:6 9|33:3 10|10:6 5|62:6 2|8:9 5|11:10 1|98:9 4|62:9 1|74:6 4|50:4 4|91:2 4|50:1 7|33:6 10|17:3 5|68:1 9|34:2 9|72:2 2|5:10 6|99:5 3|9:5 2|99:4 8|96:2 8|54:2 1|72:4 1|32:4 7|68:5 1|64:2 10|0:6 7|44:3 7|98:8 10|31:10 5|11:8 9|76:1 5|61:5 7|41:9 10|39:2 7|74:3 1|58:10 7|28:9 6|51:10 2|11:7 9|52:10 4|52:5 6|55:6 8|7:3 3|83:10 9|50:7 5|29:1 6|66:7 10|38:6 1|64:5 5|44:7 3|4:8 1|6:7 6|9:9 3|66:7 7|34:8 8|27:8 2|31:9 7|80:8 5|57:10 10|63:10 3|36:4 9|38:8 4|31:3 9|80:9 2|28:4 3|52:1 4|81:5 9|8:9 8|47:3 6|90:5 4|73:3 8|44:2 6|81:1 8|93:1 10|95:3 4|68:3 2|91:4 10|17:5 10|54:8 7|42:1 1|32:1 3|56:4 2|18:7 2|88:5 8|63:2 5|65:7 8|93:9 9|36:6 3|53:10 8|8:2 3|35:1 2</relation>
    <relation name="R84" arity="2" nbTuples="100" semantics="soft" defaultCost="infinity">98:4 9|42:5 9|29:6 4|39:5 10|41:3 8|35:5 8|90:10 7|72:10 8|74:7 5|20:5 4|99:1 4|91:1 8|80:2 5|16:6 7|53:3 3|70:1 6|26:4 7|4:7 9|89:2 3|58:9 1|60:8 4|32:6 5|77:5 3|42:4 6|42:9 3|2:10 6|76:2 1|74:3 5|92:8 7|1:1 2|50:4 8|57:10 1|30:5 1|39:7 1|29:4 2|90:10 10|32:4 4|19:10 4|53:6 10|11:5 6|3:8 10|95:8 6|93:7 8|56:6 1|58:9 4|63:5 2|10:4 3|84:6 2|21:3 2|43:9 2|58:4 5|12:4 1|69:1 10|16:5 5|30:2 9|5:1 7|74:2 4|79:6 3|39:10 2|58:7 3|43:1 1|16:10 9|78:8 9|92:3 10|65:5 7|72:2 2|23:7 4|7:10 3|7:1 5|27:8 1|73:1 3|71:9 5|10:6 9|15:9 7|4:6 8|60:7 6|39:9 6|70:9 8|25:3 6|12:8 8|16:8 2|51:7 10|69:2 8|64:3 4|2:9 9|81:8 3|13:3 1|27:6 6|45:9 10|61:7 2|27:10 5|85:4 10|29:3 9|52:7 7|55:1 9|32:3 7|99:2 10|10:2 7|62:2 6|39:8 5</relation>
    <relation name="R85" arity="2" nbTuples="100" semantics="soft" defaultCost="infinity">20:8 7|26:2 9|4:4 10|88:6 8|9:6 7|63:1 8|2:2 6|6:8 8|25:9 10|55:1 4|63:2 3|96:4 6|37:3 4|15:1 6|21:5 10|4:5 3|11:6 6|57:10 10|19:6 9|23:8 3|48:8 10|92:9 5|20:1 10|69:1 3|42:4 4|72:5 4|74:10 3|61:9 7|95:4 9|54:4 5|11:8 6|65:3 1|8:9 4|46:4 3|70:7 1|65:7 7|83:9 1|27:5 9|34:2 10|37:9 6|57:6 3|51:6 2|50:8 1|86:10 9|8:7 10|56:1 1|8:8 2|37:6 1|78:1 7|11:1 5|34:9 8|31:10 2|59:10 5|3:4 7|70:3 8|77:7 4|78:2 4|90:2 2|1:5 7|5:7 5|32:10 6|31:3 10|87:7 3|98:6 5|19:3 5|74:3 3|17:9 2|56:8 4|43:3 7|31:3 2|59:7 8|57:6 4|88:4 1|50:10 8|22:9 3|9:2 1|34:10 4|88:8 9|26:5 8|54:2 8|23:2 7|28:5 6|88:8 5|0:5 1|40:7 6|94:7 2|29:1 2|22:10 7|88:5 5|51:7 9|89:10 1|86:5 2|98:2 5|54:4 8|4:3 6|92:9 9|91:3 9|81:1 9|16:4 2|59:6 10</relation>
    <relation name="R86" arity="2" nbTuples="100" semantics="soft" defaultCost="infinity">82:2 5|87:6 3|89:8 5|73:1 10|24:5 6|71:1 6|26:5 5|60:10 2|63:3 2|98:1 2|47:4 9|14:2 7|82:6 9|30:2 10|53:8 2|21:7 5|54:5 7|27:3 6|16:5 4|98:10 10|17:10 7|89:5 3|33:3 9|32:3 5|24:3 10|77:4 7|65:5 8|22:4 5|24:7 1|19:1 1|54:9 10|95:8 1|58:8 3|87:2 9|78:3 3|87:2 1|0:9 9|18:1 5|25:9 3|29:8 9|89:2 3|23:9 8|25:9 4|4:8 7|93:9 6|72:7 3|88:7 6|12:4 3|35:5 10|32:5 1|92:8 8|51:10 1|45:2 6|64:6 1|8:6 10|38:9 2|20:7 2|0:5 2|93:10 8|76:9 7|62:4 4|73:7 4|81:1 9|74:6 7|77:10 6|58:10 3|96:6 6|63:10 4|3:3 1|61:9 5|63:4 6|4:6 2|78:8 6|96:10 5|63:9 1|92:4 8|70:3 4|86:8 10|80:5 9|24:1 8|88:7 7|41:7 8|64:6 8|62:4 10|79:6 4|83:7 10|55:6 5|61:3 7|38:1 7|19:1 4|42:2 4|42:4 2|2:4 1|35:1 3|2:10 9|67:3 8|47:2 2|53:7 9|99:8 4|8:2 8</relation>
    <relation name="R87" arity="2" nbTuples="100" semantics="soft" defaultCost="infinity">74:1 5|18:5 10|22:3 8|50:4 10|98:10 4|24:1 8|69:9 4|25:9 2|74:1 1|59:1 6|51:4 7|45:7 3|20:10 6|20:8 10|10:8 2|49:4 8|5:7 10|6:5 5|70:8 4|37:3 6|21:3 3|53:2 9|92:6 8|67:4 6|76:6 9|68:6 4|62:9 1|86:8 7|78:8 3|0:3 5|3:6 5|60:7 6|76:3 7|61:10 9|49:7 7|10:3 4|87:6 3|61:1 4|18:3 2|28:6 10|61:1 9|58:2 4|14:3 10|86:10 7|95:1 2|86:2 10|69:2 8|4:2 5|7:6 6|74:1 10|95:1 7|23:5 7|89:10 1|78:5 2|89:5 6|35:1 3|24:7 9|48:2 7|34:9 6|94:7 8|84:6 7|78:4 4|33:10 5|35:10 8|59:6 2|62:7 4|55:4 2|66:3 1|57:9 10|69:4 1|67:9 3|40:9 5|65:5 1|99:10 3|24:5 9|17:6 1|76:5 8|91:7 1|47:7 2|11:2 2|95:2 3|73:10 2|95:3 9|13:9 9|22:4 9|13:8 9|66:5 3|31:8 5|93:4 5|82:9 8|71:4 3|42:7 5|35:2 6|50:5 4|95:8 6|22:9 7|35:10 10|42:8 1|93:2 1|50:8 8</relation>
    <relation name="R88" arity="2" nbTuples="100" semantics="soft" defaultCost="infinity">66:10 4|63:8 5|37:8 1|90:8 6|56:3 5|55:10 9|2:7 6|89:5 10|59:9 9|35:4 8|9:3 2|53:5 1|18:4 9|59:8 7|5:5 3|38:2 10|96:6 8|15:5 8|20:10 5|14:10 3|92:3 10|7:4 7|33:9 5|37:9 10|35:8 2|19:9 7|14:4 4|49:6 2|76:9 8|41:2 8|74:7 8|6:9 1|54:4 10|78:3 3|79:3 8|30:1 10|17:7 1|96:1 4|5:8 4|2:1 1|57:3 6|6:2 4|25:10 8|35:1 2|37:1 8|73:1 9|31:6 3|57:6 6|73:4 3|84:2 2|68:1 5|15:4 2|76:8 9|85:4 5|60:2 5|96:2 6|54:6 5|82:8 3|36:8 8|7:1 3|66:3 4|96:10 6|52:7 9|44:7 5|69:7 10|23:6 4|90:9 4|91:6 1|21:6 10|67:4 6|53:7 3|20:5 7|58:6 9|64:7 7|14:5 5|53:5 6|79:8 10|30:4 1|5:1 7|49:10 2|1:5 4|1:2 7|61:1 6|57:9 2|15:2 1|38:10 10|31:7 2|17:5 9|56:10 7|12:6 7|91:2 3|90:9 6|63:3 7|51:10 1|59:5 2|90:9 3|66:7 4|68:3 9|61:3 1|18:2 9</relation>
    <relation name="R89" arity="2" nbTuples="100" semantics="soft" defaultCost="infinity">57:10 8|50:8 6|74:5 9|50:8 10|12:2 7|99:6 8|7:10 1|43:3 6|89:9 2|36:9 8|3:2 8|70:10 10|3:4 1|70:8 8|34:5 8|98:4 9|6:8 2|58:8 4|69:6 6|8:8 9|97:3 2|32:6 2|85:5 10|94:8 7|62:4 10|96:8 5|32:9 3|13:8 1|8:2 9|56:3 5|62:9 10|11:9 4|0:9 6|87:4 2|81:7 5|13:4 7|44:10 3|99:7 4|49:1 8|53:5 6|26:3 10|40:1 10|12:8 3|1:2 5|49:2 2|31:7 2|30:6 1|30:1 4|62:6 5|83:5 7|82:4 3|37:7 1|45:1 3|46:1 7|55:2 10|56:1 2|33:6 3|4:3 8|19:10 7|69:9 5|58:1 6|27:3 9|27:6 4|66:4 8|18:2 3|65:7 7|96:3 7|19:3 4|71:1 9|52:9 1|75:1 5|62:4 4|46:10 6|29:9 7|10:5 2|46:10 5|31:7 6|44:7 9|76:7 3|15:4 6|46:6 7|40:10 9|36:5 5|43:5 1|59:10 4|69:5 4|86:10 2|32:4 5|94:2 1|69:1 1|59:6 9|43:3 1|55:7 8|37:7 10|89:5 3|70:6 10|15:2 6|2:2 4|57:3 3|22:9 9</relation>
    <relation name="R90" arity="2" nbTuples="100" semantics="soft" defaultCost="infinity">88:4 10|69:4 4|28:2 8|22:1 1|88:9 5|38:10 4|91:6 6|78:8 3|52:7 2|54:8 6|23:1 5|80:8 2|49:5 5|47:5 9|5:10 5|83:8 10|57:7 6|20:5 2|24:6 2|43:10 10|73:4 8|90:6 10|14:3 6|87:6 1|32:4 6|11:1 8|58:2 4|57:9 9|14:1 4|54:9 1|27:2 9|70:2 5|98:3 4|41:2 7|20:7 9|39:6 5|15:7 5|9:9 2|89:10 1|8:8 1|18:6 7|45:10 8|28:9 10|36:9 6|14:2 6|91:7 1|5:9 7|63:7 3|86:5 10|41:10 6|47:1 6|18:6 4|86:8 5|69:6 3|78:4 5|90:6 8|1:7 4|32:4 3|23:7 7|33:2 10|36:3 2|18:1 2|13:4 7|70:3 8|5:9 4|12:3 3|3:5 6|24:6 9|33:1 7|92:4 9|79:3 10|32:5 8|30:8 8|16:4 2|25:3 5|74:9 3|53:10 2|75:7 8|73:8 4|96:1 10|40:5 7|89:10 3|11:5 1|82:5 3|76:10 7|31:4 1|54:5 4|38:3 1|96:8 9|68:2 1|88:2 3|93:9 8|64:3 9|29:1 3|67:7 10|51:10 9|6:1 9|50:8 7|59:3 7|95:2 2</relation>
    <relation name="R91" arity="2" nbTuples="100" semantics="soft" defaultCost="infinity">3:7 7|21:9 4|92:1 2|71:10 7|65:9 9|28:9 3|73:4 5|77:1 9|61:9 5|5:8 4|27:6 1|76:6 9|65:6 2|84:3 1|66:8 3|91:7 8|2:4 2|72:2 4|55:4 9|4:8 10|20:4 8|77:5 1|26:2 7|87:10 1|66:10 3|91:9 8|83:4 4|65:4 1|69:5 3|82:10 8|63:3 3|12:2 5|98:3 8|78:5 8|18:8 7|11:7 9|14:8 8|66:3 7|56:4 6|56:2 2|47:3 2|11:7 6|25:6 4|83:5 4|2:9 10|11:4 7|79:6 3|58:1 8|19:7 3|48:8 9|16:2 10|72:10 2|78:5 7|88:10 6|90:2 8|4:3 9|38:5 6|24:2 6|25:9 1|89:4 10|30:10 4|71:7 1|25:4 3|21:3 6|90:3 5|65:3 4|23:1 5|40:7 5|93:8 1|46:9 6|22:5 10|91:1 1|86:1 10|38:8 2|63:5 5|35:5 2|27:6 8|17:9 7|7:1 7|57:1 6|39:10 9|14:7 4|9:8 5|54:1 3|61:6 10|5:6 6|91:2 3|73:10 5|92:10 10|51:6 5|55:9 2|50:6 7|5:1 4|26:2 9|43:8 6|42:7 2|76:5 9|75:2 1|52:7 10|66:3 10</relation>
    <relation name="R92" arity="2" nbTuples="100" semantics="soft" defaultCost="infinity">1:1 9|30:8 2|68:6 4|47:10 4|92:5 5|63:5 9|65:1 8|90:6 1|19:8 8|4:2 2|84:9 3|47:2 6|69:8 9|73:6 10|76:1 6|23:9 7|28:7 2|20:9 5|60:10 7|61:2 3|1:3 4|29:2 9|3:5 2|8:10 2|20:4 10|32:5 7|38:6 7|29:4 2|63:2 5|88:2 7|7:4 3|91:9 8|77:3 6|63:1 4|93:1 5|66:7 7|46:2 10|9:4 5|96:3 5|30:3 8|54:4 4|92:10 10|47:9 2|40:8 1|35:6 8|14:3 7|66:6 2|81:8 7|52:6 3|4:7 3|52:8 5|48:6 9|67:10 1|86:10 5|99:3 10|26:9 1|81:9 9|6:5 4|0:4 9|60:8 6|50:10 6|97:3 2|6:4 6|87:3 9|7:10 3|9:1 10|4:5 10|65:4 7|27:10 9|59:2 4|37:3 3|94:7 9|53:1 7|48:9 10|65:5 6|95:7 1|50:7 4|27:3 1|62:4 1|46:7 10|97:2 8|96:7 8|93:9 4|13:10 8|60:1 2|33:5 1|57:8 3|3:2 1|82:5 3|33:1 3|32:6 5|87:9 6|32:7 5|22:4 8|39:7 6|13:8 4|65:1 1|32:5 8|8:8 10|46:6 6</relation>
    <relation name="R93" arity="2" nbTuples="100" semantics="soft" defaultCost="infinity">37:2 10|42:1 6|90:3 1|43:7 9|7:6 9|78:5 3|35:9 7|87:3 2|41:8 3|41:8 1|42:9 4|51:10 4|35:6 4|14:10 3|32:6 1|72:4 6|71:5 4|42:10 7|12:6 5|51:5 2|7:10 10|80:9 3|72:8 2|52:10 9|84:6 6|97:4 4|80:1 1|46:6 2|39:4 9|12:3 8|90:7 3|4:2 5|36:8 5|34:8 8|88:8 6|64:1 7|53:3 4|3:5 9|40:4 2|60:9 2|91:3 10|31:2 8|59:9 9|47:2 7|76:10 2|22:4 10|37:8 10|96:7 2|53:4 8|88:10 8|74:4 1|31:7 10|90:10 5|44:3 6|31:7 1|21:1 2|96:9 1|1:5 5|13:2 4|80:5 10|34:7 5|43:1 10|97:7 6|80:4 5|72:8 9|10:1 8|54:3 5|99:5 1|61:5 7|63:8 4|21:9 8|37:10 6|14:8 7|93:7 8|84:3 9|68:5 8|32:1 3|97:2 6|38:7 7|41:3 7|65:2 9|53:2 3|52:2 1|93:7 4|55:1 4|56:1 5|75:9 10|0:4 3|19:6 3|32:10 1|22:9 5|52:1 9|26:9 6|90:4 7|48:5 6|18:6 10|19:3 3|13:6 7|24:2 2|7:6 8</relation>
    <relation name="R94" arity="2" nbTuples="100" semantics="soft" defaultCost="infinity">72:1 7|14:8 6|86:2 6|19:4 8|97:8 5|41:1 10|56:5 6|4:4 9|79:5 7|76:7 8|85:9 2|34:10 5|38:6 1|71:5 5|32:10 10|26:5 3|29:9 9|55:8 4|99:7 7|26:3 7|40:7 4|26:5 2|75:5 9|34:6 6|88:2 4|25:9 3|65:7 3|70:4 6|57:10 1|97:7 2|1:4 4|97:8 10|71:6 10|98:3 5|62:6 4|43:7 10|85:9 1|5:8 2|32:4 2|76:2 9|60:4 5|83:4 1|60:2 10|66:10 6|52:3 3|31:9 6|22:8 7|62:6 3|65:7 9|4:8 3|98:3 8|51:5 8|19:8 1|23:3 2|58:9 5|21:3 10|75:4 7|97:2 5|74:1 3|27:7 5|71:6 8|42:1 2|0:10 3|0:10 2|41:8 8|55:6 7|91:7 6|26:1 8|39:5 4|36:1 6|76:5 1|78:6 5|64:9 4|70:3 4|11:3 6|64:6 9|18:10 7|2:9 7|30:2 3|68:1 5|37:2 8|56:2 2|78:7 1|75:10 9|58:10 4|97:5 10|55:3 1|82:1 1|28:3 9|68:10 8|76:9 10|46:8 9|48:9 8|0:4 10|16:2 1|46:1 9|82:1 4|55:4 3|78:6 2|14:2 7</relation>
  </relations>
  <GuiPresentation type="DCOP" benchmark="RandomDCOP" name="instance1" model="TKC" nbAgents="20" domainSize="10" density="50" tightness="0" nbConstraints="95" nbTuples="100" />
</instance>
