<?xml version="1.0" encoding="UTF-8"?>
<instance>
  <presentation name="instance1" type="DCOP" benchmark="RandomDCOP" model="Simple" constraintModel="TKC" format="XDisCSP 1.0" />
  <agents nbAgents="5">
    <agent name="A1" id="1" description="agent 1" />
    <agent name="A2" id="2" description="agent 2" />
    <agent name="A3" id="3" description="agent 3" />
    <agent name="A4" id="4" description="agent 4" />
    <agent name="A5" id="5" description="agent 5" />
  </agents>
  <domains nbDomains="1">
    <domain name="D1" nbValues="3">1..3</domain>
  </domains>
  <variables nbVariables="5">
    <variable agent="A1" name="X1.1" id="1" domain="D1" description="variable 1.1" />
    <variable agent="A2" name="X2.1" id="1" domain="D1" description="variable 2.1" />
    <variable agent="A3" name="X3.1" id="1" domain="D1" description="variable 3.1" />
    <variable agent="A4" name="X4.1" id="1" domain="D1" description="variable 4.1" />
    <variable agent="A5" name="X5.1" id="1" domain="D1" description="variable 5.1" />
  </variables>
  <constraints nbConstraints="4" initialCost="0" maximalCost="infinity">
    <constraint name="C0" model="TKC" arity="2" scope="X1.1 X2.1" reference="R0" />
    <constraint name="C1" model="TKC" arity="2" scope="X1.1 X3.1" reference="R1" />
    <constraint name="C2" model="TKC" arity="2" scope="X1.1 X5.1" reference="R2" />
    <constraint name="C3" model="TKC" arity="2" scope="X3.1 X4.1" reference="R3" />
  </constraints>
  <relations nbRelations="4">
    <relation name="R0" arity="2" nbTuples="9" semantics="soft" defaultCost="infinity">86:3 1|48:1 1|74:3 2|8:3 3|55:1 3|65:1 2|49:2 2|17:2 3|55:2 1</relation>
    <relation name="R1" arity="2" nbTuples="9" semantics="soft" defaultCost="infinity">23:2 3|1:3 2|65:1 2|8:1 3|82:3 3|33:1 1|7:3 1|65:2 2|34:2 1</relation>
    <relation name="R2" arity="2" nbTuples="9" semantics="soft" defaultCost="infinity">80:2 2|9:1 1|30:3 2|55:2 1|61:3 3|74:2 3|23:3 1|47:1 2|82:1 3</relation>
    <relation name="R3" arity="2" nbTuples="9" semantics="soft" defaultCost="infinity">14:3 3|82:3 1|52:2 1|87:2 3|58:1 1|8:1 2|80:1 3|9:3 2|15:2 2</relation>
  </relations>
  <GuiPresentation type="DCOP" benchmark="RandomDCOP" name="instance1" model="TKC" nbAgents="5" domainSize="3" density="40" tightness="0" nbConstraints="4" nbTuples="9" />
</instance>
