<?xml version="1.0" encoding="UTF-8"?>
<instance>
  <presentation name="instance1" type="DCOP" benchmark="RandomDCOP" model="Simple" constraintModel="TKC" format="XDisCSP 1.0" />
  <agents nbAgents="7">
    <agent name="A1" id="1" description="agent 1" />
    <agent name="A2" id="2" description="agent 2" />
    <agent name="A3" id="3" description="agent 3" />
    <agent name="A4" id="4" description="agent 4" />
    <agent name="A5" id="5" description="agent 5" />
    <agent name="A6" id="6" description="agent 6" />
    <agent name="A7" id="7" description="agent 7" />
  </agents>
  <domains nbDomains="1">
    <domain name="D1" nbValues="10">1..10</domain>
  </domains>
  <variables nbVariables="7">
    <variable agent="A1" name="X1.1" id="1" domain="D1" description="variable 1.1" />
    <variable agent="A2" name="X2.1" id="1" domain="D1" description="variable 2.1" />
    <variable agent="A3" name="X3.1" id="1" domain="D1" description="variable 3.1" />
    <variable agent="A4" name="X4.1" id="1" domain="D1" description="variable 4.1" />
    <variable agent="A5" name="X5.1" id="1" domain="D1" description="variable 5.1" />
    <variable agent="A6" name="X6.1" id="1" domain="D1" description="variable 6.1" />
    <variable agent="A7" name="X7.1" id="1" domain="D1" description="variable 7.1" />
  </variables>
  <constraints nbConstraints="10" initialCost="0" maximalCost="infinity">
    <constraint name="C0" model="TKC" arity="2" scope="X1.1 X2.1" reference="R0" />
    <constraint name="C1" model="TKC" arity="2" scope="X1.1 X4.1" reference="R1" />
    <constraint name="C2" model="TKC" arity="2" scope="X1.1 X5.1" reference="R2" />
    <constraint name="C3" model="TKC" arity="2" scope="X2.1 X5.1" reference="R3" />
    <constraint name="C4" model="TKC" arity="2" scope="X2.1 X6.1" reference="R4" />
    <constraint name="C5" model="TKC" arity="2" scope="X3.1 X4.1" reference="R5" />
    <constraint name="C6" model="TKC" arity="2" scope="X4.1 X5.1" reference="R6" />
    <constraint name="C7" model="TKC" arity="2" scope="X4.1 X7.1" reference="R7" />
    <constraint name="C8" model="TKC" arity="2" scope="X5.1 X6.1" reference="R8" />
    <constraint name="C9" model="TKC" arity="2" scope="X6.1 X7.1" reference="R9" />
  </constraints>
  <relations nbRelations="10">
    <relation name="R0" arity="2" nbTuples="100" semantics="soft" defaultCost="infinity">44:3 9|23:4 6|23:1 2|52:6 7|71:1 6|67:10 6|23:7 3|77:3 2|24:9 8|1:4 4|8:8 8|16:8 10|49:5 6|88:3 8|76:8 1|83:6 2|56:5 9|54:2 7|59:2 9|2:8 2|39:7 10|82:2 1|9:8 6|63:4 8|28:1 1|45:1 4|29:1 3|96:3 4|80:1 8|16:7 4|62:9 9|81:10 5|86:5 2|6:6 5|43:2 8|80:4 7|34:4 10|96:7 1|53:5 4|71:4 2|76:3 3|42:7 2|69:5 8|38:9 7|96:9 1|84:4 5|25:5 3|51:9 2|53:6 1|4:9 6|18:3 10|23:8 4|92:7 8|60:1 7|30:10 1|80:2 2|31:5 5|39:6 4|2:6 3|74:1 10|17:9 5|26:10 10|82:1 5|64:9 10|77:3 6|20:3 5|59:2 5|18:2 10|16:5 10|48:6 8|85:10 2|46:4 3|18:10 9|99:6 6|42:7 9|9:6 10|30:8 9|49:10 7|94:10 8|29:7 6|24:4 1|22:4 9|59:9 3|42:10 4|39:9 4|75:7 7|28:1 9|94:7 5|77:5 1|84:5 7|12:8 7|39:3 1|96:8 5|0:2 4|22:8 3|21:6 9|60:10 3|46:2 6|99:3 7|38:2 3</relation>
    <relation name="R1" arity="2" nbTuples="100" semantics="soft" defaultCost="infinity">13:7 7|50:1 2|56:5 4|50:10 5|63:10 2|72:5 6|64:7 3|8:5 8|95:4 8|48:4 6|33:5 3|43:9 6|62:5 7|96:6 10|94:6 2|0:9 4|4:6 6|94:6 3|59:8 8|16:10 9|27:3 3|55:3 9|64:3 8|82:4 10|99:4 4|28:8 2|58:1 10|80:1 9|68:5 1|31:2 4|30:9 10|85:3 1|61:1 1|24:9 2|87:2 3|18:4 1|1:3 2|45:10 6|66:10 7|10:9 3|81:2 6|88:6 9|40:9 1|83:7 9|87:8 4|5:1 7|93:8 6|21:3 5|22:1 8|7:4 9|85:1 5|75:2 8|69:8 7|54:10 1|12:1 6|79:7 4|67:7 10|23:9 9|24:2 1|0:1 3|97:6 7|16:2 2|31:8 9|67:3 10|93:8 3|3:8 1|76:6 5|41:8 10|79:6 1|64:10 8|14:7 5|20:7 6|24:4 5|81:10 3|58:3 6|7:3 4|88:6 8|76:2 10|27:4 7|61:2 9|77:2 7|37:5 5|42:5 10|2:3 7|15:10 10|38:9 8|89:8 5|87:5 9|39:4 3|63:9 7|78:10 4|16:7 1|75:9 5|52:1 4|74:5 2|33:7 2|86:4 2|60:7 8|88:6 4|7:2 5</relation>
    <relation name="R2" arity="2" nbTuples="100" semantics="soft" defaultCost="infinity">42:2 4|70:9 7|58:4 7|62:7 3|95:1 4|34:5 10|8:9 6|74:9 5|46:1 5|21:1 6|92:6 7|63:10 5|56:10 2|90:10 8|99:3 3|88:6 3|65:2 10|80:9 9|59:10 6|26:1 3|86:7 9|76:9 4|57:1 1|56:4 8|43:5 1|60:8 5|26:8 3|82:10 10|48:5 6|80:3 4|68:5 5|3:7 5|33:8 9|57:9 8|44:8 7|20:2 9|0:6 8|11:6 6|35:7 6|64:9 3|27:2 2|52:10 7|26:2 6|48:5 8|76:1 8|29:1 9|44:6 10|58:4 5|30:10 1|53:4 10|36:4 9|52:7 2|67:3 1|50:3 5|5:4 4|40:3 7|53:4 3|81:5 4|40:3 10|38:10 4|27:9 1|31:6 2|30:7 7|67:1 7|39:3 9|76:2 1|64:5 3|21:7 10|7:7 4|10:4 6|96:2 7|46:5 9|11:7 1|0:6 9|14:5 2|36:3 6|54:8 8|60:10 3|50:4 1|47:1 10|26:3 2|15:10 9|55:8 10|8:9 2|94:8 2|37:9 10|35:2 5|26:6 5|27:8 4|87:7 8|87:6 4|1:1 2|82:5 7|67:6 1|29:2 3|77:4 2|53:3 8|80:8 6|97:2 8|61:8 1</relation>
    <relation name="R3" arity="2" nbTuples="100" semantics="soft" defaultCost="infinity">73:4 3|4:1 10|19:10 7|14:3 2|17:5 3|31:2 9|84:10 4|88:1 2|94:7 10|47:4 7|55:9 10|52:2 3|33:9 4|60:8 1|36:3 5|29:10 1|66:1 9|67:3 8|72:5 10|85:8 6|96:7 6|97:1 3|51:9 8|91:3 9|9:1 5|8:3 1|98:5 9|8:7 5|20:8 5|89:6 7|25:3 6|3:5 4|40:1 8|14:4 10|64:6 4|71:7 8|32:1 4|0:6 6|37:8 9|54:2 10|94:5 6|71:8 2|15:8 7|45:2 4|50:3 10|26:4 8|62:10 8|8:4 6|85:8 8|38:7 9|90:10 3|36:6 2|52:7 1|12:9 7|35:6 9|56:8 10|13:1 7|13:2 1|48:6 1|15:3 4|86:7 7|15:1 1|22:9 9|46:9 5|71:3 7|95:5 1|19:4 4|0:4 2|90:9 1|25:6 10|9:7 2|43:3 3|10:2 5|33:2 7|30:10 10|6:8 3|31:6 8|86:4 9|19:9 6|74:5 2|21:7 3|55:6 5|11:10 9|19:7 4|89:5 8|56:4 1|54:4 5|90:10 6|62:5 7|16:10 5|60:10 2|90:2 6|94:5 5|78:8 4|94:6 3|64:9 3|27:1 6|1:2 8|69:9 2|60:2 2</relation>
    <relation name="R4" arity="2" nbTuples="100" semantics="soft" defaultCost="infinity">85:5 8|13:2 4|98:1 2|1:9 3|82:2 9|6:9 1|78:3 3|47:5 7|6:6 8|80:9 9|93:6 3|59:8 10|31:6 6|25:7 10|97:4 6|49:8 5|61:8 2|58:5 10|4:9 7|99:1 3|41:3 5|53:10 5|11:7 3|12:8 8|36:3 9|94:2 10|86:3 6|14:4 10|2:2 7|64:5 3|27:9 4|74:1 10|80:10 9|27:2 3|36:7 9|20:9 2|9:10 3|73:3 4|63:7 4|57:10 1|54:5 4|30:7 1|5:6 9|68:10 8|95:2 5|54:1 9|62:3 1|44:4 3|79:9 5|23:3 10|21:9 10|10:4 5|56:1 7|1:8 3|86:8 9|13:10 6|34:3 7|56:5 1|89:4 9|70:8 6|74:6 7|1:10 7|25:6 2|66:9 6|61:4 4|11:7 2|92:2 8|73:7 5|60:7 6|81:4 2|55:2 6|27:7 8|75:4 8|34:4 7|96:1 1|49:1 6|39:10 4|28:8 1|2:7 7|34:2 2|70:4 1|26:5 5|24:5 2|23:9 8|76:1 4|22:8 7|27:6 5|33:10 2|61:8 4|7:3 2|15:6 10|7:1 8|39:10 10|24:6 4|58:5 6|98:1 5|50:5 9|8:3 8|83:2 1|31:6 1</relation>
    <relation name="R5" arity="2" nbTuples="100" semantics="soft" defaultCost="infinity">65:5 8|90:3 6|81:5 1|6:1 4|64:9 3|67:2 4|26:8 6|82:5 4|62:2 7|67:2 3|47:9 8|65:3 9|93:4 3|66:10 8|85:6 10|4:2 8|93:1 10|23:8 5|39:9 1|79:10 6|48:3 2|10:10 10|34:9 6|76:10 3|4:1 5|11:6 3|34:8 1|83:2 2|90:7 5|10:4 1|69:6 2|97:8 4|74:7 7|11:7 2|36:8 2|38:1 8|67:4 6|25:1 6|11:9 7|9:1 2|14:4 2|57:9 9|88:2 10|8:4 8|23:8 3|53:10 1|64:3 10|59:5 3|57:3 8|67:5 2|94:3 7|0:10 7|76:8 7|69:5 9|5:5 5|98:1 3|42:8 10|56:6 6|67:4 7|51:4 10|65:4 4|91:2 1|22:3 3|75:5 7|81:6 4|15:4 5|16:7 4|51:6 8|8:6 1|90:9 2|76:1 7|73:10 5|63:2 5|65:8 8|52:8 9|21:7 10|59:6 5|39:6 9|59:2 9|51:5 6|94:3 4|54:10 9|94:3 5|17:7 6|30:4 9|47:3 1|12:9 4|19:2 6|39:7 1|4:6 7|31:10 2|19:9 10|74:9 5|7:7 3|86:7 9|89:5 10|57:7 8|9:1 1|71:1 9|93:10 4</relation>
    <relation name="R6" arity="2" nbTuples="100" semantics="soft" defaultCost="infinity">19:8 6|78:10 6|86:3 2|15:10 7|74:6 5|13:3 9|6:6 9|96:2 8|11:3 7|35:6 10|48:3 1|38:2 5|69:7 6|12:10 3|96:4 3|16:4 5|1:5 9|34:10 5|42:1 10|54:6 4|93:9 10|86:3 5|14:6 2|38:6 8|44:5 1|82:9 2|3:4 1|59:7 5|32:10 1|74:8 2|66:8 8|46:9 6|38:5 4|1:2 4|30:1 1|3:2 6|30:4 7|31:9 4|47:1 6|38:4 8|13:7 10|22:10 8|81:9 1|28:7 9|44:5 6|30:6 3|48:2 10|97:4 4|89:4 6|62:10 2|86:10 4|96:5 7|86:1 3|71:7 8|10:2 3|56:7 3|51:5 8|86:4 9|5:9 5|95:5 2|38:6 1|3:8 4|85:3 6|83:10 9|54:8 7|10:2 2|32:3 8|42:9 7|94:7 4|90:8 3|47:8 5|47:1 9|68:8 1|54:4 2|36:5 3|49:7 2|16:4 10|58:1 4|50:8 10|77:6 7|65:7 1|44:1 5|42:8 9|50:9 3|88:2 7|41:3 4|65:3 3|37:7 7|50:10 10|82:1 2|86:1 8|38:5 5|0:2 1|22:2 9|74:9 8|63:3 10|78:1 7|20:5 10|88:9 9|74:6 6</relation>
    <relation name="R7" arity="2" nbTuples="100" semantics="soft" defaultCost="infinity">23:6 5|65:7 3|25:7 6|27:6 8|69:3 3|28:3 4|4:5 9|4:5 7|68:7 10|0:8 10|34:4 10|31:6 4|53:9 1|22:1 7|45:3 6|84:2 10|55:10 7|87:2 4|26:4 9|89:1 9|11:9 5|39:8 3|34:2 3|40:6 1|92:10 8|95:9 2|41:9 6|22:8 9|95:10 5|55:3 10|30:8 6|29:6 10|80:7 9|84:2 5|45:10 6|82:6 9|83:1 8|86:4 4|83:7 8|59:5 8|12:2 7|55:9 10|41:10 4|94:10 3|79:4 6|46:3 5|73:7 4|92:4 8|23:8 8|24:8 1|59:1 5|99:8 2|50:4 2|70:10 1|24:3 7|92:7 5|75:5 4|36:10 10|46:9 8|89:1 4|79:2 1|26:1 6|1:5 1|18:5 6|0:7 7|95:5 3|63:8 4|95:6 3|88:1 10|81:9 9|52:9 7|28:6 2|6:4 1|22:5 5|90:4 7|80:1 2|76:9 3|33:3 8|86:8 5|87:1 1|59:6 6|73:3 1|97:1 3|63:5 10|97:7 2|92:8 7|0:4 3|30:3 2|93:3 9|45:5 2|19:10 9|69:2 2|69:6 7|26:7 1|81:2 9|82:2 6|91:4 5|54:2 8|29:10 2|39:9 4</relation>
    <relation name="R8" arity="2" nbTuples="100" semantics="soft" defaultCost="infinity">47:9 4|73:1 1|12:2 2|87:5 9|67:1 2|5:8 3|18:10 8|4:8 5|70:9 9|83:3 6|27:6 3|50:4 8|88:2 6|35:1 7|98:1 5|53:6 2|96:5 10|77:3 8|61:8 9|86:2 8|85:8 2|70:8 10|79:3 10|35:1 10|12:6 8|32:8 6|58:5 4|40:10 10|39:2 10|53:4 9|21:10 5|18:9 8|95:10 4|32:7 2|46:9 5|43:7 9|83:9 1|85:5 1|28:5 6|68:8 8|86:3 5|77:3 9|69:1 6|22:7 5|48:2 4|67:7 4|85:3 4|89:4 3|77:6 7|24:2 3|33:4 5|23:1 4|8:8 4|43:10 2|85:4 7|9:9 3|93:6 5|73:3 2|50:5 3|92:2 7|19:3 3|58:10 1|39:10 9|9:7 8|66:2 9|50:3 1|48:10 7|89:1 8|93:4 4|32:4 1|14:6 6|97:5 7|1:9 10|66:5 5|43:9 2|38:9 6|27:8 7|2:10 3|68:4 6|6:6 1|1:1 9|1:6 10|89:8 1|9:7 7|62:7 6|12:6 4|63:3 7|81:9 7|53:5 2|58:2 1|66:10 6|9:4 2|49:7 3|75:1 3|6:5 8|73:6 9|75:7 10|43:2 5|2:7 1|96:4 10</relation>
    <relation name="R9" arity="2" nbTuples="100" semantics="soft" defaultCost="infinity">31:1 4|11:3 5|47:10 9|74:8 2|33:9 9|75:2 6|42:4 8|65:2 4|65:3 8|96:4 10|45:9 2|14:9 3|45:8 4|21:2 7|8:6 9|70:5 5|6:4 9|42:9 8|43:3 10|32:8 7|15:1 2|35:6 2|18:5 2|94:6 5|39:5 6|41:2 5|88:6 4|38:6 10|17:5 10|22:8 10|94:10 2|19:8 9|75:7 8|55:10 6|7:9 7|87:3 7|80:8 6|65:6 3|72:10 4|8:1 1|92:10 3|83:7 3|30:7 5|89:1 8|21:7 10|32:5 9|64:1 5|55:9 1|94:10 5|10:7 1|36:3 6|82:9 10|9:2 8|51:6 7|27:3 2|32:3 3|90:3 1|9:1 3|3:4 2|78:4 4|59:1 9|55:10 1|62:4 5|52:7 2|51:1 7|64:6 6|82:5 4|19:5 1|61:10 8|13:10 7|80:3 4|21:8 5|11:7 6|67:9 6|50:3 9|35:4 1|70:7 9|56:6 1|79:2 1|88:4 3|30:1 10|64:7 4|20:4 7|24:1 6|44:5 8|58:4 6|94:2 10|53:10 10|73:9 5|6:5 3|52:5 7|54:7 7|74:8 8|38:2 2|40:8 3|68:6 8|7:2 9|19:9 4|75:8 1|63:2 3</relation>
  </relations>
  <GuiPresentation type="DCOP" benchmark="RandomDCOP" name="instance1" model="TKC" nbAgents="7" domainSize="10" density="50" tightness="0" nbConstraints="10" nbTuples="100" />
</instance>
