<?xml version="1.0" encoding="UTF-8"?>
<instance>
  <presentation name="instance2" type="DCOP" benchmark="RandomDCOP" model="Simple" constraintModel="TKC" format="XDisCSP 1.0" />
  <agents nbAgents="30">
    <agent name="A1" id="1" description="agent 1" />
    <agent name="A2" id="2" description="agent 2" />
    <agent name="A3" id="3" description="agent 3" />
    <agent name="A4" id="4" description="agent 4" />
    <agent name="A5" id="5" description="agent 5" />
    <agent name="A6" id="6" description="agent 6" />
    <agent name="A7" id="7" description="agent 7" />
    <agent name="A8" id="8" description="agent 8" />
    <agent name="A9" id="9" description="agent 9" />
    <agent name="A10" id="10" description="agent 10" />
    <agent name="A11" id="11" description="agent 11" />
    <agent name="A12" id="12" description="agent 12" />
    <agent name="A13" id="13" description="agent 13" />
    <agent name="A14" id="14" description="agent 14" />
    <agent name="A15" id="15" description="agent 15" />
    <agent name="A16" id="16" description="agent 16" />
    <agent name="A17" id="17" description="agent 17" />
    <agent name="A18" id="18" description="agent 18" />
    <agent name="A19" id="19" description="agent 19" />
    <agent name="A20" id="20" description="agent 20" />
    <agent name="A21" id="21" description="agent 21" />
    <agent name="A22" id="22" description="agent 22" />
    <agent name="A23" id="23" description="agent 23" />
    <agent name="A24" id="24" description="agent 24" />
    <agent name="A25" id="25" description="agent 25" />
    <agent name="A26" id="26" description="agent 26" />
    <agent name="A27" id="27" description="agent 27" />
    <agent name="A28" id="28" description="agent 28" />
    <agent name="A29" id="29" description="agent 29" />
    <agent name="A30" id="30" description="agent 30" />
  </agents>
  <domains nbDomains="1">
    <domain name="D1" nbValues="2">1..2</domain>
  </domains>
  <variables nbVariables="30">
    <variable agent="A1" name="X1.1" id="1" domain="D1" description="variable 1.1" />
    <variable agent="A2" name="X2.1" id="1" domain="D1" description="variable 2.1" />
    <variable agent="A3" name="X3.1" id="1" domain="D1" description="variable 3.1" />
    <variable agent="A4" name="X4.1" id="1" domain="D1" description="variable 4.1" />
    <variable agent="A5" name="X5.1" id="1" domain="D1" description="variable 5.1" />
    <variable agent="A6" name="X6.1" id="1" domain="D1" description="variable 6.1" />
    <variable agent="A7" name="X7.1" id="1" domain="D1" description="variable 7.1" />
    <variable agent="A8" name="X8.1" id="1" domain="D1" description="variable 8.1" />
    <variable agent="A9" name="X9.1" id="1" domain="D1" description="variable 9.1" />
    <variable agent="A10" name="X10.1" id="1" domain="D1" description="variable 10.1" />
    <variable agent="A11" name="X11.1" id="1" domain="D1" description="variable 11.1" />
    <variable agent="A12" name="X12.1" id="1" domain="D1" description="variable 12.1" />
    <variable agent="A13" name="X13.1" id="1" domain="D1" description="variable 13.1" />
    <variable agent="A14" name="X14.1" id="1" domain="D1" description="variable 14.1" />
    <variable agent="A15" name="X15.1" id="1" domain="D1" description="variable 15.1" />
    <variable agent="A16" name="X16.1" id="1" domain="D1" description="variable 16.1" />
    <variable agent="A17" name="X17.1" id="1" domain="D1" description="variable 17.1" />
    <variable agent="A18" name="X18.1" id="1" domain="D1" description="variable 18.1" />
    <variable agent="A19" name="X19.1" id="1" domain="D1" description="variable 19.1" />
    <variable agent="A20" name="X20.1" id="1" domain="D1" description="variable 20.1" />
    <variable agent="A21" name="X21.1" id="1" domain="D1" description="variable 21.1" />
    <variable agent="A22" name="X22.1" id="1" domain="D1" description="variable 22.1" />
    <variable agent="A23" name="X23.1" id="1" domain="D1" description="variable 23.1" />
    <variable agent="A24" name="X24.1" id="1" domain="D1" description="variable 24.1" />
    <variable agent="A25" name="X25.1" id="1" domain="D1" description="variable 25.1" />
    <variable agent="A26" name="X26.1" id="1" domain="D1" description="variable 26.1" />
    <variable agent="A27" name="X27.1" id="1" domain="D1" description="variable 27.1" />
    <variable agent="A28" name="X28.1" id="1" domain="D1" description="variable 28.1" />
    <variable agent="A29" name="X29.1" id="1" domain="D1" description="variable 29.1" />
    <variable agent="A30" name="X30.1" id="1" domain="D1" description="variable 30.1" />
  </variables>
  <constraints nbConstraints="174" initialCost="0" maximalCost="infinity">
    <constraint name="C0" model="TKC" arity="2" scope="X1.1 X12.1" reference="R0" />
    <constraint name="C1" model="TKC" arity="2" scope="X1.1 X23.1" reference="R1" />
    <constraint name="C2" model="TKC" arity="2" scope="X1.1 X13.1" reference="R2" />
    <constraint name="C3" model="TKC" arity="2" scope="X1.1 X3.1" reference="R3" />
    <constraint name="C4" model="TKC" arity="2" scope="X1.1 X25.1" reference="R4" />
    <constraint name="C5" model="TKC" arity="2" scope="X1.1 X27.1" reference="R5" />
    <constraint name="C6" model="TKC" arity="2" scope="X1.1 X5.1" reference="R6" />
    <constraint name="C7" model="TKC" arity="2" scope="X1.1 X6.1" reference="R7" />
    <constraint name="C8" model="TKC" arity="2" scope="X1.1 X30.1" reference="R8" />
    <constraint name="C9" model="TKC" arity="2" scope="X1.1 X29.1" reference="R9" />
    <constraint name="C10" model="TKC" arity="2" scope="X1.1 X10.1" reference="R10" />
    <constraint name="C11" model="TKC" arity="2" scope="X1.1 X18.1" reference="R11" />
    <constraint name="C12" model="TKC" arity="2" scope="X2.1 X23.1" reference="R12" />
    <constraint name="C13" model="TKC" arity="2" scope="X2.1 X12.1" reference="R13" />
    <constraint name="C14" model="TKC" arity="2" scope="X2.1 X3.1" reference="R14" />
    <constraint name="C15" model="TKC" arity="2" scope="X2.1 X5.1" reference="R15" />
    <constraint name="C16" model="TKC" arity="2" scope="X2.1 X15.1" reference="R16" />
    <constraint name="C17" model="TKC" arity="2" scope="X2.1 X17.1" reference="R17" />
    <constraint name="C18" model="TKC" arity="2" scope="X2.1 X9.1" reference="R18" />
    <constraint name="C19" model="TKC" arity="2" scope="X2.1 X11.1" reference="R19" />
    <constraint name="C20" model="TKC" arity="2" scope="X2.1 X19.1" reference="R20" />
    <constraint name="C21" model="TKC" arity="2" scope="X3.1 X25.1" reference="R21" />
    <constraint name="C22" model="TKC" arity="2" scope="X3.1 X14.1" reference="R22" />
    <constraint name="C23" model="TKC" arity="2" scope="X3.1 X24.1" reference="R23" />
    <constraint name="C24" model="TKC" arity="2" scope="X3.1 X6.1" reference="R24" />
    <constraint name="C25" model="TKC" arity="2" scope="X3.1 X8.1" reference="R25" />
    <constraint name="C26" model="TKC" arity="2" scope="X3.1 X9.1" reference="R26" />
    <constraint name="C27" model="TKC" arity="2" scope="X3.1 X22.1" reference="R27" />
    <constraint name="C28" model="TKC" arity="2" scope="X3.1 X30.1" reference="R28" />
    <constraint name="C29" model="TKC" arity="2" scope="X4.1 X24.1" reference="R29" />
    <constraint name="C30" model="TKC" arity="2" scope="X4.1 X14.1" reference="R30" />
    <constraint name="C31" model="TKC" arity="2" scope="X4.1 X16.1" reference="R31" />
    <constraint name="C32" model="TKC" arity="2" scope="X4.1 X28.1" reference="R32" />
    <constraint name="C33" model="TKC" arity="2" scope="X4.1 X20.1" reference="R33" />
    <constraint name="C34" model="TKC" arity="2" scope="X4.1 X8.1" reference="R34" />
    <constraint name="C35" model="TKC" arity="2" scope="X4.1 X29.1" reference="R35" />
    <constraint name="C36" model="TKC" arity="2" scope="X4.1 X21.1" reference="R36" />
    <constraint name="C37" model="TKC" arity="2" scope="X4.1 X30.1" reference="R37" />
    <constraint name="C38" model="TKC" arity="2" scope="X4.1 X22.1" reference="R38" />
    <constraint name="C39" model="TKC" arity="2" scope="X4.1 X11.1" reference="R39" />
    <constraint name="C40" model="TKC" arity="2" scope="X5.1 X15.1" reference="R40" />
    <constraint name="C41" model="TKC" arity="2" scope="X5.1 X6.1" reference="R41" />
    <constraint name="C42" model="TKC" arity="2" scope="X5.1 X26.1" reference="R42" />
    <constraint name="C43" model="TKC" arity="2" scope="X5.1 X12.1" reference="R43" />
    <constraint name="C44" model="TKC" arity="2" scope="X5.1 X23.1" reference="R44" />
    <constraint name="C45" model="TKC" arity="2" scope="X5.1 X11.1" reference="R45" />
    <constraint name="C46" model="TKC" arity="2" scope="X5.1 X7.1" reference="R46" />
    <constraint name="C47" model="TKC" arity="2" scope="X5.1 X8.1" reference="R47" />
    <constraint name="C48" model="TKC" arity="2" scope="X5.1 X28.1" reference="R48" />
    <constraint name="C49" model="TKC" arity="2" scope="X5.1 X20.1" reference="R49" />
    <constraint name="C50" model="TKC" arity="2" scope="X6.1 X23.1" reference="R50" />
    <constraint name="C51" model="TKC" arity="2" scope="X6.1 X12.1" reference="R51" />
    <constraint name="C52" model="TKC" arity="2" scope="X6.1 X19.1" reference="R52" />
    <constraint name="C53" model="TKC" arity="2" scope="X6.1 X10.1" reference="R53" />
    <constraint name="C54" model="TKC" arity="2" scope="X6.1 X30.1" reference="R54" />
    <constraint name="C55" model="TKC" arity="2" scope="X6.1 X22.1" reference="R55" />
    <constraint name="C56" model="TKC" arity="2" scope="X6.1 X7.1" reference="R56" />
    <constraint name="C57" model="TKC" arity="2" scope="X6.1 X9.1" reference="R57" />
    <constraint name="C58" model="TKC" arity="2" scope="X6.1 X8.1" reference="R58" />
    <constraint name="C59" model="TKC" arity="2" scope="X7.1 X16.1" reference="R59" />
    <constraint name="C60" model="TKC" arity="2" scope="X7.1 X27.1" reference="R60" />
    <constraint name="C61" model="TKC" arity="2" scope="X7.1 X25.1" reference="R61" />
    <constraint name="C62" model="TKC" arity="2" scope="X7.1 X12.1" reference="R62" />
    <constraint name="C63" model="TKC" arity="2" scope="X7.1 X18.1" reference="R63" />
    <constraint name="C64" model="TKC" arity="2" scope="X7.1 X29.1" reference="R64" />
    <constraint name="C65" model="TKC" arity="2" scope="X7.1 X9.1" reference="R65" />
    <constraint name="C66" model="TKC" arity="2" scope="X7.1 X22.1" reference="R66" />
    <constraint name="C67" model="TKC" arity="2" scope="X7.1 X24.1" reference="R67" />
    <constraint name="C68" model="TKC" arity="2" scope="X7.1 X13.1" reference="R68" />
    <constraint name="C69" model="TKC" arity="2" scope="X7.1 X10.1" reference="R69" />
    <constraint name="C70" model="TKC" arity="2" scope="X7.1 X19.1" reference="R70" />
    <constraint name="C71" model="TKC" arity="2" scope="X7.1 X8.1" reference="R71" />
    <constraint name="C72" model="TKC" arity="2" scope="X7.1 X30.1" reference="R72" />
    <constraint name="C73" model="TKC" arity="2" scope="X8.1 X25.1" reference="R73" />
    <constraint name="C74" model="TKC" arity="2" scope="X8.1 X14.1" reference="R74" />
    <constraint name="C75" model="TKC" arity="2" scope="X8.1 X12.1" reference="R75" />
    <constraint name="C76" model="TKC" arity="2" scope="X8.1 X9.1" reference="R76" />
    <constraint name="C77" model="TKC" arity="2" scope="X8.1 X20.1" reference="R77" />
    <constraint name="C78" model="TKC" arity="2" scope="X8.1 X29.1" reference="R78" />
    <constraint name="C79" model="TKC" arity="2" scope="X8.1 X22.1" reference="R79" />
    <constraint name="C80" model="TKC" arity="2" scope="X8.1 X26.1" reference="R80" />
    <constraint name="C81" model="TKC" arity="2" scope="X8.1 X17.1" reference="R81" />
    <constraint name="C82" model="TKC" arity="2" scope="X8.1 X13.1" reference="R82" />
    <constraint name="C83" model="TKC" arity="2" scope="X8.1 X28.1" reference="R83" />
    <constraint name="C84" model="TKC" arity="2" scope="X8.1 X21.1" reference="R84" />
    <constraint name="C85" model="TKC" arity="2" scope="X8.1 X30.1" reference="R85" />
    <constraint name="C86" model="TKC" arity="2" scope="X9.1 X11.1" reference="R86" />
    <constraint name="C87" model="TKC" arity="2" scope="X9.1 X28.1" reference="R87" />
    <constraint name="C88" model="TKC" arity="2" scope="X9.1 X22.1" reference="R88" />
    <constraint name="C89" model="TKC" arity="2" scope="X9.1 X20.1" reference="R89" />
    <constraint name="C90" model="TKC" arity="2" scope="X9.1 X19.1" reference="R90" />
    <constraint name="C91" model="TKC" arity="2" scope="X9.1 X14.1" reference="R91" />
    <constraint name="C92" model="TKC" arity="2" scope="X9.1 X16.1" reference="R92" />
    <constraint name="C93" model="TKC" arity="2" scope="X9.1 X17.1" reference="R93" />
    <constraint name="C94" model="TKC" arity="2" scope="X10.1 X29.1" reference="R94" />
    <constraint name="C95" model="TKC" arity="2" scope="X10.1 X20.1" reference="R95" />
    <constraint name="C96" model="TKC" arity="2" scope="X10.1 X24.1" reference="R96" />
    <constraint name="C97" model="TKC" arity="2" scope="X10.1 X15.1" reference="R97" />
    <constraint name="C98" model="TKC" arity="2" scope="X10.1 X27.1" reference="R98" />
    <constraint name="C99" model="TKC" arity="2" scope="X10.1 X26.1" reference="R99" />
    <constraint name="C100" model="TKC" arity="2" scope="X11.1 X29.1" reference="R100" />
    <constraint name="C101" model="TKC" arity="2" scope="X11.1 X30.1" reference="R101" />
    <constraint name="C102" model="TKC" arity="2" scope="X11.1 X20.1" reference="R102" />
    <constraint name="C103" model="TKC" arity="2" scope="X11.1 X12.1" reference="R103" />
    <constraint name="C104" model="TKC" arity="2" scope="X11.1 X19.1" reference="R104" />
    <constraint name="C105" model="TKC" arity="2" scope="X11.1 X17.1" reference="R105" />
    <constraint name="C106" model="TKC" arity="2" scope="X11.1 X16.1" reference="R106" />
    <constraint name="C107" model="TKC" arity="2" scope="X11.1 X27.1" reference="R107" />
    <constraint name="C108" model="TKC" arity="2" scope="X12.1 X29.1" reference="R108" />
    <constraint name="C109" model="TKC" arity="2" scope="X12.1 X30.1" reference="R109" />
    <constraint name="C110" model="TKC" arity="2" scope="X12.1 X23.1" reference="R110" />
    <constraint name="C111" model="TKC" arity="2" scope="X12.1 X28.1" reference="R111" />
    <constraint name="C112" model="TKC" arity="2" scope="X12.1 X27.1" reference="R112" />
    <constraint name="C113" model="TKC" arity="2" scope="X12.1 X21.1" reference="R113" />
    <constraint name="C114" model="TKC" arity="2" scope="X12.1 X18.1" reference="R114" />
    <constraint name="C115" model="TKC" arity="2" scope="X12.1 X20.1" reference="R115" />
    <constraint name="C116" model="TKC" arity="2" scope="X12.1 X14.1" reference="R116" />
    <constraint name="C117" model="TKC" arity="2" scope="X12.1 X16.1" reference="R117" />
    <constraint name="C118" model="TKC" arity="2" scope="X13.1 X19.1" reference="R118" />
    <constraint name="C119" model="TKC" arity="2" scope="X13.1 X18.1" reference="R119" />
    <constraint name="C120" model="TKC" arity="2" scope="X13.1 X22.1" reference="R120" />
    <constraint name="C121" model="TKC" arity="2" scope="X13.1 X17.1" reference="R121" />
    <constraint name="C122" model="TKC" arity="2" scope="X13.1 X23.1" reference="R122" />
    <constraint name="C123" model="TKC" arity="2" scope="X13.1 X14.1" reference="R123" />
    <constraint name="C124" model="TKC" arity="2" scope="X14.1 X29.1" reference="R124" />
    <constraint name="C125" model="TKC" arity="2" scope="X14.1 X15.1" reference="R125" />
    <constraint name="C126" model="TKC" arity="2" scope="X14.1 X17.1" reference="R126" />
    <constraint name="C127" model="TKC" arity="2" scope="X14.1 X23.1" reference="R127" />
    <constraint name="C128" model="TKC" arity="2" scope="X14.1 X24.1" reference="R128" />
    <constraint name="C129" model="TKC" arity="2" scope="X14.1 X25.1" reference="R129" />
    <constraint name="C130" model="TKC" arity="2" scope="X15.1 X20.1" reference="R130" />
    <constraint name="C131" model="TKC" arity="2" scope="X15.1 X21.1" reference="R131" />
    <constraint name="C132" model="TKC" arity="2" scope="X15.1 X17.1" reference="R132" />
    <constraint name="C133" model="TKC" arity="2" scope="X15.1 X26.1" reference="R133" />
    <constraint name="C134" model="TKC" arity="2" scope="X15.1 X28.1" reference="R134" />
    <constraint name="C135" model="TKC" arity="2" scope="X16.1 X21.1" reference="R135" />
    <constraint name="C136" model="TKC" arity="2" scope="X16.1 X30.1" reference="R136" />
    <constraint name="C137" model="TKC" arity="2" scope="X16.1 X17.1" reference="R137" />
    <constraint name="C138" model="TKC" arity="2" scope="X16.1 X23.1" reference="R138" />
    <constraint name="C139" model="TKC" arity="2" scope="X16.1 X24.1" reference="R139" />
    <constraint name="C140" model="TKC" arity="2" scope="X17.1 X26.1" reference="R140" />
    <constraint name="C141" model="TKC" arity="2" scope="X17.1 X30.1" reference="R141" />
    <constraint name="C142" model="TKC" arity="2" scope="X17.1 X25.1" reference="R142" />
    <constraint name="C143" model="TKC" arity="2" scope="X17.1 X22.1" reference="R143" />
    <constraint name="C144" model="TKC" arity="2" scope="X17.1 X20.1" reference="R144" />
    <constraint name="C145" model="TKC" arity="2" scope="X17.1 X18.1" reference="R145" />
    <constraint name="C146" model="TKC" arity="2" scope="X18.1 X27.1" reference="R146" />
    <constraint name="C147" model="TKC" arity="2" scope="X18.1 X23.1" reference="R147" />
    <constraint name="C148" model="TKC" arity="2" scope="X18.1 X22.1" reference="R148" />
    <constraint name="C149" model="TKC" arity="2" scope="X19.1 X25.1" reference="R149" />
    <constraint name="C150" model="TKC" arity="2" scope="X19.1 X27.1" reference="R150" />
    <constraint name="C151" model="TKC" arity="2" scope="X19.1 X21.1" reference="R151" />
    <constraint name="C152" model="TKC" arity="2" scope="X19.1 X22.1" reference="R152" />
    <constraint name="C153" model="TKC" arity="2" scope="X19.1 X20.1" reference="R153" />
    <constraint name="C154" model="TKC" arity="2" scope="X20.1 X21.1" reference="R154" />
    <constraint name="C155" model="TKC" arity="2" scope="X20.1 X30.1" reference="R155" />
    <constraint name="C156" model="TKC" arity="2" scope="X20.1 X27.1" reference="R156" />
    <constraint name="C157" model="TKC" arity="2" scope="X20.1 X29.1" reference="R157" />
    <constraint name="C158" model="TKC" arity="2" scope="X21.1 X27.1" reference="R158" />
    <constraint name="C159" model="TKC" arity="2" scope="X21.1 X24.1" reference="R159" />
    <constraint name="C160" model="TKC" arity="2" scope="X22.1 X28.1" reference="R160" />
    <constraint name="C161" model="TKC" arity="2" scope="X22.1 X26.1" reference="R161" />
    <constraint name="C162" model="TKC" arity="2" scope="X22.1 X25.1" reference="R162" />
    <constraint name="C163" model="TKC" arity="2" scope="X22.1 X29.1" reference="R163" />
    <constraint name="C164" model="TKC" arity="2" scope="X23.1 X28.1" reference="R164" />
    <constraint name="C165" model="TKC" arity="2" scope="X23.1 X24.1" reference="R165" />
    <constraint name="C166" model="TKC" arity="2" scope="X24.1 X26.1" reference="R166" />
    <constraint name="C167" model="TKC" arity="2" scope="X24.1 X28.1" reference="R167" />
    <constraint name="C168" model="TKC" arity="2" scope="X24.1 X30.1" reference="R168" />
    <constraint name="C169" model="TKC" arity="2" scope="X26.1 X30.1" reference="R169" />
    <constraint name="C170" model="TKC" arity="2" scope="X27.1 X30.1" reference="R170" />
    <constraint name="C171" model="TKC" arity="2" scope="X27.1 X29.1" reference="R171" />
    <constraint name="C172" model="TKC" arity="2" scope="X27.1 X28.1" reference="R172" />
    <constraint name="C173" model="TKC" arity="2" scope="X28.1 X29.1" reference="R173" />
  </constraints>
  <relations nbRelations="174">
    <relation name="R0" arity="2" nbTuples="4" semantics="soft" defaultCost="infinity">98:2 1|80:1 1|88:2 2|52:1 2</relation>
    <relation name="R1" arity="2" nbTuples="4" semantics="soft" defaultCost="infinity">61:2 2|10:1 1|35:1 2|12:2 1</relation>
    <relation name="R2" arity="2" nbTuples="4" semantics="soft" defaultCost="infinity">44:2 2|78:1 2|28:1 1|47:2 1</relation>
    <relation name="R3" arity="2" nbTuples="4" semantics="soft" defaultCost="infinity">26:1 2|97:1 1|44:2 1|11:2 2</relation>
    <relation name="R4" arity="2" nbTuples="4" semantics="soft" defaultCost="infinity">3:2 1|99:2 2|82:1 2|13:1 1</relation>
    <relation name="R5" arity="2" nbTuples="4" semantics="soft" defaultCost="infinity">55:1 1|8:1 2|61:2 1|17:2 2</relation>
    <relation name="R6" arity="2" nbTuples="4" semantics="soft" defaultCost="infinity">80:2 2|78:1 1|48:2 1|49:1 2</relation>
    <relation name="R7" arity="2" nbTuples="4" semantics="soft" defaultCost="infinity">59:2 2|20:2 1|76:1 2|97:1 1</relation>
    <relation name="R8" arity="2" nbTuples="4" semantics="soft" defaultCost="infinity">25:2 1|26:1 2|38:1 1|58:2 2</relation>
    <relation name="R9" arity="2" nbTuples="4" semantics="soft" defaultCost="infinity">83:2 1|85:2 2|72:1 1|63:1 2</relation>
    <relation name="R10" arity="2" nbTuples="4" semantics="soft" defaultCost="infinity">52:2 1|81:1 2|2:2 2|50:1 1</relation>
    <relation name="R11" arity="2" nbTuples="4" semantics="soft" defaultCost="infinity">36:1 2|49:1 1|45:2 1|16:2 2</relation>
    <relation name="R12" arity="2" nbTuples="4" semantics="soft" defaultCost="infinity">64:1 1|44:2 2|86:2 1|44:1 2</relation>
    <relation name="R13" arity="2" nbTuples="4" semantics="soft" defaultCost="infinity">47:2 1|31:1 2|25:1 1|67:2 2</relation>
    <relation name="R14" arity="2" nbTuples="4" semantics="soft" defaultCost="infinity">82:1 2|84:2 1|81:2 2|62:1 1</relation>
    <relation name="R15" arity="2" nbTuples="4" semantics="soft" defaultCost="infinity">16:1 1|76:2 1|22:2 2|32:1 2</relation>
    <relation name="R16" arity="2" nbTuples="4" semantics="soft" defaultCost="infinity">29:1 2|70:2 1|56:1 1|68:2 2</relation>
    <relation name="R17" arity="2" nbTuples="4" semantics="soft" defaultCost="infinity">56:2 2|16:1 1|98:1 2|44:2 1</relation>
    <relation name="R18" arity="2" nbTuples="4" semantics="soft" defaultCost="infinity">44:1 2|51:2 1|15:2 2|76:1 1</relation>
    <relation name="R19" arity="2" nbTuples="4" semantics="soft" defaultCost="infinity">87:2 2|74:1 1|45:2 1|5:1 2</relation>
    <relation name="R20" arity="2" nbTuples="4" semantics="soft" defaultCost="infinity">33:2 1|78:1 2|88:1 1|68:2 2</relation>
    <relation name="R21" arity="2" nbTuples="4" semantics="soft" defaultCost="infinity">60:1 2|75:2 1|79:1 1|72:2 2</relation>
    <relation name="R22" arity="2" nbTuples="4" semantics="soft" defaultCost="infinity">91:2 2|62:1 1|70:2 1|96:1 2</relation>
    <relation name="R23" arity="2" nbTuples="4" semantics="soft" defaultCost="infinity">89:2 2|12:1 1|43:1 2|84:2 1</relation>
    <relation name="R24" arity="2" nbTuples="4" semantics="soft" defaultCost="infinity">47:1 1|55:2 1|41:1 2|63:2 2</relation>
    <relation name="R25" arity="2" nbTuples="4" semantics="soft" defaultCost="infinity">64:1 1|78:1 2|52:2 2|38:2 1</relation>
    <relation name="R26" arity="2" nbTuples="4" semantics="soft" defaultCost="infinity">33:2 2|59:1 2|39:1 1|36:2 1</relation>
    <relation name="R27" arity="2" nbTuples="4" semantics="soft" defaultCost="infinity">15:2 1|88:2 2|85:1 2|63:1 1</relation>
    <relation name="R28" arity="2" nbTuples="4" semantics="soft" defaultCost="infinity">20:2 2|97:2 1|49:1 1|5:1 2</relation>
    <relation name="R29" arity="2" nbTuples="4" semantics="soft" defaultCost="infinity">19:2 1|60:2 2|52:1 2|65:1 1</relation>
    <relation name="R30" arity="2" nbTuples="4" semantics="soft" defaultCost="infinity">37:2 2|51:2 1|47:1 2|17:1 1</relation>
    <relation name="R31" arity="2" nbTuples="4" semantics="soft" defaultCost="infinity">14:1 2|94:2 2|49:2 1|48:1 1</relation>
    <relation name="R32" arity="2" nbTuples="4" semantics="soft" defaultCost="infinity">90:1 1|12:1 2|58:2 2|11:2 1</relation>
    <relation name="R33" arity="2" nbTuples="4" semantics="soft" defaultCost="infinity">16:2 2|5:1 1|31:1 2|97:2 1</relation>
    <relation name="R34" arity="2" nbTuples="4" semantics="soft" defaultCost="infinity">99:1 2|92:2 2|83:2 1|84:1 1</relation>
    <relation name="R35" arity="2" nbTuples="4" semantics="soft" defaultCost="infinity">51:1 2|27:1 1|11:2 1|2:2 2</relation>
    <relation name="R36" arity="2" nbTuples="4" semantics="soft" defaultCost="infinity">86:1 2|80:1 1|67:2 1|97:2 2</relation>
    <relation name="R37" arity="2" nbTuples="4" semantics="soft" defaultCost="infinity">68:2 2|48:1 1|83:1 2|61:2 1</relation>
    <relation name="R38" arity="2" nbTuples="4" semantics="soft" defaultCost="infinity">8:2 2|26:2 1|22:1 1|50:1 2</relation>
    <relation name="R39" arity="2" nbTuples="4" semantics="soft" defaultCost="infinity">84:1 2|20:1 1|59:2 1|39:2 2</relation>
    <relation name="R40" arity="2" nbTuples="4" semantics="soft" defaultCost="infinity">77:2 2|97:1 1|16:1 2|30:2 1</relation>
    <relation name="R41" arity="2" nbTuples="4" semantics="soft" defaultCost="infinity">13:1 2|32:1 1|33:2 2|62:2 1</relation>
    <relation name="R42" arity="2" nbTuples="4" semantics="soft" defaultCost="infinity">58:1 1|99:2 2|58:2 1|98:1 2</relation>
    <relation name="R43" arity="2" nbTuples="4" semantics="soft" defaultCost="infinity">95:2 2|79:1 1|66:2 1|90:1 2</relation>
    <relation name="R44" arity="2" nbTuples="4" semantics="soft" defaultCost="infinity">24:1 1|39:1 2|53:2 1|94:2 2</relation>
    <relation name="R45" arity="2" nbTuples="4" semantics="soft" defaultCost="infinity">33:2 1|16:2 2|61:1 1|97:1 2</relation>
    <relation name="R46" arity="2" nbTuples="4" semantics="soft" defaultCost="infinity">64:2 2|3:1 2|52:2 1|72:1 1</relation>
    <relation name="R47" arity="2" nbTuples="4" semantics="soft" defaultCost="infinity">39:1 2|97:2 2|36:2 1|9:1 1</relation>
    <relation name="R48" arity="2" nbTuples="4" semantics="soft" defaultCost="infinity">61:2 1|92:1 1|6:2 2|41:1 2</relation>
    <relation name="R49" arity="2" nbTuples="4" semantics="soft" defaultCost="infinity">51:1 2|77:2 1|49:1 1|98:2 2</relation>
    <relation name="R50" arity="2" nbTuples="4" semantics="soft" defaultCost="infinity">3:2 1|78:1 1|51:1 2|63:2 2</relation>
    <relation name="R51" arity="2" nbTuples="4" semantics="soft" defaultCost="infinity">20:1 2|96:2 1|43:2 2|77:1 1</relation>
    <relation name="R52" arity="2" nbTuples="4" semantics="soft" defaultCost="infinity">19:2 1|59:1 1|58:2 2|70:1 2</relation>
    <relation name="R53" arity="2" nbTuples="4" semantics="soft" defaultCost="infinity">8:2 1|75:1 1|27:1 2|92:2 2</relation>
    <relation name="R54" arity="2" nbTuples="4" semantics="soft" defaultCost="infinity">33:1 1|95:1 2|16:2 2|0:2 1</relation>
    <relation name="R55" arity="2" nbTuples="4" semantics="soft" defaultCost="infinity">1:1 1|1:1 2|36:2 1|35:2 2</relation>
    <relation name="R56" arity="2" nbTuples="4" semantics="soft" defaultCost="infinity">89:1 2|26:2 2|36:1 1|39:2 1</relation>
    <relation name="R57" arity="2" nbTuples="4" semantics="soft" defaultCost="infinity">74:1 1|92:2 1|29:2 2|28:1 2</relation>
    <relation name="R58" arity="2" nbTuples="4" semantics="soft" defaultCost="infinity">7:1 1|24:2 2|16:2 1|36:1 2</relation>
    <relation name="R59" arity="2" nbTuples="4" semantics="soft" defaultCost="infinity">30:2 1|18:1 1|1:2 2|73:1 2</relation>
    <relation name="R60" arity="2" nbTuples="4" semantics="soft" defaultCost="infinity">14:2 2|95:1 2|74:2 1|68:1 1</relation>
    <relation name="R61" arity="2" nbTuples="4" semantics="soft" defaultCost="infinity">22:1 1|66:2 1|5:2 2|15:1 2</relation>
    <relation name="R62" arity="2" nbTuples="4" semantics="soft" defaultCost="infinity">21:1 2|15:1 1|7:2 2|28:2 1</relation>
    <relation name="R63" arity="2" nbTuples="4" semantics="soft" defaultCost="infinity">46:1 1|37:1 2|94:2 1|12:2 2</relation>
    <relation name="R64" arity="2" nbTuples="4" semantics="soft" defaultCost="infinity">45:2 2|94:2 1|82:1 1|79:1 2</relation>
    <relation name="R65" arity="2" nbTuples="4" semantics="soft" defaultCost="infinity">70:2 1|14:2 2|71:1 1|35:1 2</relation>
    <relation name="R66" arity="2" nbTuples="4" semantics="soft" defaultCost="infinity">63:1 1|2:2 2|94:2 1|6:1 2</relation>
    <relation name="R67" arity="2" nbTuples="4" semantics="soft" defaultCost="infinity">63:1 2|51:2 2|43:2 1|71:1 1</relation>
    <relation name="R68" arity="2" nbTuples="4" semantics="soft" defaultCost="infinity">67:1 1|98:2 1|18:2 2|36:1 2</relation>
    <relation name="R69" arity="2" nbTuples="4" semantics="soft" defaultCost="infinity">25:1 1|5:2 1|4:2 2|41:1 2</relation>
    <relation name="R70" arity="2" nbTuples="4" semantics="soft" defaultCost="infinity">55:2 1|72:2 2|19:1 2|53:1 1</relation>
    <relation name="R71" arity="2" nbTuples="4" semantics="soft" defaultCost="infinity">38:1 1|11:2 2|11:1 2|29:2 1</relation>
    <relation name="R72" arity="2" nbTuples="4" semantics="soft" defaultCost="infinity">32:2 2|78:1 1|35:1 2|14:2 1</relation>
    <relation name="R73" arity="2" nbTuples="4" semantics="soft" defaultCost="infinity">54:2 1|21:1 2|21:2 2|78:1 1</relation>
    <relation name="R74" arity="2" nbTuples="4" semantics="soft" defaultCost="infinity">29:2 1|53:1 2|20:2 2|89:1 1</relation>
    <relation name="R75" arity="2" nbTuples="4" semantics="soft" defaultCost="infinity">55:1 1|73:2 2|57:2 1|97:1 2</relation>
    <relation name="R76" arity="2" nbTuples="4" semantics="soft" defaultCost="infinity">58:1 1|91:2 1|83:2 2|53:1 2</relation>
    <relation name="R77" arity="2" nbTuples="4" semantics="soft" defaultCost="infinity">83:2 1|10:1 2|20:2 2|9:1 1</relation>
    <relation name="R78" arity="2" nbTuples="4" semantics="soft" defaultCost="infinity">10:2 1|7:1 1|11:1 2|13:2 2</relation>
    <relation name="R79" arity="2" nbTuples="4" semantics="soft" defaultCost="infinity">62:2 2|9:1 1|61:1 2|78:2 1</relation>
    <relation name="R80" arity="2" nbTuples="4" semantics="soft" defaultCost="infinity">52:1 2|42:2 1|56:2 2|35:1 1</relation>
    <relation name="R81" arity="2" nbTuples="4" semantics="soft" defaultCost="infinity">41:2 2|67:1 1|8:2 1|86:1 2</relation>
    <relation name="R82" arity="2" nbTuples="4" semantics="soft" defaultCost="infinity">20:1 2|13:2 2|49:2 1|14:1 1</relation>
    <relation name="R83" arity="2" nbTuples="4" semantics="soft" defaultCost="infinity">92:1 2|45:2 1|1:2 2|75:1 1</relation>
    <relation name="R84" arity="2" nbTuples="4" semantics="soft" defaultCost="infinity">27:2 2|85:1 1|42:1 2|45:2 1</relation>
    <relation name="R85" arity="2" nbTuples="4" semantics="soft" defaultCost="infinity">20:1 2|63:1 1|99:2 1|87:2 2</relation>
    <relation name="R86" arity="2" nbTuples="4" semantics="soft" defaultCost="infinity">51:2 2|50:1 1|90:2 1|11:1 2</relation>
    <relation name="R87" arity="2" nbTuples="4" semantics="soft" defaultCost="infinity">26:1 2|43:2 1|74:2 2|99:1 1</relation>
    <relation name="R88" arity="2" nbTuples="4" semantics="soft" defaultCost="infinity">72:1 2|17:2 2|26:2 1|74:1 1</relation>
    <relation name="R89" arity="2" nbTuples="4" semantics="soft" defaultCost="infinity">98:1 1|37:2 2|15:2 1|82:1 2</relation>
    <relation name="R90" arity="2" nbTuples="4" semantics="soft" defaultCost="infinity">8:1 1|80:1 2|13:2 1|10:2 2</relation>
    <relation name="R91" arity="2" nbTuples="4" semantics="soft" defaultCost="infinity">53:1 2|31:2 2|85:2 1|50:1 1</relation>
    <relation name="R92" arity="2" nbTuples="4" semantics="soft" defaultCost="infinity">45:2 2|18:2 1|8:1 1|69:1 2</relation>
    <relation name="R93" arity="2" nbTuples="4" semantics="soft" defaultCost="infinity">18:2 1|88:2 2|46:1 2|53:1 1</relation>
    <relation name="R94" arity="2" nbTuples="4" semantics="soft" defaultCost="infinity">93:1 1|34:1 2|31:2 2|89:2 1</relation>
    <relation name="R95" arity="2" nbTuples="4" semantics="soft" defaultCost="infinity">30:1 1|8:2 1|54:2 2|69:1 2</relation>
    <relation name="R96" arity="2" nbTuples="4" semantics="soft" defaultCost="infinity">88:1 1|28:2 2|6:2 1|50:1 2</relation>
    <relation name="R97" arity="2" nbTuples="4" semantics="soft" defaultCost="infinity">16:2 2|22:2 1|48:1 1|77:1 2</relation>
    <relation name="R98" arity="2" nbTuples="4" semantics="soft" defaultCost="infinity">45:2 1|92:1 2|12:1 1|18:2 2</relation>
    <relation name="R99" arity="2" nbTuples="4" semantics="soft" defaultCost="infinity">29:1 2|20:2 1|71:1 1|36:2 2</relation>
    <relation name="R100" arity="2" nbTuples="4" semantics="soft" defaultCost="infinity">4:1 1|38:1 2|4:2 2|70:2 1</relation>
    <relation name="R101" arity="2" nbTuples="4" semantics="soft" defaultCost="infinity">75:2 2|84:1 1|62:2 1|50:1 2</relation>
    <relation name="R102" arity="2" nbTuples="4" semantics="soft" defaultCost="infinity">11:1 1|71:1 2|80:2 1|30:2 2</relation>
    <relation name="R103" arity="2" nbTuples="4" semantics="soft" defaultCost="infinity">97:1 1|14:2 1|75:2 2|16:1 2</relation>
    <relation name="R104" arity="2" nbTuples="4" semantics="soft" defaultCost="infinity">79:2 1|81:1 1|90:2 2|80:1 2</relation>
    <relation name="R105" arity="2" nbTuples="4" semantics="soft" defaultCost="infinity">10:1 1|20:2 2|29:1 2|4:2 1</relation>
    <relation name="R106" arity="2" nbTuples="4" semantics="soft" defaultCost="infinity">62:1 2|70:2 2|31:1 1|69:2 1</relation>
    <relation name="R107" arity="2" nbTuples="4" semantics="soft" defaultCost="infinity">70:2 1|30:2 2|45:1 2|87:1 1</relation>
    <relation name="R108" arity="2" nbTuples="4" semantics="soft" defaultCost="infinity">82:1 1|82:1 2|89:2 1|8:2 2</relation>
    <relation name="R109" arity="2" nbTuples="4" semantics="soft" defaultCost="infinity">65:2 2|50:2 1|4:1 1|72:1 2</relation>
    <relation name="R110" arity="2" nbTuples="4" semantics="soft" defaultCost="infinity">50:1 1|1:2 1|82:1 2|87:2 2</relation>
    <relation name="R111" arity="2" nbTuples="4" semantics="soft" defaultCost="infinity">34:2 2|29:1 1|41:1 2|5:2 1</relation>
    <relation name="R112" arity="2" nbTuples="4" semantics="soft" defaultCost="infinity">23:1 2|54:1 1|93:2 1|8:2 2</relation>
    <relation name="R113" arity="2" nbTuples="4" semantics="soft" defaultCost="infinity">20:2 1|56:2 2|58:1 1|44:1 2</relation>
    <relation name="R114" arity="2" nbTuples="4" semantics="soft" defaultCost="infinity">84:1 2|75:2 2|14:2 1|48:1 1</relation>
    <relation name="R115" arity="2" nbTuples="4" semantics="soft" defaultCost="infinity">85:1 2|71:2 1|51:2 2|29:1 1</relation>
    <relation name="R116" arity="2" nbTuples="4" semantics="soft" defaultCost="infinity">18:2 2|77:1 2|58:1 1|30:2 1</relation>
    <relation name="R117" arity="2" nbTuples="4" semantics="soft" defaultCost="infinity">88:2 1|35:1 1|35:2 2|81:1 2</relation>
    <relation name="R118" arity="2" nbTuples="4" semantics="soft" defaultCost="infinity">17:1 2|37:2 1|95:1 1|35:2 2</relation>
    <relation name="R119" arity="2" nbTuples="4" semantics="soft" defaultCost="infinity">75:1 1|49:1 2|94:2 2|96:2 1</relation>
    <relation name="R120" arity="2" nbTuples="4" semantics="soft" defaultCost="infinity">20:1 1|34:2 1|37:2 2|63:1 2</relation>
    <relation name="R121" arity="2" nbTuples="4" semantics="soft" defaultCost="infinity">49:1 1|87:2 2|30:1 2|39:2 1</relation>
    <relation name="R122" arity="2" nbTuples="4" semantics="soft" defaultCost="infinity">61:1 2|70:2 1|32:1 1|98:2 2</relation>
    <relation name="R123" arity="2" nbTuples="4" semantics="soft" defaultCost="infinity">83:2 2|71:1 1|96:2 1|58:1 2</relation>
    <relation name="R124" arity="2" nbTuples="4" semantics="soft" defaultCost="infinity">60:1 2|52:1 1|73:2 1|89:2 2</relation>
    <relation name="R125" arity="2" nbTuples="4" semantics="soft" defaultCost="infinity">27:2 1|9:1 2|28:2 2|67:1 1</relation>
    <relation name="R126" arity="2" nbTuples="4" semantics="soft" defaultCost="infinity">40:1 1|81:1 2|32:2 2|60:2 1</relation>
    <relation name="R127" arity="2" nbTuples="4" semantics="soft" defaultCost="infinity">86:1 2|32:1 1|86:2 2|84:2 1</relation>
    <relation name="R128" arity="2" nbTuples="4" semantics="soft" defaultCost="infinity">74:2 1|94:1 2|98:1 1|63:2 2</relation>
    <relation name="R129" arity="2" nbTuples="4" semantics="soft" defaultCost="infinity">30:1 1|80:2 2|24:2 1|94:1 2</relation>
    <relation name="R130" arity="2" nbTuples="4" semantics="soft" defaultCost="infinity">55:2 2|51:2 1|10:1 1|78:1 2</relation>
    <relation name="R131" arity="2" nbTuples="4" semantics="soft" defaultCost="infinity">85:1 2|18:1 1|25:2 1|43:2 2</relation>
    <relation name="R132" arity="2" nbTuples="4" semantics="soft" defaultCost="infinity">71:2 2|32:2 1|69:1 2|86:1 1</relation>
    <relation name="R133" arity="2" nbTuples="4" semantics="soft" defaultCost="infinity">89:1 2|13:1 1|84:2 1|98:2 2</relation>
    <relation name="R134" arity="2" nbTuples="4" semantics="soft" defaultCost="infinity">33:2 2|28:1 2|71:2 1|98:1 1</relation>
    <relation name="R135" arity="2" nbTuples="4" semantics="soft" defaultCost="infinity">29:2 1|7:1 1|1:1 2|17:2 2</relation>
    <relation name="R136" arity="2" nbTuples="4" semantics="soft" defaultCost="infinity">16:2 1|44:2 2|17:1 1|87:1 2</relation>
    <relation name="R137" arity="2" nbTuples="4" semantics="soft" defaultCost="infinity">0:2 2|21:2 1|42:1 1|34:1 2</relation>
    <relation name="R138" arity="2" nbTuples="4" semantics="soft" defaultCost="infinity">89:2 1|87:2 2|62:1 1|80:1 2</relation>
    <relation name="R139" arity="2" nbTuples="4" semantics="soft" defaultCost="infinity">98:2 2|38:2 1|42:1 2|4:1 1</relation>
    <relation name="R140" arity="2" nbTuples="4" semantics="soft" defaultCost="infinity">87:1 1|63:1 2|94:2 2|55:2 1</relation>
    <relation name="R141" arity="2" nbTuples="4" semantics="soft" defaultCost="infinity">12:2 2|82:1 1|83:2 1|63:1 2</relation>
    <relation name="R142" arity="2" nbTuples="4" semantics="soft" defaultCost="infinity">32:2 1|0:2 2|16:1 2|24:1 1</relation>
    <relation name="R143" arity="2" nbTuples="4" semantics="soft" defaultCost="infinity">45:2 1|94:1 2|3:1 1|8:2 2</relation>
    <relation name="R144" arity="2" nbTuples="4" semantics="soft" defaultCost="infinity">75:1 2|61:2 1|18:1 1|72:2 2</relation>
    <relation name="R145" arity="2" nbTuples="4" semantics="soft" defaultCost="infinity">61:2 2|75:1 1|62:2 1|16:1 2</relation>
    <relation name="R146" arity="2" nbTuples="4" semantics="soft" defaultCost="infinity">97:1 2|41:2 2|3:2 1|57:1 1</relation>
    <relation name="R147" arity="2" nbTuples="4" semantics="soft" defaultCost="infinity">79:2 2|92:1 1|76:2 1|33:1 2</relation>
    <relation name="R148" arity="2" nbTuples="4" semantics="soft" defaultCost="infinity">4:1 2|12:1 1|13:2 2|41:2 1</relation>
    <relation name="R149" arity="2" nbTuples="4" semantics="soft" defaultCost="infinity">18:2 1|83:2 2|81:1 1|81:1 2</relation>
    <relation name="R150" arity="2" nbTuples="4" semantics="soft" defaultCost="infinity">7:2 2|8:1 1|33:1 2|33:2 1</relation>
    <relation name="R151" arity="2" nbTuples="4" semantics="soft" defaultCost="infinity">7:1 1|94:2 1|83:2 2|13:1 2</relation>
    <relation name="R152" arity="2" nbTuples="4" semantics="soft" defaultCost="infinity">82:1 1|74:2 2|82:2 1|23:1 2</relation>
    <relation name="R153" arity="2" nbTuples="4" semantics="soft" defaultCost="infinity">12:1 1|33:2 1|14:1 2|58:2 2</relation>
    <relation name="R154" arity="2" nbTuples="4" semantics="soft" defaultCost="infinity">98:2 1|37:2 2|92:1 1|25:1 2</relation>
    <relation name="R155" arity="2" nbTuples="4" semantics="soft" defaultCost="infinity">23:1 1|66:1 2|95:2 1|9:2 2</relation>
    <relation name="R156" arity="2" nbTuples="4" semantics="soft" defaultCost="infinity">12:2 1|91:2 2|47:1 2|61:1 1</relation>
    <relation name="R157" arity="2" nbTuples="4" semantics="soft" defaultCost="infinity">63:1 1|25:1 2|25:2 2|66:2 1</relation>
    <relation name="R158" arity="2" nbTuples="4" semantics="soft" defaultCost="infinity">27:1 1|63:1 2|23:2 1|39:2 2</relation>
    <relation name="R159" arity="2" nbTuples="4" semantics="soft" defaultCost="infinity">20:2 1|89:1 2|80:1 1|82:2 2</relation>
    <relation name="R160" arity="2" nbTuples="4" semantics="soft" defaultCost="infinity">45:1 1|71:1 2|34:2 2|18:2 1</relation>
    <relation name="R161" arity="2" nbTuples="4" semantics="soft" defaultCost="infinity">93:2 1|42:1 1|90:2 2|3:1 2</relation>
    <relation name="R162" arity="2" nbTuples="4" semantics="soft" defaultCost="infinity">90:2 2|44:2 1|56:1 2|39:1 1</relation>
    <relation name="R163" arity="2" nbTuples="4" semantics="soft" defaultCost="infinity">50:1 1|0:2 1|8:2 2|52:1 2</relation>
    <relation name="R164" arity="2" nbTuples="4" semantics="soft" defaultCost="infinity">96:2 2|61:1 1|49:2 1|8:1 2</relation>
    <relation name="R165" arity="2" nbTuples="4" semantics="soft" defaultCost="infinity">35:1 2|39:1 1|13:2 1|96:2 2</relation>
    <relation name="R166" arity="2" nbTuples="4" semantics="soft" defaultCost="infinity">18:2 2|16:1 1|87:1 2|91:2 1</relation>
    <relation name="R167" arity="2" nbTuples="4" semantics="soft" defaultCost="infinity">93:1 2|10:2 1|23:1 1|80:2 2</relation>
    <relation name="R168" arity="2" nbTuples="4" semantics="soft" defaultCost="infinity">34:1 2|88:2 2|63:2 1|69:1 1</relation>
    <relation name="R169" arity="2" nbTuples="4" semantics="soft" defaultCost="infinity">18:2 2|66:2 1|88:1 1|64:1 2</relation>
    <relation name="R170" arity="2" nbTuples="4" semantics="soft" defaultCost="infinity">69:1 1|15:2 2|38:1 2|30:2 1</relation>
    <relation name="R171" arity="2" nbTuples="4" semantics="soft" defaultCost="infinity">51:2 1|66:1 1|59:1 2|57:2 2</relation>
    <relation name="R172" arity="2" nbTuples="4" semantics="soft" defaultCost="infinity">35:1 2|94:1 1|18:2 2|75:2 1</relation>
    <relation name="R173" arity="2" nbTuples="4" semantics="soft" defaultCost="infinity">79:2 2|98:2 1|33:1 1|35:1 2</relation>
  </relations>
  <GuiPresentation type="DCOP" benchmark="RandomDCOP" name="instance2" model="TKC" nbAgents="30" domainSize="2" density="40" tightness="0" nbConstraints="174" nbTuples="4" />
</instance>
