<?xml version="1.0" encoding="UTF-8"?>
<instance>
  <presentation name="instance2" type="DCOP" benchmark="RandomDCOP" model="Simple" constraintModel="TKC" format="XDisCSP 1.0" />
  <agents nbAgents="20">
    <agent name="A1" id="1" description="agent 1" />
    <agent name="A2" id="2" description="agent 2" />
    <agent name="A3" id="3" description="agent 3" />
    <agent name="A4" id="4" description="agent 4" />
    <agent name="A5" id="5" description="agent 5" />
    <agent name="A6" id="6" description="agent 6" />
    <agent name="A7" id="7" description="agent 7" />
    <agent name="A8" id="8" description="agent 8" />
    <agent name="A9" id="9" description="agent 9" />
    <agent name="A10" id="10" description="agent 10" />
    <agent name="A11" id="11" description="agent 11" />
    <agent name="A12" id="12" description="agent 12" />
    <agent name="A13" id="13" description="agent 13" />
    <agent name="A14" id="14" description="agent 14" />
    <agent name="A15" id="15" description="agent 15" />
    <agent name="A16" id="16" description="agent 16" />
    <agent name="A17" id="17" description="agent 17" />
    <agent name="A18" id="18" description="agent 18" />
    <agent name="A19" id="19" description="agent 19" />
    <agent name="A20" id="20" description="agent 20" />
  </agents>
  <domains nbDomains="1">
    <domain name="D1" nbValues="10">1..10</domain>
  </domains>
  <variables nbVariables="20">
    <variable agent="A1" name="X1.1" id="1" domain="D1" description="variable 1.1" />
    <variable agent="A2" name="X2.1" id="1" domain="D1" description="variable 2.1" />
    <variable agent="A3" name="X3.1" id="1" domain="D1" description="variable 3.1" />
    <variable agent="A4" name="X4.1" id="1" domain="D1" description="variable 4.1" />
    <variable agent="A5" name="X5.1" id="1" domain="D1" description="variable 5.1" />
    <variable agent="A6" name="X6.1" id="1" domain="D1" description="variable 6.1" />
    <variable agent="A7" name="X7.1" id="1" domain="D1" description="variable 7.1" />
    <variable agent="A8" name="X8.1" id="1" domain="D1" description="variable 8.1" />
    <variable agent="A9" name="X9.1" id="1" domain="D1" description="variable 9.1" />
    <variable agent="A10" name="X10.1" id="1" domain="D1" description="variable 10.1" />
    <variable agent="A11" name="X11.1" id="1" domain="D1" description="variable 11.1" />
    <variable agent="A12" name="X12.1" id="1" domain="D1" description="variable 12.1" />
    <variable agent="A13" name="X13.1" id="1" domain="D1" description="variable 13.1" />
    <variable agent="A14" name="X14.1" id="1" domain="D1" description="variable 14.1" />
    <variable agent="A15" name="X15.1" id="1" domain="D1" description="variable 15.1" />
    <variable agent="A16" name="X16.1" id="1" domain="D1" description="variable 16.1" />
    <variable agent="A17" name="X17.1" id="1" domain="D1" description="variable 17.1" />
    <variable agent="A18" name="X18.1" id="1" domain="D1" description="variable 18.1" />
    <variable agent="A19" name="X19.1" id="1" domain="D1" description="variable 19.1" />
    <variable agent="A20" name="X20.1" id="1" domain="D1" description="variable 20.1" />
  </variables>
  <constraints nbConstraints="95" initialCost="0" maximalCost="infinity">
    <constraint name="C0" model="TKC" arity="2" scope="X1.1 X13.1" reference="R0" />
    <constraint name="C1" model="TKC" arity="2" scope="X1.1 X14.1" reference="R1" />
    <constraint name="C2" model="TKC" arity="2" scope="X1.1 X3.1" reference="R2" />
    <constraint name="C3" model="TKC" arity="2" scope="X1.1 X15.1" reference="R3" />
    <constraint name="C4" model="TKC" arity="2" scope="X1.1 X7.1" reference="R4" />
    <constraint name="C5" model="TKC" arity="2" scope="X1.1 X8.1" reference="R5" />
    <constraint name="C6" model="TKC" arity="2" scope="X1.1 X9.1" reference="R6" />
    <constraint name="C7" model="TKC" arity="2" scope="X1.1 X19.1" reference="R7" />
    <constraint name="C8" model="TKC" arity="2" scope="X1.1 X11.1" reference="R8" />
    <constraint name="C9" model="TKC" arity="2" scope="X1.1 X10.1" reference="R9" />
    <constraint name="C10" model="TKC" arity="2" scope="X2.1 X13.1" reference="R10" />
    <constraint name="C11" model="TKC" arity="2" scope="X2.1 X15.1" reference="R11" />
    <constraint name="C12" model="TKC" arity="2" scope="X2.1 X4.1" reference="R12" />
    <constraint name="C13" model="TKC" arity="2" scope="X2.1 X16.1" reference="R13" />
    <constraint name="C14" model="TKC" arity="2" scope="X2.1 X6.1" reference="R14" />
    <constraint name="C15" model="TKC" arity="2" scope="X2.1 X7.1" reference="R15" />
    <constraint name="C16" model="TKC" arity="2" scope="X2.1 X18.1" reference="R16" />
    <constraint name="C17" model="TKC" arity="2" scope="X3.1 X14.1" reference="R17" />
    <constraint name="C18" model="TKC" arity="2" scope="X3.1 X12.1" reference="R18" />
    <constraint name="C19" model="TKC" arity="2" scope="X3.1 X6.1" reference="R19" />
    <constraint name="C20" model="TKC" arity="2" scope="X3.1 X16.1" reference="R20" />
    <constraint name="C21" model="TKC" arity="2" scope="X3.1 X8.1" reference="R21" />
    <constraint name="C22" model="TKC" arity="2" scope="X3.1 X9.1" reference="R22" />
    <constraint name="C23" model="TKC" arity="2" scope="X3.1 X7.1" reference="R23" />
    <constraint name="C24" model="TKC" arity="2" scope="X3.1 X10.1" reference="R24" />
    <constraint name="C25" model="TKC" arity="2" scope="X3.1 X11.1" reference="R25" />
    <constraint name="C26" model="TKC" arity="2" scope="X3.1 X19.1" reference="R26" />
    <constraint name="C27" model="TKC" arity="2" scope="X4.1 X14.1" reference="R27" />
    <constraint name="C28" model="TKC" arity="2" scope="X4.1 X13.1" reference="R28" />
    <constraint name="C29" model="TKC" arity="2" scope="X4.1 X12.1" reference="R29" />
    <constraint name="C30" model="TKC" arity="2" scope="X4.1 X16.1" reference="R30" />
    <constraint name="C31" model="TKC" arity="2" scope="X4.1 X17.1" reference="R31" />
    <constraint name="C32" model="TKC" arity="2" scope="X4.1 X6.1" reference="R32" />
    <constraint name="C33" model="TKC" arity="2" scope="X4.1 X15.1" reference="R33" />
    <constraint name="C34" model="TKC" arity="2" scope="X4.1 X9.1" reference="R34" />
    <constraint name="C35" model="TKC" arity="2" scope="X4.1 X10.1" reference="R35" />
    <constraint name="C36" model="TKC" arity="2" scope="X4.1 X18.1" reference="R36" />
    <constraint name="C37" model="TKC" arity="2" scope="X5.1 X16.1" reference="R37" />
    <constraint name="C38" model="TKC" arity="2" scope="X5.1 X13.1" reference="R38" />
    <constraint name="C39" model="TKC" arity="2" scope="X5.1 X14.1" reference="R39" />
    <constraint name="C40" model="TKC" arity="2" scope="X5.1 X11.1" reference="R40" />
    <constraint name="C41" model="TKC" arity="2" scope="X5.1 X18.1" reference="R41" />
    <constraint name="C42" model="TKC" arity="2" scope="X5.1 X7.1" reference="R42" />
    <constraint name="C43" model="TKC" arity="2" scope="X5.1 X9.1" reference="R43" />
    <constraint name="C44" model="TKC" arity="2" scope="X6.1 X16.1" reference="R44" />
    <constraint name="C45" model="TKC" arity="2" scope="X6.1 X12.1" reference="R45" />
    <constraint name="C46" model="TKC" arity="2" scope="X6.1 X19.1" reference="R46" />
    <constraint name="C47" model="TKC" arity="2" scope="X6.1 X11.1" reference="R47" />
    <constraint name="C48" model="TKC" arity="2" scope="X6.1 X7.1" reference="R48" />
    <constraint name="C49" model="TKC" arity="2" scope="X6.1 X9.1" reference="R49" />
    <constraint name="C50" model="TKC" arity="2" scope="X6.1 X8.1" reference="R50" />
    <constraint name="C51" model="TKC" arity="2" scope="X7.1 X16.1" reference="R51" />
    <constraint name="C52" model="TKC" arity="2" scope="X7.1 X15.1" reference="R52" />
    <constraint name="C53" model="TKC" arity="2" scope="X7.1 X12.1" reference="R53" />
    <constraint name="C54" model="TKC" arity="2" scope="X7.1 X13.1" reference="R54" />
    <constraint name="C55" model="TKC" arity="2" scope="X7.1 X10.1" reference="R55" />
    <constraint name="C56" model="TKC" arity="2" scope="X7.1 X11.1" reference="R56" />
    <constraint name="C57" model="TKC" arity="2" scope="X7.1 X20.1" reference="R57" />
    <constraint name="C58" model="TKC" arity="2" scope="X8.1 X14.1" reference="R58" />
    <constraint name="C59" model="TKC" arity="2" scope="X8.1 X13.1" reference="R59" />
    <constraint name="C60" model="TKC" arity="2" scope="X8.1 X12.1" reference="R60" />
    <constraint name="C61" model="TKC" arity="2" scope="X8.1 X10.1" reference="R61" />
    <constraint name="C62" model="TKC" arity="2" scope="X8.1 X18.1" reference="R62" />
    <constraint name="C63" model="TKC" arity="2" scope="X8.1 X19.1" reference="R63" />
    <constraint name="C64" model="TKC" arity="2" scope="X9.1 X12.1" reference="R64" />
    <constraint name="C65" model="TKC" arity="2" scope="X9.1 X11.1" reference="R65" />
    <constraint name="C66" model="TKC" arity="2" scope="X9.1 X10.1" reference="R66" />
    <constraint name="C67" model="TKC" arity="2" scope="X9.1 X20.1" reference="R67" />
    <constraint name="C68" model="TKC" arity="2" scope="X9.1 X19.1" reference="R68" />
    <constraint name="C69" model="TKC" arity="2" scope="X9.1 X13.1" reference="R69" />
    <constraint name="C70" model="TKC" arity="2" scope="X9.1 X16.1" reference="R70" />
    <constraint name="C71" model="TKC" arity="2" scope="X9.1 X15.1" reference="R71" />
    <constraint name="C72" model="TKC" arity="2" scope="X10.1 X19.1" reference="R72" />
    <constraint name="C73" model="TKC" arity="2" scope="X10.1 X11.1" reference="R73" />
    <constraint name="C74" model="TKC" arity="2" scope="X10.1 X20.1" reference="R74" />
    <constraint name="C75" model="TKC" arity="2" scope="X10.1 X12.1" reference="R75" />
    <constraint name="C76" model="TKC" arity="2" scope="X10.1 X15.1" reference="R76" />
    <constraint name="C77" model="TKC" arity="2" scope="X10.1 X16.1" reference="R77" />
    <constraint name="C78" model="TKC" arity="2" scope="X11.1 X18.1" reference="R78" />
    <constraint name="C79" model="TKC" arity="2" scope="X11.1 X14.1" reference="R79" />
    <constraint name="C80" model="TKC" arity="2" scope="X12.1 X18.1" reference="R80" />
    <constraint name="C81" model="TKC" arity="2" scope="X12.1 X20.1" reference="R81" />
    <constraint name="C82" model="TKC" arity="2" scope="X12.1 X14.1" reference="R82" />
    <constraint name="C83" model="TKC" arity="2" scope="X12.1 X13.1" reference="R83" />
    <constraint name="C84" model="TKC" arity="2" scope="X12.1 X17.1" reference="R84" />
    <constraint name="C85" model="TKC" arity="2" scope="X12.1 X16.1" reference="R85" />
    <constraint name="C86" model="TKC" arity="2" scope="X13.1 X17.1" reference="R86" />
    <constraint name="C87" model="TKC" arity="2" scope="X14.1 X20.1" reference="R87" />
    <constraint name="C88" model="TKC" arity="2" scope="X14.1 X16.1" reference="R88" />
    <constraint name="C89" model="TKC" arity="2" scope="X14.1 X17.1" reference="R89" />
    <constraint name="C90" model="TKC" arity="2" scope="X15.1 X20.1" reference="R90" />
    <constraint name="C91" model="TKC" arity="2" scope="X15.1 X17.1" reference="R91" />
    <constraint name="C92" model="TKC" arity="2" scope="X16.1 X18.1" reference="R92" />
    <constraint name="C93" model="TKC" arity="2" scope="X17.1 X20.1" reference="R93" />
    <constraint name="C94" model="TKC" arity="2" scope="X17.1 X18.1" reference="R94" />
  </constraints>
  <relations nbRelations="95">
    <relation name="R0" arity="2" nbTuples="100" semantics="soft" defaultCost="infinity">83:7 5|85:2 6|45:8 2|20:9 3|8:6 8|23:7 7|83:6 3|34:1 10|25:5 4|23:1 7|45:8 9|21:10 5|97:4 6|72:10 4|79:3 8|49:2 9|24:5 5|34:8 3|26:4 4|21:1 5|25:6 2|26:3 9|27:9 10|79:5 7|68:4 5|39:4 9|74:7 2|11:1 8|41:2 7|53:10 1|87:9 7|0:9 2|19:1 4|94:3 3|28:7 8|57:2 8|94:10 2|47:5 2|44:2 10|5:2 5|1:2 3|7:7 3|84:8 6|19:4 7|8:4 10|65:3 5|70:8 10|38:7 10|3:9 6|36:1 3|21:6 5|57:3 7|64:10 7|77:7 6|34:8 5|31:5 10|80:5 6|17:10 10|77:4 8|55:1 6|82:3 10|46:4 1|48:10 8|41:6 4|85:8 8|5:5 3|26:7 4|59:5 8|27:9 5|39:2 1|57:6 7|69:6 6|84:7 1|75:1 9|8:9 4|93:4 3|82:10 3|53:6 10|37:7 9|3:1 1|20:5 1|25:9 9|51:10 6|85:9 8|97:6 9|0:2 2|81:10 9|8:8 7|78:3 6|70:3 1|61:8 1|12:1 2|37:2 4|33:3 2|33:4 2|27:9 1|94:5 9|12:3 4|9:8 4|59:6 1</relation>
    <relation name="R1" arity="2" nbTuples="100" semantics="soft" defaultCost="infinity">3:7 9|73:8 5|75:1 3|58:4 10|46:1 8|95:1 4|64:6 9|21:9 4|52:2 8|78:9 8|33:8 7|45:6 7|27:10 2|23:9 10|45:1 1|43:10 10|97:5 5|81:5 1|23:3 9|74:4 2|30:8 9|44:4 1|71:7 2|50:6 3|83:5 3|24:9 5|77:2 1|69:2 2|75:9 7|48:10 4|55:9 3|93:9 1|2:1 5|45:9 9|40:4 5|58:8 3|57:10 5|66:3 1|44:5 4|90:4 3|59:6 5|4:5 2|44:5 10|30:3 6|51:5 8|57:7 4|45:3 7|53:1 7|81:2 6|54:10 7|5:1 9|49:10 1|84:8 8|35:8 4|95:4 4|7:3 4|22:10 3|2:4 7|98:4 8|36:3 2|29:5 6|77:7 5|50:9 6|56:10 9|42:10 8|87:7 3|52:2 10|87:6 2|42:7 6|80:4 6|20:5 7|73:4 9|27:3 10|87:8 1|98:3 5|19:3 3|69:7 8|30:2 3|60:10 6|20:9 2|70:8 2|37:7 10|16:7 1|5:7 7|64:5 9|32:1 6|23:2 5|66:6 1|75:6 4|75:1 2|30:2 7|95:2 9|5:6 8|77:1 10|29:8 6|39:6 10|60:2 4|68:6 6|4:8 10|25:3 8</relation>
    <relation name="R2" arity="2" nbTuples="100" semantics="soft" defaultCost="infinity">82:2 3|57:8 5|76:10 10|11:6 7|28:10 5|70:2 7|42:8 6|80:5 7|58:7 4|67:8 9|98:7 1|45:10 4|62:7 3|61:3 9|57:4 2|97:3 3|59:4 4|49:5 4|90:4 5|94:9 1|75:5 5|32:1 1|85:4 10|97:8 10|73:5 1|7:6 10|61:9 8|74:2 9|15:8 3|59:7 2|11:7 9|61:7 8|13:9 2|77:7 7|16:1 7|53:1 5|72:7 10|75:10 8|3:5 6|65:6 8|16:10 6|24:3 1|12:10 3|49:10 1|33:3 10|12:8 4|13:4 6|97:3 7|37:1 10|30:6 1|45:3 4|93:10 9|47:2 2|19:8 1|7:6 4|82:1 2|1:4 8|53:1 8|3:4 7|15:5 9|30:7 5|36:4 3|68:9 6|28:6 5|13:10 7|78:5 3|3:2 4|87:6 2|52:9 4|72:2 5|54:4 1|69:3 2|45:1 4|71:5 8|1:3 5|92:5 2|56:6 6|0:5 10|64:6 9|32:2 1|2:9 9|95:1 6|38:8 2|84:1 9|87:4 9|19:2 8|7:8 8|57:9 3|36:9 10|80:6 3|87:7 6|8:10 2|97:2 10|87:8 7|28:9 7|67:2 6|92:3 8|89:1 3|23:3 6|19:9 5</relation>
    <relation name="R3" arity="2" nbTuples="100" semantics="soft" defaultCost="infinity">54:4 9|89:1 3|62:10 4|21:3 3|53:8 5|63:6 6|50:5 5|85:2 5|64:8 2|27:10 6|64:9 7|43:5 8|61:8 9|45:4 2|63:8 8|33:10 3|26:4 7|39:6 9|30:4 3|73:1 10|17:7 6|91:1 5|69:9 6|16:3 2|61:6 7|62:6 1|4:5 3|25:1 7|17:1 2|13:9 5|57:7 1|49:10 5|14:8 1|75:4 8|32:5 4|58:4 10|66:1 9|31:10 1|92:9 10|17:6 8|9:3 9|4:6 3|72:5 10|10:8 6|16:9 3|5:6 10|69:2 10|96:7 7|97:2 4|61:3 1|80:8 3|76:7 2|64:7 9|90:5 2|74:6 2|68:2 6|30:10 7|91:9 4|97:9 9|61:3 10|2:1 4|43:6 4|14:7 5|4:1 8|37:7 4|77:6 5|75:3 8|54:2 8|71:5 6|8:4 1|15:1 1|89:8 7|89:3 6|38:9 8|75:2 1|35:5 1|3:2 9|50:4 4|53:2 7|78:4 5|65:3 7|35:1 6|56:9 2|21:2 3|91:10 9|25:5 9|96:2 2|31:10 10|66:7 8|28:8 4|56:7 3|52:5 7|38:4 6|66:10 8|9:7 10|41:10 2|88:8 10|24:3 5|51:3 4|40:9 1</relation>
    <relation name="R4" arity="2" nbTuples="100" semantics="soft" defaultCost="infinity">57:1 5|2:7 2|80:2 3|22:7 10|33:5 8|86:2 7|32:10 9|65:10 2|15:3 10|53:7 4|55:10 6|65:7 7|99:7 6|84:10 5|33:9 9|74:6 3|69:3 8|27:9 5|72:1 1|84:7 1|9:5 7|10:6 9|8:9 4|15:3 4|52:8 2|28:8 7|23:9 8|5:8 9|13:2 5|59:8 5|49:7 5|43:9 7|48:3 3|93:5 1|64:1 9|68:4 4|62:3 5|53:4 6|42:10 1|59:5 5|67:5 10|42:6 1|53:5 3|69:6 7|38:4 7|42:5 9|21:1 10|0:2 9|51:6 6|76:9 10|57:6 8|97:8 1|80:3 2|14:9 6|32:2 2|31:1 2|35:6 4|99:3 9|81:3 6|12:4 1|1:7 9|26:4 5|67:5 4|62:1 6|30:10 10|92:1 3|74:1 7|87:8 3|70:4 9|57:2 10|0:10 3|28:8 6|81:5 2|7:6 5|76:2 4|27:7 8|4:1 8|25:4 2|29:6 2|77:3 7|81:8 8|5:8 4|88:10 7|20:9 1|78:10 8|94:6 10|45:2 6|84:4 10|69:1 4|90:9 3|9:4 3|2:5 6|77:2 1|40:9 2|31:3 1|96:2 8|19:4 8|71:7 3|85:10 4|57:8 10</relation>
    <relation name="R5" arity="2" nbTuples="100" semantics="soft" defaultCost="infinity">58:1 4|18:7 9|90:8 4|74:2 2|91:3 2|92:9 7|98:10 9|94:9 3|66:7 5|14:7 4|11:4 6|94:5 6|68:10 10|59:5 2|75:1 8|35:6 9|36:10 3|21:6 5|91:5 3|31:5 4|8:9 8|62:8 3|53:6 8|55:6 2|25:4 4|71:2 10|75:4 3|93:1 5|79:3 9|43:10 8|94:2 9|62:4 10|97:8 2|96:9 6|83:8 6|41:5 1|41:10 6|78:8 8|3:1 6|1:3 1|37:7 8|89:8 1|0:5 9|95:5 5|67:4 1|3:10 5|90:6 1|21:7 10|46:10 2|67:5 8|3:4 2|31:1 2|85:3 5|75:7 1|74:2 6|73:7 6|74:3 10|42:8 10|7:9 5|83:1 1|0:9 9|90:9 4|25:8 9|3:6 7|12:3 7|10:10 1|50:10 4|18:7 2|89:4 5|97:5 10|2:3 3|11:2 1|92:3 8|53:6 6|55:2 3|73:1 7|96:1 9|92:7 3|94:1 10|21:2 7|14:4 9|82:8 5|52:6 4|37:1 3|85:10 7|80:3 4|2:2 5|98:4 8|71:5 7|2:7 7|49:3 6|70:8 7|1:2 4|33:4 7|57:9 10|58:6 3|54:2 8|1:9 2|46:6 10|49:9 1</relation>
    <relation name="R6" arity="2" nbTuples="100" semantics="soft" defaultCost="infinity">56:10 3|52:10 2|40:9 6|15:2 6|44:9 9|9:5 2|93:4 2|47:2 2|17:5 1|4:3 7|23:4 1|16:7 2|43:9 8|59:6 5|93:8 8|65:7 10|27:5 3|80:6 1|6:1 1|85:1 4|74:9 5|65:4 8|9:6 3|71:5 4|45:1 3|66:1 7|19:10 10|33:1 2|37:1 9|27:10 8|61:2 3|33:10 4|0:5 9|75:10 9|37:7 3|50:4 5|82:8 6|85:3 8|33:8 2|36:6 8|32:8 10|38:7 9|79:1 10|71:10 7|95:4 6|88:3 10|61:1 6|71:9 1|58:9 4|48:8 7|58:2 1|10:7 5|28:7 8|81:4 7|3:2 7|92:3 4|98:8 1|26:2 4|66:10 5|90:5 6|38:9 3|47:7 7|62:9 10|59:2 9|25:3 1|12:2 8|77:9 2|45:1 5|64:9 7|68:3 9|27:5 5|64:8 9|28:5 8|18:7 4|65:6 7|78:3 6|37:3 5|47:10 6|64:8 3|53:6 10|94:1 8|14:6 6|21:4 9|67:5 7|6:8 5|94:4 3|47:4 4|93:10 1|92:3 2|31:5 10|16:2 10|19:2 5|52:4 10|29:3 3|10:6 2|13:8 4|92:7 6|7:7 1|72:6 9|21:6 4</relation>
    <relation name="R7" arity="2" nbTuples="100" semantics="soft" defaultCost="infinity">25:5 7|74:2 4|49:8 5|71:2 10|13:7 6|85:9 7|18:9 9|96:4 3|22:8 3|49:9 3|2:4 5|55:10 10|89:7 10|35:6 1|52:8 2|36:4 6|70:5 2|25:3 6|59:6 7|2:1 9|72:2 8|73:5 4|61:3 2|56:2 3|11:4 9|13:5 6|99:7 3|35:5 10|9:10 6|25:7 5|66:2 9|78:6 3|0:6 2|31:10 1|67:1 5|32:9 10|69:6 4|25:1 3|3:1 1|9:3 7|32:6 6|34:10 7|36:1 7|77:10 3|53:1 8|5:4 10|70:2 2|47:3 8|32:8 6|8:3 1|58:8 4|86:10 8|85:9 5|33:8 8|9:8 10|99:4 2|28:9 1|48:7 2|77:9 6|44:5 1|54:6 9|7:4 8|35:2 1|90:10 2|58:10 4|3:3 10|22:7 8|47:1 6|76:5 5|90:4 4|74:8 9|20:7 7|37:3 9|51:10 9|98:5 3|12:3 3|24:9 2|59:8 1|45:8 7|59:7 9|53:4 7|46:9 8|34:9 4|44:6 5|90:5 9|82:4 1|3:3 4|43:1 10|37:10 5|15:1 2|20:3 5|14:7 1|11:2 6|8:7 4|80:1 4|87:2 7|27:6 10|0:2 5|87:5 8|52:6 8</relation>
    <relation name="R8" arity="2" nbTuples="100" semantics="soft" defaultCost="infinity">98:7 4|48:4 6|98:7 2|79:10 5|58:6 4|89:1 4|74:6 2|45:7 8|34:2 1|54:4 10|49:3 10|3:1 1|36:4 1|96:10 6|72:1 2|27:3 5|36:6 8|96:3 8|41:3 6|42:8 7|15:2 9|92:10 4|33:10 8|25:9 3|86:1 10|69:10 10|40:8 8|80:1 5|50:9 4|4:10 3|85:8 6|30:2 10|95:7 9|46:7 5|5:6 9|26:1 9|31:7 6|46:3 9|62:1 8|29:8 2|13:6 7|79:3 7|69:6 1|55:7 7|80:8 3|20:9 2|77:5 3|9:9 5|19:2 8|21:6 5|96:8 9|65:1 3|68:10 2|49:2 2|63:1 7|83:9 10|83:9 6|8:9 7|43:1 6|15:6 3|10:4 9|57:3 3|88:2 5|94:6 6|28:6 10|86:5 10|66:2 6|64:2 3|12:7 3|60:4 7|44:8 4|69:7 10|45:7 1|57:4 8|95:10 9|26:2 4|56:2 7|53:8 1|94:8 5|6:5 9|23:4 4|28:10 1|89:8 10|87:5 5|6:5 2|0:5 7|15:5 4|52:4 5|1:5 8|18:4 2|57:10 7|55:4 3|15:5 1|39:9 9|82:3 1|6:5 6|66:3 2|52:9 8|34:9 1|59:3 4</relation>
    <relation name="R9" arity="2" nbTuples="100" semantics="soft" defaultCost="infinity">11:2 5|61:9 4|38:9 2|64:6 10|34:7 9|13:6 3|53:4 2|35:7 6|69:10 2|85:2 6|15:4 9|17:4 3|57:5 2|6:4 5|30:3 3|54:5 9|81:4 4|73:1 4|50:7 5|17:1 1|72:9 1|91:10 3|90:9 10|68:1 2|29:4 10|33:7 8|94:8 3|1:9 7|22:6 4|16:5 6|13:1 3|93:7 10|37:6 6|14:6 2|12:1 8|40:2 1|77:5 7|30:4 6|30:8 1|39:2 3|78:1 5|56:8 7|42:2 10|12:3 9|24:2 9|38:5 3|79:3 2|49:8 2|11:1 9|64:8 5|26:5 5|69:10 6|93:6 9|80:10 4|97:9 8|57:6 7|78:3 4|86:3 5|42:2 4|92:9 3|79:7 3|85:10 7|25:4 7|66:1 7|75:1 10|83:10 5|25:4 8|68:5 10|44:5 8|49:8 9|56:9 5|26:7 4|91:5 4|92:8 10|14:3 6|87:7 7|91:10 9|16:2 7|22:6 8|72:6 1|41:6 5|72:8 8|32:1 6|9:8 6|35:7 2|43:2 8|27:10 8|65:2 2|3:10 1|36:3 8|51:3 10|66:8 4|72:9 9|47:9 6|99:4 1|71:7 1|73:10 10|2:5 1|97:3 1|99:3 7</relation>
    <relation name="R10" arity="2" nbTuples="100" semantics="soft" defaultCost="infinity">59:9 3|18:5 1|75:10 9|38:10 5|22:2 8|95:1 6|97:10 4|7:9 6|94:7 3|28:5 9|46:2 6|62:3 7|57:3 4|82:5 3|29:3 6|85:10 10|15:8 5|53:9 2|9:7 9|1:7 7|54:2 9|25:5 5|21:2 1|8:1 2|69:3 2|61:4 8|22:6 5|22:5 10|48:8 6|15:7 10|1:10 7|80:10 6|29:3 3|78:7 1|30:3 8|7:4 9|78:9 4|6:8 3|5:4 5|85:2 2|16:6 6|3:8 7|64:8 9|26:6 1|53:5 2|61:4 2|47:7 5|72:9 1|78:8 8|69:4 6|6:4 10|43:6 7|97:5 7|6:3 1|57:8 10|97:2 7|28:9 8|80:7 4|63:6 8|50:10 3|39:9 10|96:4 7|58:1 9|49:1 5|1:6 10|21:3 10|89:4 4|1:10 2|28:5 8|96:8 4|26:1 4|12:8 2|48:7 2|25:4 3|71:9 9|55:3 9|31:6 9|12:3 5|12:1 8|67:8 1|7:2 4|19:1 3|47:10 1|25:1 7|82:2 5|42:7 8|10:7 6|75:9 7|57:2 3|62:2 10|52:5 4|4:4 1|93:6 3|72:10 8|44:1 10|55:1 1|88:9 5|72:6 4|7:6 2|20:5 6</relation>
    <relation name="R11" arity="2" nbTuples="100" semantics="soft" defaultCost="infinity">24:1 3|19:3 4|8:10 7|29:8 8|4:3 5|8:3 2|40:10 5|46:1 5|72:8 6|6:7 6|56:6 10|28:6 8|12:3 6|50:8 1|63:5 5|23:9 7|21:3 1|52:6 5|37:8 2|92:9 8|64:2 1|30:3 10|40:10 2|74:5 4|17:10 8|97:1 10|13:1 7|78:4 2|57:5 2|29:10 10|63:1 9|11:7 9|59:4 5|69:10 6|99:7 4|78:2 6|66:6 4|60:7 1|34:4 3|63:4 1|60:6 6|97:2 5|85:6 9|74:10 4|80:1 1|19:9 4|43:7 7|42:5 3|29:6 2|77:2 3|13:10 3|20:7 8|36:8 7|70:10 1|49:5 6|53:10 9|86:1 8|94:9 1|75:4 7|7:5 9|39:3 3|51:4 8|86:5 1|36:2 4|75:3 9|76:4 9|60:1 4|62:9 6|76:1 6|1:8 5|29:2 7|84:9 5|65:4 4|40:7 3|20:4 10|67:2 10|84:7 2|37:9 9|45:3 8|28:8 9|13:1 2|27:5 8|23:9 3|12:8 4|48:8 10|4:6 7|19:2 2|15:5 7|34:2 8|48:7 5|43:7 10|60:3 7|4:4 6|94:9 2|20:2 9|96:6 3|14:9 10|69:6 1|47:8 3|58:5 10</relation>
    <relation name="R12" arity="2" nbTuples="100" semantics="soft" defaultCost="infinity">67:6 6|91:5 3|53:6 8|70:1 9|58:5 8|55:1 6|87:6 2|59:4 4|21:2 1|94:4 8|71:1 4|76:10 3|4:5 10|52:8 9|57:2 5|28:1 5|39:5 7|2:7 5|74:10 5|90:8 5|23:9 8|45:5 2|36:8 6|6:8 8|33:8 4|3:2 7|78:9 4|47:3 3|84:3 4|35:7 7|94:1 2|64:4 3|74:9 6|4:7 3|68:4 6|88:4 1|15:6 5|74:7 1|62:3 6|39:2 9|27:2 4|94:10 4|24:5 9|61:2 8|26:9 7|24:10 9|59:1 7|96:3 9|87:9 9|84:5 6|44:8 10|20:6 1|95:10 6|80:3 5|3:7 10|23:4 7|53:9 10|62:8 2|77:8 7|55:7 2|13:1 3|47:2 10|64:6 9|68:10 2|31:10 8|84:8 1|76:7 4|0:10 10|59:1 8|89:1 1|62:4 2|13:1 10|36:6 10|70:4 10|2:10 1|40:6 3|6:9 3|24:9 2|58:5 1|65:7 9|14:7 6|86:3 2|18:5 4|27:3 10|50:3 7|62:10 7|43:6 7|22:6 4|19:5 5|4:9 1|54:8 3|4:2 2|29:4 5|87:3 1|47:4 9|99:9 5|87:2 3|4:7 8|16:2 6|94:3 8</relation>
    <relation name="R13" arity="2" nbTuples="100" semantics="soft" defaultCost="infinity">3:2 1|59:1 8|99:6 5|35:9 2|96:6 2|30:10 10|55:2 5|19:4 2|52:10 9|64:4 7|99:6 9|53:1 4|90:9 6|50:10 6|99:10 7|51:5 7|74:8 2|32:5 1|12:3 6|2:2 10|71:6 10|53:10 5|30:9 3|23:1 2|3:3 7|6:4 5|20:4 1|34:5 5|92:8 9|2:5 2|68:4 3|49:10 2|95:4 6|5:10 8|54:6 4|92:4 8|40:6 7|23:1 6|54:2 6|80:5 10|95:2 9|27:7 6|80:3 8|41:5 4|67:3 4|18:6 3|21:7 7|21:10 1|6:1 5|34:8 5|21:6 6|85:6 1|21:9 1|61:2 8|21:3 3|13:10 4|95:7 3|74:7 9|83:2 2|93:1 1|75:6 8|73:7 8|14:7 1|4:1 10|0:9 9|65:5 3|1:4 9|81:9 10|70:1 9|94:3 5|53:2 7|61:3 9|91:5 6|20:5 8|89:8 6|22:7 5|85:3 10|16:3 1|59:9 8|80:7 10|16:1 7|15:4 4|90:7 2|84:8 3|2:3 2|28:9 4|59:2 3|39:5 9|56:4 10|85:7 4|50:10 3|64:2 4|8:8 8|34:1 3|56:8 7|55:8 10|3:8 1|59:9 5|0:9 7|18:8 4</relation>
    <relation name="R14" arity="2" nbTuples="100" semantics="soft" defaultCost="infinity">60:4 1|40:4 6|93:7 9|51:4 9|56:5 6|81:8 8|23:7 6|9:8 5|57:4 8|72:8 2|47:1 10|82:7 10|34:9 2|77:5 3|4:1 4|3:8 6|14:1 8|18:3 5|55:3 2|35:3 10|90:6 9|61:4 2|9:9 8|0:5 1|12:10 5|66:4 10|90:9 7|86:10 8|75:10 2|40:10 4|30:5 7|80:4 3|10:1 7|27:10 9|5:1 2|44:10 6|68:6 5|76:7 5|49:9 10|33:2 8|90:7 1|49:1 9|80:6 4|20:5 8|26:10 10|24:4 4|9:2 2|54:7 4|92:6 10|17:9 9|51:2 5|57:5 2|57:8 3|6:3 4|59:5 4|20:1 3|89:10 7|33:7 2|88:8 7|54:3 9|94:9 4|62:3 6|95:8 1|75:5 10|8:1 5|35:6 3|14:6 8|80:3 7|0:10 3|48:7 8|55:2 7|13:6 1|80:6 7|93:6 6|23:2 3|98:10 1|55:1 6|33:2 9|29:2 6|16:9 3|99:3 3|66:1 1|90:9 6|19:8 4|76:3 8|38:2 4|80:9 1|48:4 5|99:5 5|25:7 3|25:8 10|41:6 2|69:8 9|73:4 7|30:2 10|65:2 1|83:9 5|28:3 1|19:5 9|59:7 7</relation>
    <relation name="R15" arity="2" nbTuples="100" semantics="soft" defaultCost="infinity">55:3 5|93:7 3|73:7 9|72:9 3|28:9 9|28:4 3|0:10 7|98:2 2|78:6 5|93:6 1|10:2 4|25:7 2|49:2 8|25:4 6|64:6 7|42:5 3|21:2 7|92:3 3|92:10 5|14:8 3|1:7 8|97:2 6|77:7 1|94:8 9|21:6 10|59:2 1|92:4 7|5:8 2|18:6 8|32:1 3|14:9 6|19:4 9|7:1 4|26:3 1|13:10 10|78:6 3|11:7 10|76:5 4|41:9 5|98:4 4|59:10 1|87:9 2|82:8 10|86:8 4|61:6 6|87:1 8|30:3 9|70:1 10|4:1 2|41:5 9|97:5 6|40:6 2|1:7 6|48:6 4|92:2 5|41:5 2|77:8 5|9:7 7|52:4 10|11:1 1|84:5 7|5:2 3|58:7 4|19:8 7|61:10 3|71:9 10|35:9 1|25:9 8|64:7 5|4:4 8|98:10 2|12:3 4|50:8 8|29:1 7|94:5 5|33:5 8|45:9 7|69:8 6|87:3 10|16:10 8|38:4 5|30:10 6|34:4 1|1:4 2|32:3 2|94:6 9|36:1 9|58:3 6|92:2 9|39:3 7|17:10 4|59:1 6|76:8 1|77:2 10|22:10 9|56:1 5|46:9 4|72:5 1|12:3 8|26:5 10</relation>
    <relation name="R16" arity="2" nbTuples="100" semantics="soft" defaultCost="infinity">46:8 2|57:8 10|35:10 2|31:9 2|46:3 9|35:1 4|89:9 10|47:4 4|41:3 8|59:6 8|98:9 5|37:5 1|12:4 5|87:7 3|41:7 5|0:4 7|8:1 5|72:7 1|28:6 3|2:7 8|1:4 8|36:4 9|64:4 6|14:2 10|94:5 7|52:6 2|24:3 1|78:4 1|82:2 3|50:4 10|1:6 9|88:5 8|32:10 3|35:7 9|83:3 5|97:2 6|39:9 1|85:8 8|14:1 2|65:10 5|58:3 4|38:8 6|37:8 3|44:10 7|89:2 7|67:10 6|63:3 7|0:1 10|2:6 1|38:5 3|96:7 2|36:5 9|4:10 1|31:8 9|76:9 8|46:9 7|63:8 4|10:5 4|8:2 5|37:7 7|33:5 5|83:8 5|99:2 8|75:10 10|75:9 4|36:9 9|85:2 4|87:9 3|25:3 10|30:7 10|98:6 4|43:2 2|44:1 1|51:4 3|28:1 8|11:10 8|51:10 4|93:7 6|16:10 9|52:6 5|77:6 6|69:5 10|72:1 3|14:2 1|21:4 2|61:6 10|52:7 4|86:5 2|98:9 6|26:5 6|0:3 3|96:3 6|58:6 7|26:1 9|55:1 6|37:1 7|90:8 7|46:2 9|54:3 2|17:8 1</relation>
    <relation name="R17" arity="2" nbTuples="100" semantics="soft" defaultCost="infinity">61:10 10|61:3 10|0:4 1|80:1 9|75:1 1|25:10 5|71:8 1|46:7 9|51:2 1|11:6 10|50:4 7|34:4 3|28:5 6|71:3 6|3:5 10|7:3 8|4:2 9|24:4 10|11:5 9|15:6 4|0:10 6|23:6 6|76:3 5|13:7 5|28:10 7|32:4 5|48:6 1|34:1 2|37:4 4|77:6 9|37:7 8|30:6 2|32:10 4|72:10 3|29:5 3|69:4 9|37:10 1|42:3 2|32:7 1|12:4 6|87:9 10|4:5 8|35:3 9|39:2 6|77:9 7|38:8 3|37:9 9|95:7 2|36:6 7|44:8 5|17:8 10|90:7 6|49:10 2|50:7 7|89:7 10|59:6 3|1:5 5|49:2 5|10:3 1|93:9 4|28:1 10|35:3 7|11:7 3|73:1 3|60:3 3|89:2 10|5:9 2|2:9 6|37:1 5|84:2 4|41:8 6|2:8 7|48:5 2|74:8 9|14:2 3|72:5 7|26:10 8|35:1 6|2:5 1|65:8 4|76:7 4|94:4 2|70:2 7|85:1 7|6:2 8|35:1 4|89:5 4|21:10 9|94:2 2|9:1 8|19:6 8|52:4 8|99:6 5|23:9 1|79:8 8|80:9 3|60:8 2|72:9 8|95:3 4|87:9 5</relation>
    <relation name="R18" arity="2" nbTuples="100" semantics="soft" defaultCost="infinity">36:6 8|12:5 2|45:8 1|46:8 9|75:2 4|58:10 10|11:6 7|70:3 7|22:9 2|12:2 10|43:1 10|43:6 1|77:6 6|23:2 1|80:8 7|16:5 10|30:2 5|80:3 6|80:8 6|35:4 4|47:7 3|1:10 3|21:1 6|79:10 1|45:7 6|38:5 3|32:9 4|57:8 5|93:8 4|22:3 2|84:1 5|20:9 3|66:10 7|52:3 3|73:1 3|74:1 2|56:8 2|0:8 8|23:2 2|19:4 5|41:4 9|5:3 1|53:10 9|31:9 10|59:7 1|30:3 10|88:8 10|81:7 8|26:10 6|88:2 7|7:6 10|4:7 4|81:1 7|35:9 9|75:9 7|6:5 7|54:7 9|98:5 5|2:5 8|32:3 5|75:1 8|17:7 10|25:5 4|79:9 5|93:10 2|50:7 2|56:1 1|71:6 2|17:10 5|95:6 4|53:6 3|11:7 5|52:4 10|4:6 5|51:9 6|30:7 7|86:1 9|39:9 8|18:2 3|58:10 8|15:9 1|45:3 4|93:5 6|32:10 4|91:4 3|7:5 1|39:4 6|24:3 9|71:4 2|31:2 9|39:4 7|59:2 8|58:4 1|43:5 9|52:6 9|77:3 8|29:8 3|50:4 8|13:2 6|75:1 4</relation>
    <relation name="R19" arity="2" nbTuples="100" semantics="soft" defaultCost="infinity">52:4 1|59:6 10|55:10 1|80:9 7|3:2 4|53:5 6|36:10 9|0:7 5|71:2 7|47:1 4|32:7 9|43:8 3|83:1 1|67:10 6|81:5 5|47:5 1|11:1 10|8:8 1|93:9 9|67:1 8|53:2 1|57:8 2|63:5 4|73:4 6|61:8 7|30:8 4|32:3 3|1:3 9|10:3 10|15:7 7|83:2 8|51:4 5|22:4 2|10:5 2|60:10 10|40:1 2|41:9 10|72:9 5|80:1 7|70:6 7|34:10 4|72:8 5|23:4 7|75:3 4|24:2 3|63:8 6|0:4 10|49:4 8|38:10 7|18:4 3|33:8 10|80:2 5|66:6 1|98:6 9|7:3 5|69:1 3|45:9 3|46:5 10|57:6 8|9:9 4|41:3 2|47:6 6|66:2 9|63:8 9|25:2 2|63:10 5|1:1 9|41:9 2|16:7 4|54:3 1|24:3 7|16:7 1|42:7 2|20:9 6|38:10 3|22:7 10|13:5 3|32:4 4|59:9 8|3:4 9|21:10 8|30:3 6|43:6 4|29:5 8|32:7 8|53:6 3|90:8 8|93:2 10|94:1 5|65:7 3|86:6 5|20:5 7|21:9 1|97:1 6|92:6 2|11:3 8|1:5 9|46:2 6|46:10 2|90:7 6</relation>
    <relation name="R20" arity="2" nbTuples="100" semantics="soft" defaultCost="infinity">69:7 8|21:4 8|63:1 5|0:5 8|47:2 1|88:1 4|3:5 7|50:2 6|28:3 3|81:9 3|21:3 6|14:7 5|33:7 3|35:9 5|76:3 5|36:2 3|89:4 10|68:8 5|94:8 4|91:5 2|41:5 6|58:5 5|63:5 10|93:6 4|93:4 4|9:2 7|42:10 7|82:6 7|60:1 8|47:2 2|98:7 10|48:8 2|83:10 9|70:9 7|50:9 9|21:5 9|1:7 6|12:9 6|49:8 10|55:4 3|24:6 6|93:9 10|86:1 3|90:3 1|22:10 3|87:4 6|89:1 9|30:1 10|9:8 9|69:3 4|39:4 5|73:2 4|27:6 5|25:7 2|10:4 1|81:3 10|38:10 6|25:5 1|70:10 5|3:2 8|76:7 1|85:10 8|4:9 8|20:4 9|4:5 4|71:3 7|14:1 2|76:7 7|55:6 1|36:6 3|16:10 1|98:1 7|10:3 8|97:8 6|33:7 9|17:1 1|78:10 4|80:3 9|83:10 2|93:3 2|75:5 3|18:2 9|26:1 6|26:7 4|76:6 8|95:6 10|85:6 2|58:9 4|22:2 10|94:8 7|23:4 7|83:9 2|96:4 2|27:6 9|47:8 3|23:10 10|16:9 1|8:8 1|47:2 5|14:8 8</relation>
    <relation name="R21" arity="2" nbTuples="100" semantics="soft" defaultCost="infinity">12:4 8|11:9 6|36:5 2|52:2 3|54:9 8|45:6 1|50:2 7|27:3 8|58:4 6|68:4 10|69:10 8|62:6 2|36:1 2|8:8 10|37:2 9|38:2 5|30:3 10|72:10 1|79:5 8|30:10 10|88:6 3|63:6 9|93:4 2|88:7 1|19:5 9|21:5 1|40:10 3|27:8 1|80:5 5|45:2 6|92:10 4|64:3 4|27:9 9|89:3 3|52:1 9|83:1 4|22:9 5|3:1 7|80:3 6|9:1 5|30:9 10|60:4 7|32:4 3|89:6 4|58:7 2|0:4 9|81:1 6|9:10 2|5:7 5|35:1 1|80:9 2|52:5 7|70:9 7|24:9 1|11:10 9|2:8 3|63:7 6|1:2 1|13:5 3|85:8 2|68:6 10|84:8 8|23:8 9|60:4 1|67:3 7|65:5 4|22:8 7|23:1 3|83:8 6|98:7 7|17:10 6|75:6 5|19:5 6|33:3 2|46:1 10|17:3 1|34:1 8|46:4 5|78:6 6|48:6 7|73:7 8|36:10 5|0:7 10|93:2 8|82:10 7|6:8 5|87:7 9|56:2 4|41:4 4|12:6 8|65:7 3|2:3 5|38:2 2|20:9 4|52:8 4|58:3 9|35:7 4|35:9 3|16:2 10|94:5 10</relation>
    <relation name="R22" arity="2" nbTuples="100" semantics="soft" defaultCost="infinity">39:10 9|35:4 7|66:10 4|27:6 5|66:2 8|48:5 4|6:10 7|28:2 10|86:8 6|86:7 2|56:7 4|77:3 5|49:10 8|47:8 1|6:5 3|63:9 6|58:5 1|26:1 4|86:2 4|39:2 6|16:2 7|34:4 6|43:6 9|85:6 3|75:3 2|90:5 5|53:5 9|17:2 9|81:4 9|70:4 4|91:3 6|49:9 7|82:9 10|30:8 7|28:4 8|72:6 2|59:4 2|66:9 4|49:9 5|88:7 8|54:8 10|80:1 6|76:6 4|44:2 5|92:8 5|69:1 1|44:10 5|7:1 9|34:5 10|72:8 3|54:4 1|87:9 2|32:2 2|73:10 10|41:3 3|26:6 8|4:10 3|54:8 9|66:3 10|52:6 10|31:8 2|89:7 3|68:3 7|26:10 6|82:10 1|28:7 7|9:1 10|72:6 6|6:1 2|51:3 8|71:8 4|76:7 5|32:7 10|4:9 8|27:7 9|64:5 8|17:5 2|97:3 1|56:1 5|11:2 1|86:6 1|17:2 3|25:7 1|23:5 6|45:4 10|59:4 5|98:9 9|44:3 4|2:1 7|78:3 9|79:9 3|36:5 7|26:8 8|62:1 8|68:1 3|60:7 6|95:4 3|95:9 1|85:10 2|17:6 7</relation>
    <relation name="R23" arity="2" nbTuples="100" semantics="soft" defaultCost="infinity">29:1 7|54:8 7|89:10 3|13:6 1|8:9 7|0:10 1|45:10 8|34:5 8|72:8 1|20:5 10|47:6 6|29:3 6|78:1 2|9:1 9|34:10 4|8:1 5|28:6 8|87:9 6|78:2 4|66:10 2|29:7 3|61:3 5|41:7 10|97:10 7|12:8 6|57:5 7|3:9 1|3:6 2|39:6 10|97:10 10|66:3 3|9:4 5|1:2 1|78:7 4|52:3 2|16:5 2|58:5 3|64:4 1|23:3 9|33:5 9|19:10 6|99:8 2|28:9 9|83:2 9|77:9 8|69:2 7|99:9 3|62:4 9|28:8 5|11:7 1|50:3 1|39:9 10|46:2 6|15:6 5|47:1 1|19:1 4|15:9 5|29:4 6|17:2 8|21:4 2|67:1 3|4:1 10|27:1 6|99:4 8|97:5 1|31:7 6|81:8 9|87:7 7|93:5 6|26:6 7|93:5 4|88:7 2|35:10 5|35:8 8|84:8 4|83:4 3|79:9 4|67:4 7|31:4 4|92:3 7|33:2 10|73:9 2|17:10 9|20:8 3|63:1 8|99:3 4|72:2 2|66:7 5|63:6 4|10:8 10|33:7 9|48:3 10|53:2 3|24:5 5|34:2 5|20:3 8|94:7 8|45:6 9|74:4 10|78:6 3</relation>
    <relation name="R24" arity="2" nbTuples="100" semantics="soft" defaultCost="infinity">76:5 8|78:7 1|40:1 7|9:3 6|15:3 3|60:1 3|76:1 9|42:9 8|28:7 6|65:10 2|54:8 10|16:4 6|0:6 5|23:8 2|55:2 4|15:1 6|57:9 6|77:10 3|49:8 8|73:7 5|17:2 5|64:1 8|24:7 7|63:2 7|10:1 5|31:4 8|57:10 9|87:3 5|13:1 2|1:8 7|32:5 1|34:10 5|89:2 3|55:8 4|28:8 5|60:4 9|3:2 8|85:5 7|7:6 6|56:7 4|73:6 4|63:5 6|8:2 6|95:7 10|17:4 4|2:9 10|31:1 10|89:5 4|93:7 9|58:10 6|93:4 7|26:3 7|98:5 3|34:2 1|22:9 1|16:7 3|38:3 9|69:8 3|4:8 9|63:2 2|68:2 9|73:5 10|75:3 10|71:1 1|76:4 5|60:3 4|68:8 6|58:9 5|10:2 10|73:4 3|0:4 1|32:6 1|25:10 1|29:5 5|92:9 3|88:10 7|34:3 1|28:4 10|60:5 2|46:9 7|28:10 10|46:1 4|29:8 1|76:9 2|38:9 9|0:6 8|21:6 9|59:3 8|10:10 4|75:4 2|88:5 9|57:7 2|98:9 4|85:6 10|74:6 7|78:10 8|42:6 3|37:6 2|45:7 8|12:3 2</relation>
    <relation name="R25" arity="2" nbTuples="100" semantics="soft" defaultCost="infinity">52:10 7|73:7 9|59:1 6|89:3 9|55:7 1|85:7 7|13:1 2|24:9 5|49:2 1|73:10 6|91:8 10|43:3 7|85:8 8|42:1 4|37:8 5|49:10 10|67:7 6|87:3 5|12:6 6|86:5 6|10:8 3|26:3 10|29:4 6|23:3 8|72:6 3|54:6 5|76:10 3|93:9 9|69:10 9|87:8 9|45:6 7|30:9 7|3:4 3|77:1 7|99:7 3|10:1 3|28:1 1|57:2 4|87:4 2|71:3 3|1:3 4|29:2 2|8:3 2|81:1 8|96:8 6|80:2 5|66:9 4|91:10 4|71:1 9|31:4 8|34:2 3|39:10 2|31:5 9|8:6 1|3:7 5|49:7 2|1:8 1|6:6 4|24:5 10|72:6 9|68:7 8|91:8 4|99:9 6|46:9 2|44:10 1|60:2 6|18:4 5|12:5 3|67:4 9|4:9 3|78:5 2|36:6 8|55:3 6|97:4 10|22:4 4|53:4 1|26:2 8|41:2 7|24:10 8|18:5 1|61:6 10|54:7 4|36:1 10|82:9 10|17:1 5|49:9 8|6:5 4|44:2 10|1:5 7|78:8 2|88:7 10|36:6 2|61:4 7|65:5 5|84:3 1|88:2 9|95:9 1|83:5 8|54:10 5|16:8 7</relation>
    <relation name="R26" arity="2" nbTuples="100" semantics="soft" defaultCost="infinity">41:3 7|18:5 7|40:3 8|2:8 8|18:4 5|22:8 2|72:2 9|70:5 4|68:6 1|29:7 10|76:1 10|71:10 2|71:1 8|56:8 5|76:7 2|9:9 9|40:7 8|37:10 1|2:2 7|47:3 10|57:10 4|95:4 4|18:5 3|71:8 6|41:2 2|36:5 10|15:1 1|22:5 6|58:2 1|13:2 4|17:10 5|30:3 3|82:7 7|78:3 5|39:7 1|25:6 9|53:5 8|55:6 2|16:7 6|25:4 9|19:4 1|71:5 5|39:2 3|15:9 3|96:6 3|26:6 8|72:9 10|2:3 9|25:9 1|48:9 2|22:1 4|43:3 1|10:7 5|15:3 4|48:4 2|60:10 8|59:1 5|51:7 4|14:10 3|83:3 6|48:2 8|4:7 3|40:9 5|86:9 8|51:8 1|9:6 7|67:1 3|22:10 9|99:9 6|77:4 8|24:10 7|69:7 9|53:1 7|42:5 2|10:4 7|2:8 3|20:6 5|20:9 7|21:9 4|81:4 10|94:2 6|81:8 9|87:1 6|50:5 1|38:8 7|43:4 3|92:6 6|68:1 2|53:2 10|74:5 9|11:8 10|76:10 10|26:2 5|97:10 6|40:4 6|80:1 9|76:6 4|34:8 4|49:3 2|70:6 10</relation>
    <relation name="R27" arity="2" nbTuples="100" semantics="soft" defaultCost="infinity">40:3 6|18:1 2|45:4 9|80:4 2|4:8 3|67:9 3|63:6 1|37:7 8|92:5 7|5:9 8|87:4 5|61:5 4|16:10 1|43:6 7|29:3 8|69:10 9|72:10 7|26:6 5|24:6 4|80:1 5|77:7 2|60:6 10|57:10 5|34:8 6|92:3 2|42:3 3|52:5 10|12:5 5|86:8 10|63:1 6|96:6 9|77:2 8|64:10 3|2:5 1|83:1 4|75:7 10|8:9 6|56:5 3|36:9 10|90:4 10|41:1 9|75:2 10|51:7 6|19:9 7|15:1 8|3:9 1|12:6 6|9:7 1|36:9 4|80:8 2|31:3 4|52:1 3|28:7 7|54:5 2|53:2 2|37:7 9|73:7 5|67:4 6|21:1 1|22:2 3|99:2 7|92:2 1|63:8 4|95:1 7|21:2 6|88:10 6|48:9 2|71:8 1|37:5 6|26:4 3|15:10 2|78:8 5|63:4 8|27:8 9|18:4 4|62:8 8|50:3 7|9:7 4|82:5 8|50:5 9|58:2 4|25:2 5|86:8 7|24:4 1|31:9 5|78:2 9|16:4 7|75:10 4|12:3 9|50:6 8|45:10 10|57:1 10|5:3 10|7:6 3|29:10 8|90:6 2|31:9 9|28:3 5|8:7 3|59:3 1</relation>
    <relation name="R28" arity="2" nbTuples="100" semantics="soft" defaultCost="infinity">59:6 6|95:6 5|54:1 9|97:6 8|53:6 7|52:6 10|32:4 4|8:5 3|43:6 1|31:1 2|72:9 10|88:10 8|47:2 1|93:9 2|26:5 7|18:2 10|71:7 10|91:10 6|59:2 3|44:8 2|73:4 2|91:1 1|88:9 9|3:9 1|62:4 10|16:2 9|82:1 7|40:4 9|48:5 6|21:2 8|41:10 10|12:7 5|94:6 3|46:10 7|59:3 5|69:9 4|21:3 3|84:8 10|43:8 9|9:4 5|82:9 6|95:3 10|20:7 8|32:5 2|5:2 7|99:10 4|85:10 5|3:7 7|77:3 6|46:9 3|68:8 7|9:10 9|98:5 5|77:8 4|98:1 10|14:3 7|60:4 3|48:2 4|82:1 6|24:4 8|91:7 4|9:6 2|39:3 1|48:3 2|87:2 6|25:7 1|80:1 8|3:8 5|76:8 3|12:7 2|79:3 8|83:4 6|12:8 8|95:9 7|89:5 9|73:7 9|21:9 5|65:3 9|81:10 1|6:3 4|14:4 1|16:7 6|18:1 5|20:6 4|62:8 1|27:7 3|11:2 2|63:8 6|58:5 10|79:10 3|15:5 8|66:5 4|33:4 7|76:1 4|81:1 3|13:9 8|32:2 5|3:10 2|82:5 1|87:6 9</relation>
    <relation name="R29" arity="2" nbTuples="100" semantics="soft" defaultCost="infinity">47:4 9|13:7 10|46:2 4|38:10 7|5:6 5|94:2 2|14:1 7|49:6 9|25:4 8|41:9 9|27:5 5|27:9 4|9:1 8|63:9 6|36:1 2|54:9 3|10:10 6|11:10 5|56:8 2|71:1 6|29:10 10|30:6 1|58:7 7|60:4 5|55:5 7|68:4 7|21:8 6|32:7 1|70:6 2|34:8 10|63:7 4|8:10 3|40:4 4|24:6 6|35:3 2|6:8 1|19:3 3|14:9 10|40:6 8|21:8 8|90:3 7|16:1 10|66:7 5|41:1 9|36:8 4|39:1 4|53:9 7|37:5 9|97:3 4|7:4 2|99:9 2|66:3 10|70:1 3|73:10 4|77:6 3|20:5 1|85:4 1|53:5 3|66:7 8|17:3 5|84:10 9|90:4 10|69:2 1|56:1 5|36:10 8|26:3 9|56:5 4|99:5 6|84:7 6|9:2 8|79:3 8|18:4 3|93:2 7|82:9 5|37:5 8|89:3 1|25:8 3|27:10 2|0:7 3|86:10 1|18:9 8|40:2 6|35:2 3|42:2 10|74:2 5|28:8 7|92:8 9|2:7 2|10:1 1|25:3 6|8:8 5|32:9 1|24:6 4|90:4 6|87:5 10|25:7 9|79:6 10|96:5 2|91:6 7|14:2 9</relation>
    <relation name="R30" arity="2" nbTuples="100" semantics="soft" defaultCost="infinity">37:6 3|21:5 1|56:3 3|65:7 9|55:3 7|69:10 10|41:8 5|98:8 4|73:10 7|23:9 10|28:1 1|79:2 1|75:1 7|35:7 3|62:3 4|58:2 7|7:10 4|47:10 6|29:9 2|9:9 5|53:5 4|7:5 7|82:2 9|95:8 6|61:2 5|97:4 1|4:2 8|61:3 6|0:10 5|33:9 3|94:3 10|30:7 4|38:4 5|38:5 2|60:1 2|70:6 2|4:6 1|66:6 5|10:1 3|10:1 10|52:2 6|66:10 2|83:7 7|34:9 4|76:1 4|50:4 10|18:8 9|89:4 3|46:8 1|85:2 3|84:9 7|56:6 7|90:7 2|43:1 9|88:6 8|19:4 7|90:2 2|92:7 6|81:5 8|9:5 5|28:4 2|23:10 1|39:4 4|16:3 2|99:5 3|88:7 5|86:8 7|99:9 8|63:1 6|49:7 8|41:4 8|29:7 1|23:1 5|85:7 10|43:3 9|48:9 6|97:5 6|31:10 3|41:9 1|58:6 6|18:3 5|52:8 3|17:9 9|50:3 8|37:2 4|16:4 6|88:10 8|37:5 9|99:10 9|36:5 10|97:3 1|9:8 10|66:6 9|71:2 10|31:8 8|69:6 10|13:6 4|67:4 9|62:1 8|14:8 2</relation>
    <relation name="R31" arity="2" nbTuples="100" semantics="soft" defaultCost="infinity">59:6 9|69:8 10|12:4 7|53:9 6|55:2 6|86:2 7|95:3 2|95:5 7|17:5 4|42:4 9|95:3 10|32:7 3|37:6 5|80:1 3|43:3 4|95:8 2|92:7 6|24:7 10|23:6 6|73:4 10|25:6 3|68:8 7|46:2 9|71:6 1|37:8 5|47:2 3|24:4 5|24:2 4|69:9 5|92:10 9|24:8 6|25:10 8|60:4 4|49:1 8|4:5 3|85:9 2|99:8 4|10:7 4|77:6 2|20:4 6|47:6 7|64:5 2|2:9 8|14:5 1|43:8 9|40:4 2|34:1 4|95:2 8|41:1 10|68:1 7|19:6 8|10:10 10|43:7 1|6:5 9|63:4 1|35:2 5|47:3 9|6:1 1|68:10 5|71:8 3|49:3 6|42:3 5|9:4 8|96:10 3|89:9 9|41:6 4|17:3 8|79:9 3|83:7 7|86:5 8|53:2 10|92:8 8|21:7 8|48:4 3|2:3 7|62:6 10|37:10 7|49:8 1|78:2 2|14:1 6|57:2 1|64:9 10|65:7 9|42:9 1|65:10 2|57:10 1|38:5 10|7:7 2|57:1 9|77:9 4|37:1 2|72:3 1|61:10 4|61:9 7|52:10 6|82:5 5|42:5 6|94:3 3|68:7 5|92:1 5</relation>
    <relation name="R32" arity="2" nbTuples="100" semantics="soft" defaultCost="infinity">17:5 8|59:6 7|95:8 9|8:8 1|75:3 3|18:3 9|31:4 6|55:4 9|72:5 5|79:5 2|5:5 6|65:6 4|27:7 9|91:3 7|48:3 2|55:9 8|0:7 2|45:9 9|91:4 7|15:4 10|22:6 8|12:2 7|50:4 8|20:8 8|99:7 3|30:10 8|69:10 2|39:2 8|13:8 5|43:6 1|54:8 6|51:8 7|24:2 10|70:1 8|83:4 4|62:1 4|30:2 1|22:5 10|17:8 4|1:2 2|69:3 4|98:4 1|10:10 4|11:9 7|59:5 7|33:3 8|68:10 3|2:2 5|40:10 7|38:10 9|91:7 4|80:3 1|34:2 3|29:3 5|83:9 1|15:1 3|44:4 3|43:8 2|67:2 9|5:6 5|8:4 2|50:8 3|42:5 4|72:7 8|72:9 5|66:1 6|0:2 4|54:9 2|12:6 2|56:3 6|70:10 10|14:5 3|2:7 7|46:1 2|29:6 9|73:7 5|99:8 10|24:6 10|99:2 6|57:9 10|49:1 10|81:1 1|94:9 6|68:3 10|31:4 5|59:1 5|34:10 5|97:9 3|57:7 10|74:9 4|75:6 6|18:1 7|58:7 1|33:5 1|75:5 9|20:6 3|33:1 9|95:7 6|20:10 1|10:10 6</relation>
    <relation name="R33" arity="2" nbTuples="100" semantics="soft" defaultCost="infinity">22:9 8|97:2 5|31:6 6|53:7 8|97:4 10|0:10 3|47:10 6|1:2 9|59:7 7|87:2 10|47:4 6|2:2 4|95:2 1|46:2 6|43:3 4|84:1 7|5:4 8|41:9 5|10:10 4|94:5 1|49:10 8|74:6 10|70:2 3|40:3 1|32:5 4|65:9 7|38:3 5|2:3 10|13:6 7|75:8 4|47:3 7|66:8 6|81:5 10|67:1 3|18:8 1|54:4 3|95:5 5|99:7 10|83:4 9|39:6 4|84:4 1|63:3 2|81:4 5|2:1 5|79:3 3|17:7 4|59:9 2|31:8 7|1:10 2|47:8 9|51:3 6|92:4 4|90:8 5|27:8 10|19:6 2|6:1 10|14:8 3|50:1 9|70:7 9|91:7 2|49:9 10|80:1 6|31:5 9|72:1 2|79:1 4|33:10 10|82:5 7|69:10 7|63:7 3|18:8 8|60:10 5|35:9 1|32:1 1|4:9 4|11:10 9|9:6 8|58:5 6|44:8 2|27:9 3|35:6 3|41:10 1|37:7 6|90:2 2|64:5 3|66:2 8|36:9 9|96:2 7|69:4 2|52:1 8|19:3 8|23:6 9|99:6 1|32:4 7|1:7 5|36:6 5|4:5 2|76:9 6|71:5 8|8:7 1|26:3 9</relation>
    <relation name="R34" arity="2" nbTuples="100" semantics="soft" defaultCost="infinity">11:5 10|90:10 4|86:2 1|97:4 8|99:3 8|22:3 10|50:7 3|84:9 5|54:8 8|89:8 3|85:8 7|61:5 7|88:1 1|95:7 7|62:6 6|46:3 3|78:3 1|0:10 3|87:4 1|62:7 6|91:5 8|93:6 7|72:8 5|35:3 7|60:3 2|96:10 2|17:8 9|59:4 6|16:3 6|82:9 6|74:1 7|73:6 4|72:7 5|27:2 7|25:2 8|82:1 6|12:2 6|50:5 4|36:9 4|56:1 2|67:1 8|1:9 10|58:4 5|4:2 5|15:9 9|94:9 3|26:1 10|49:6 1|86:8 4|80:5 9|32:8 10|66:8 2|85:6 9|33:7 9|69:4 2|76:7 2|13:3 5|29:10 9|82:4 4|37:9 8|48:6 8|17:10 7|21:2 3|6:3 4|76:6 3|89:9 1|90:10 5|65:10 8|92:4 9|34:2 9|23:5 2|91:6 5|96:9 7|28:5 3|60:1 5|18:6 2|44:10 1|61:1 4|63:4 7|35:1 9|61:4 3|71:1 3|85:10 10|97:5 5|63:8 6|58:7 1|31:2 4|23:4 10|97:10 6|42:2 2|25:8 1|38:7 8|87:9 2|37:3 9|97:6 10|69:5 6|67:7 10|54:2 10|0:7 4|70:5 1</relation>
    <relation name="R35" arity="2" nbTuples="100" semantics="soft" defaultCost="infinity">84:7 5|27:8 9|36:9 8|15:4 1|66:8 2|56:7 10|18:3 6|13:5 2|34:5 5|94:4 4|59:4 9|77:1 8|56:1 9|98:7 4|75:9 3|14:2 8|96:2 6|77:6 6|86:4 8|87:7 3|52:6 7|43:10 3|17:3 7|28:10 5|24:10 4|72:2 4|43:4 2|85:4 6|43:6 5|23:1 5|94:4 7|96:5 6|25:7 2|12:5 10|17:6 8|30:6 2|96:1 2|91:9 2|24:8 4|70:8 6|5:5 7|84:9 5|53:3 10|42:7 9|6:5 9|74:5 8|83:7 6|63:3 2|3:4 5|22:10 10|43:9 1|54:10 9|71:9 4|11:4 10|77:3 5|67:1 4|85:6 4|97:2 2|61:7 7|16:3 8|81:7 1|72:2 10|56:10 6|52:8 5|11:6 10|47:6 9|2:6 3|25:1 10|4:5 1|63:10 7|42:5 4|7:1 7|21:2 7|76:9 7|51:1 1|37:8 10|89:1 3|60:10 1|7:8 8|1:9 10|52:3 4|77:3 9|92:3 1|62:1 6|75:2 9|45:9 9|32:8 1|67:7 8|96:5 3|48:8 7|31:9 6|94:2 1|49:6 1|87:2 5|97:10 2|4:3 3|50:10 8|6:4 3|66:8 3|29:2 3</relation>
    <relation name="R36" arity="2" nbTuples="100" semantics="soft" defaultCost="infinity">67:10 5|58:2 3|58:8 9|4:8 3|67:1 8|43:10 4|84:9 6|36:6 4|11:8 1|86:3 8|43:2 6|33:1 2|72:4 4|90:6 2|71:7 6|31:4 10|91:6 3|77:9 2|98:9 10|8:10 9|79:10 7|82:4 5|74:2 2|0:2 7|50:10 10|18:7 4|36:3 3|2:9 3|61:4 1|5:2 1|89:3 9|46:1 9|55:3 2|36:4 9|75:7 5|39:2 8|20:8 2|54:5 8|32:8 8|72:5 5|35:9 7|48:4 2|64:8 4|20:5 1|94:7 9|35:7 2|87:4 8|47:1 7|38:3 10|59:10 1|59:9 9|40:2 5|17:6 8|43:1 5|5:8 6|31:5 7|62:4 6|53:5 9|80:10 2|14:8 5|49:9 1|40:7 7|79:3 7|57:1 3|13:1 4|49:5 4|6:1 1|55:6 9|20:6 6|48:7 3|56:9 5|77:6 1|14:7 10|7:3 5|81:5 6|92:5 10|7:5 3|63:4 7|4:7 1|89:3 6|20:6 5|84:9 4|6:4 3|17:2 10|14:6 7|31:10 3|99:10 8|11:8 10|32:10 6|59:3 1|78:5 2|10:8 7|60:2 9|70:1 6|82:6 10|25:9 8|90:7 8|86:2 4|24:3 4|2:1 10</relation>
    <relation name="R37" arity="2" nbTuples="100" semantics="soft" defaultCost="infinity">49:7 4|14:9 9|99:2 5|38:6 8|33:7 7|45:2 3|91:5 9|67:6 3|78:10 8|39:10 7|55:6 5|33:5 1|30:3 6|10:4 9|78:2 1|23:1 4|6:8 2|21:2 4|92:2 7|26:5 2|2:4 4|97:5 8|15:4 2|56:7 8|19:8 4|19:1 6|39:6 2|13:7 5|0:5 3|71:7 2|29:8 8|77:9 4|85:5 5|2:7 6|31:5 6|72:7 3|58:3 3|24:10 5|81:6 6|92:10 6|23:1 9|42:8 7|77:9 1|87:9 10|21:4 6|41:5 10|67:1 5|29:8 10|32:6 1|1:3 4|2:2 2|13:5 4|31:3 2|94:8 5|57:9 2|29:7 10|70:2 8|74:8 1|30:7 1|0:10 1|34:3 1|48:10 10|66:10 4|15:1 3|0:1 2|34:1 1|91:4 7|41:3 8|33:1 8|44:6 4|12:2 10|0:6 7|76:9 3|93:4 5|11:4 8|50:5 7|43:8 9|37:10 3|78:9 8|22:4 1|96:9 7|97:9 5|5:2 6|2:1 10|6:6 9|52:10 9|97:7 9|71:9 6|21:3 7|37:10 2|4:6 10|69:1 7|56:4 10|98:8 3|41:3 5|66:2 9|58:8 6|94:4 3|4:3 10|19:3 9</relation>
    <relation name="R38" arity="2" nbTuples="100" semantics="soft" defaultCost="infinity">49:7 3|46:5 8|0:4 9|40:10 8|27:4 4|51:4 10|9:1 6|11:6 8|8:9 3|34:9 10|87:10 3|66:2 7|8:5 4|34:8 5|51:6 1|19:6 4|24:3 1|35:5 7|57:3 7|4:2 5|68:6 10|75:6 2|5:8 2|32:3 6|95:4 6|47:6 6|81:5 1|97:8 3|99:2 1|69:1 2|7:3 8|60:2 9|11:9 9|92:4 7|13:7 1|50:10 6|15:3 2|41:5 10|48:4 5|56:8 10|76:10 1|98:8 6|96:3 9|8:2 10|18:7 8|83:2 4|80:5 6|76:10 4|7:7 4|14:10 7|15:7 7|68:9 8|98:2 6|0:4 1|20:1 1|20:2 8|42:1 4|75:5 9|55:6 9|16:10 10|99:1 5|36:2 2|94:3 3|50:5 2|58:1 9|12:7 5|85:9 1|84:10 2|11:1 8|85:3 5|86:7 9|36:10 9|76:9 5|55:4 3|83:3 10|9:9 4|36:5 3|77:6 5|99:4 2|1:8 4|6:2 3|15:3 4|96:8 1|71:7 10|69:6 7|67:1 7|49:8 9|0:8 8|75:7 6|10:9 2|7:1 3|59:10 5|48:9 7|93:7 2|60:9 6|71:1 10|69:5 5|30:6 3|43:4 8|41:8 7</relation>
    <relation name="R39" arity="2" nbTuples="100" semantics="soft" defaultCost="infinity">30:10 5|95:7 2|86:8 10|99:2 6|72:2 4|18:7 7|92:1 6|44:5 7|52:7 6|62:2 5|17:1 8|30:3 10|21:5 2|83:10 9|78:8 3|80:1 4|8:8 1|22:4 6|66:2 7|30:9 8|94:9 2|49:9 3|12:8 5|96:1 9|60:5 8|61:10 3|67:10 1|7:6 9|97:10 7|98:8 8|5:2 3|62:9 1|28:7 9|62:7 10|46:7 4|98:4 4|38:8 7|90:3 4|90:9 6|26:3 9|71:1 10|94:4 1|40:8 4|51:10 2|94:9 7|29:5 6|95:10 4|72:8 9|92:4 5|70:3 1|53:5 3|23:6 5|9:10 8|12:3 8|14:5 4|34:4 2|54:4 9|58:1 2|93:7 5|94:2 8|11:7 3|51:7 1|58:6 8|86:4 3|61:5 1|66:1 1|25:8 6|45:3 6|33:9 4|19:1 3|25:9 5|47:3 7|71:4 7|60:6 2|25:3 2|83:6 1|7:6 3|20:6 7|46:3 5|44:10 6|7:5 9|79:4 8|18:6 6|31:6 10|19:3 3|99:2 9|46:5 5|22:6 4|27:2 1|88:1 5|13:9 9|84:5 10|72:7 8|40:4 10|66:2 2|46:2 10|55:8 2|8:9 10|25:1 7|54:10 10</relation>
    <relation name="R40" arity="2" nbTuples="100" semantics="soft" defaultCost="infinity">20:8 1|50:5 10|27:10 3|79:4 4|51:10 10|77:2 8|13:9 6|50:10 8|88:10 4|63:4 7|60:8 2|11:4 3|67:4 1|22:10 6|37:3 8|22:5 7|43:2 1|16:7 10|72:2 10|41:3 9|81:3 4|39:3 6|39:8 9|32:6 5|68:5 8|43:3 3|62:3 1|19:10 9|56:9 7|60:9 9|7:7 8|43:4 8|68:1 2|70:8 4|29:7 9|59:1 10|73:3 10|63:9 5|46:4 5|78:2 4|70:6 8|73:3 5|10:8 7|99:9 4|32:7 7|66:8 3|59:2 5|59:6 6|21:9 10|82:7 6|21:2 7|31:10 1|71:4 9|85:2 9|77:1 4|53:6 4|99:5 9|70:4 10|55:10 5|45:6 1|28:7 5|64:1 9|34:7 1|34:6 2|27:1 8|74:5 2|40:8 5|40:6 9|90:6 10|12:10 7|20:2 6|16:1 5|7:7 4|51:5 1|97:3 2|57:5 3|15:10 2|74:3 7|78:1 6|15:9 3|97:9 8|95:4 2|50:2 2|71:8 10|94:1 1|62:6 7|87:7 2|56:9 1|1:5 5|6:8 6|36:1 7|10:9 2|62:5 4|16:8 8|93:5 6|34:2 3|64:4 6|41:6 3|63:1 3|22:7 3</relation>
    <relation name="R41" arity="2" nbTuples="100" semantics="soft" defaultCost="infinity">48:7 1|46:7 6|52:7 8|64:3 8|64:10 9|68:6 8|79:3 3|32:8 8|67:1 9|88:1 4|44:8 10|70:3 4|87:6 10|32:4 9|27:1 5|98:9 4|13:1 2|87:5 5|12:9 2|78:1 10|55:9 10|34:6 4|72:4 4|51:9 6|91:2 3|88:2 8|92:2 9|48:8 7|34:10 6|65:8 3|11:10 8|58:2 4|41:4 7|98:5 3|79:7 3|38:6 9|46:1 6|55:1 8|88:2 1|44:5 8|71:8 5|11:10 7|52:7 10|47:10 3|58:5 9|51:9 8|85:7 4|22:3 6|39:6 2|23:9 9|41:6 3|29:7 5|37:5 6|22:4 8|17:1 3|97:2 10|8:3 10|10:4 3|21:9 7|39:8 2|64:2 6|18:2 7|33:4 2|16:3 7|32:9 5|65:8 4|66:10 1|50:5 7|27:1 1|77:2 5|41:3 2|9:3 1|62:8 6|64:4 5|83:8 1|86:4 10|11:4 6|81:10 10|35:8 9|11:10 5|47:6 6|37:7 7|59:3 9|21:6 7|61:6 1|74:5 2|46:5 10|48:7 9|72:6 5|87:9 1|66:7 2|94:10 2|4:3 5|33:10 4|71:1 7|96:4 1|57:2 2|83:5 1|38:9 3|34:5 4</relation>
    <relation name="R42" arity="2" nbTuples="100" semantics="soft" defaultCost="infinity">46:2 8|36:5 6|46:5 4|99:2 10|39:6 8|36:2 2|66:7 5|73:4 9|19:1 4|30:1 5|64:10 9|74:10 2|19:3 5|12:9 3|25:7 6|62:4 4|34:9 10|74:9 4|41:10 7|18:8 3|33:1 8|42:2 3|98:3 9|23:9 8|5:4 3|14:5 9|98:7 7|6:4 8|84:3 1|35:8 4|92:6 6|56:6 5|52:3 4|10:10 1|63:4 2|14:7 2|29:3 6|1:2 7|68:7 8|74:6 4|3:4 1|21:1 9|88:2 6|4:3 8|1:6 1|71:10 4|16:7 3|42:7 4|63:4 6|98:6 7|59:1 1|96:10 6|64:8 7|17:9 6|86:2 1|4:4 5|80:8 6|91:9 1|30:6 3|90:5 8|23:1 7|26:5 3|57:8 8|40:10 5|79:2 5|18:6 9|28:5 5|75:4 7|14:5 7|32:3 3|75:9 7|12:4 10|93:5 10|96:2 9|73:8 1|20:1 6|97:10 10|33:3 10|26:7 9|39:5 2|81:5 1|52:8 5|72:10 8|12:8 9|30:7 1|84:8 10|31:1 10|46:1 3|17:10 3|63:9 2|99:3 7|68:6 10|12:3 2|47:9 9|13:9 5|78:1 2|37:7 10|70:2 4|98:8 2|45:6 2</relation>
    <relation name="R43" arity="2" nbTuples="100" semantics="soft" defaultCost="infinity">94:10 8|20:2 3|23:7 5|71:2 10|4:1 4|26:6 7|48:10 4|69:2 9|71:3 4|67:6 4|24:7 7|26:8 5|65:9 5|0:8 2|45:4 4|18:1 5|54:10 3|37:3 7|29:9 1|89:10 10|91:8 7|22:3 9|65:9 8|83:9 2|35:7 8|5:3 6|63:3 2|20:3 10|8:1 2|46:8 3|48:6 10|16:5 5|11:7 6|67:2 8|78:6 5|76:4 3|79:6 2|59:9 6|41:4 5|91:5 7|22:5 4|82:9 3|6:3 3|97:4 10|68:5 3|83:8 6|39:6 1|95:4 7|41:3 1|64:7 10|3:7 9|16:1 6|10:4 8|93:6 6|92:8 4|1:9 4|13:2 1|74:6 3|88:8 10|25:10 9|55:9 10|75:2 6|26:4 6|25:4 1|36:1 8|2:4 2|95:7 1|29:7 4|67:10 7|41:7 2|89:5 9|84:5 6|30:6 8|67:1 10|61:4 9|44:1 3|43:2 4|99:8 1|34:2 5|79:1 9|5:8 9|93:1 7|87:10 5|22:9 9|54:8 8|26:5 1|73:9 7|18:5 8|30:3 8|63:5 2|18:1 1|9:2 7|18:10 1|66:5 10|47:2 2|1:7 3|38:3 5|51:10 6|66:10 2|69:6 9</relation>
    <relation name="R44" arity="2" nbTuples="100" semantics="soft" defaultCost="infinity">41:3 8|32:4 1|58:3 5|88:7 9|85:6 10|0:5 6|73:9 6|48:6 4|13:4 2|24:8 1|67:1 7|26:6 1|62:6 2|99:7 1|94:5 2|52:5 9|23:3 3|55:4 9|37:7 3|74:5 10|23:1 5|47:2 8|70:4 5|30:2 9|42:4 7|92:1 4|76:5 1|54:8 8|11:10 3|82:2 2|89:3 4|86:4 3|13:10 6|72:7 10|47:10 7|89:3 2|32:9 2|3:7 7|28:2 6|21:8 5|54:10 8|85:6 3|39:6 6|98:7 4|39:7 2|35:2 1|14:1 2|29:5 8|27:8 10|33:2 4|44:9 1|42:5 5|5:9 3|54:6 9|10:6 5|51:4 8|0:5 4|46:8 2|35:4 6|16:2 5|27:7 6|42:10 9|85:10 10|43:1 10|98:8 7|92:1 3|99:9 10|55:3 7|12:7 8|33:3 9|27:6 8|63:1 8|40:5 7|92:2 7|4:8 6|58:10 2|62:8 9|18:1 9|42:10 4|22:9 4|1:7 5|22:8 4|66:1 6|70:1 1|28:4 10|44:4 4|5:10 1|45:3 1|51:3 6|87:2 3|49:8 3|71:3 10|61:2 10|88:9 5|45:6 7|8:9 8|40:9 7|10:10 5|3:9 9|6:5 3</relation>
    <relation name="R45" arity="2" nbTuples="100" semantics="soft" defaultCost="infinity">29:7 5|53:9 1|17:2 7|0:4 1|43:2 2|27:3 6|66:5 1|81:7 6|50:6 6|32:8 4|77:9 8|58:1 5|96:9 4|94:4 10|56:7 9|49:10 9|6:5 2|92:4 7|3:4 9|67:6 4|70:1 2|6:1 7|16:5 4|52:1 6|5:7 1|16:2 8|12:5 3|69:2 5|77:2 6|15:5 10|96:6 8|48:7 3|79:3 5|90:10 10|61:3 3|46:2 4|50:2 1|93:5 9|47:10 8|16:4 2|50:3 10|97:2 9|35:7 4|74:9 2|46:4 3|78:8 7|64:3 9|18:3 7|66:8 9|51:3 1|13:6 2|13:6 5|88:1 3|42:10 2|81:5 5|45:7 10|26:9 6|20:10 6|5:6 1|41:8 2|98:7 2|52:4 5|5:8 1|84:8 3|88:1 4|57:9 10|66:4 6|5:9 3|48:3 2|63:9 9|12:5 7|3:1 8|20:1 1|65:10 1|14:10 5|30:6 7|54:5 8|22:1 9|65:6 9|4:10 7|15:8 10|2:3 4|76:7 7|77:9 7|4:10 4|1:8 5|58:9 5|47:4 8|97:6 3|16:10 3|33:1 10|86:2 10|21:2 3|97:8 6|65:3 8|28:7 8|99:5 6|35:4 4|87:6 10|98:8 8</relation>
    <relation name="R46" arity="2" nbTuples="100" semantics="soft" defaultCost="infinity">62:4 5|51:10 7|77:3 3|51:4 4|12:6 10|91:1 3|67:7 7|22:10 8|67:7 1|26:9 9|95:5 4|66:5 6|78:8 9|2:6 5|47:5 2|28:3 6|20:1 9|52:6 3|52:7 6|27:3 1|24:8 10|45:2 9|51:2 7|49:7 2|3:10 1|18:9 2|48:9 5|43:6 6|17:2 8|93:3 8|90:8 1|13:6 2|19:2 2|81:1 5|52:9 7|92:10 4|42:7 4|41:10 10|22:10 5|9:5 3|54:2 6|77:2 3|12:1 6|76:7 5|43:9 8|87:4 3|25:1 8|54:3 2|72:4 9|67:3 4|1:3 7|21:4 10|74:9 10|3:8 2|43:8 6|71:1 10|52:1 2|2:3 9|59:5 1|35:6 7|18:10 3|36:8 5|81:8 7|66:7 3|85:5 9|9:10 2|64:7 9|19:2 1|96:1 7|45:3 10|47:10 6|75:4 1|69:3 5|46:2 5|2:9 6|81:5 7|17:6 4|1:6 8|54:5 5|11:5 8|75:5 10|59:9 1|76:10 9|90:2 4|0:4 6|97:8 3|42:1 4|57:4 8|98:1 1|19:4 7|97:6 9|58:7 10|87:8 4|5:9 4|91:6 1|79:9 3|42:2 10|9:8 8|22:7 8|89:4 2</relation>
    <relation name="R47" arity="2" nbTuples="100" semantics="soft" defaultCost="infinity">23:2 3|9:6 4|54:2 9|96:3 4|79:4 3|50:8 3|44:10 7|56:7 2|9:6 5|21:7 5|15:2 4|63:10 3|80:7 10|46:1 8|3:4 10|61:10 8|87:4 4|6:4 5|64:8 5|74:1 3|69:2 10|63:5 6|73:10 9|12:6 8|49:7 9|55:7 8|75:1 10|17:3 1|78:2 5|90:5 7|25:8 6|59:6 1|5:5 4|74:10 6|67:8 10|65:3 6|91:5 9|4:4 8|44:7 6|77:5 2|9:3 10|70:8 1|10:1 7|54:9 3|16:2 6|88:5 8|50:3 2|89:1 5|5:9 7|20:3 9|51:6 2|61:6 7|96:2 2|84:5 3|57:3 7|93:7 4|62:10 1|13:2 1|84:9 5|98:10 4|36:2 7|27:10 10|7:9 4|31:1 2|27:6 10|1:6 6|35:9 10|74:1 4|12:8 7|39:1 6|95:9 8|58:3 8|47:1 1|44:9 1|27:10 5|97:6 9|93:7 1|79:8 9|16:5 5|84:9 9|40:9 6|32:2 8|44:5 1|8:5 10|91:9 2|10:4 6|4:8 8|57:10 2|20:4 1|8:4 2|10:7 3|15:7 7|59:8 4|73:3 3|8:6 3|2:4 9|14:1 9|13:3 5|69:4 7|3:8 2</relation>
    <relation name="R48" arity="2" nbTuples="100" semantics="soft" defaultCost="infinity">21:7 7|66:7 9|43:9 2|75:2 10|8:9 6|76:10 4|2:4 7|34:4 3|48:3 8|29:4 6|68:4 5|67:2 4|36:8 10|96:10 8|42:4 4|30:9 10|89:1 1|16:1 5|96:3 1|82:6 2|87:10 3|68:5 9|21:9 3|97:1 10|59:4 8|88:2 7|71:5 4|13:8 5|2:9 8|74:3 5|65:7 4|56:3 7|72:1 7|33:2 3|44:1 6|25:10 6|9:9 5|16:9 1|72:6 4|31:9 4|11:8 9|59:5 8|17:8 7|4:2 9|85:5 2|97:4 9|46:2 5|24:3 2|66:1 4|48:3 9|31:9 9|82:3 3|79:4 1|11:6 3|0:1 2|77:10 9|28:7 2|71:3 4|51:2 8|36:6 5|19:5 5|93:4 10|38:8 4|57:6 7|31:6 6|41:10 2|98:5 3|49:1 8|58:8 8|58:7 8|92:8 3|39:5 1|74:6 10|51:7 5|23:3 6|13:6 1|43:5 10|2:9 7|32:10 10|69:10 1|63:4 2|73:8 2|60:2 6|96:1 9|72:7 1|43:5 6|81:7 3|1:10 5|73:6 9|27:6 8|29:7 6|78:1 3|65:8 6|25:2 2|1:3 10|22:10 7|90:5 7|90:7 10|42:8 1|69:2 1</relation>
    <relation name="R49" arity="2" nbTuples="100" semantics="soft" defaultCost="infinity">41:10 10|83:6 5|15:3 5|75:2 3|62:10 7|86:9 5|5:7 10|15:10 8|57:1 4|35:2 9|3:7 1|67:8 6|36:3 4|14:9 1|30:1 9|93:3 6|3:9 4|6:5 2|79:4 9|9:2 4|31:3 7|93:5 1|89:8 9|43:9 7|8:8 1|56:7 6|38:3 9|94:4 3|1:2 2|58:1 2|59:1 5|41:5 9|36:7 9|77:6 6|98:2 6|41:4 5|73:10 9|42:6 1|37:9 10|6:7 5|29:6 7|63:2 1|74:10 1|50:8 3|85:6 10|16:7 4|38:10 5|98:8 10|66:2 10|80:5 10|4:5 6|5:8 4|68:10 3|84:9 2|48:6 2|22:8 2|85:7 3|16:3 3|58:4 4|22:6 8|60:3 10|42:9 6|67:6 4|20:2 7|8:4 2|48:7 7|88:5 8|4:4 7|20:8 5|99:5 5|47:4 10|93:1 3|66:6 3|8:8 7|39:10 6|68:1 8|86:4 1|96:9 8|33:1 10|1:5 3|14:6 9|17:5 4|15:7 8|25:5 7|34:9 3|44:4 8|10:2 5|0:10 4|46:7 2|66:9 9|17:4 6|30:2 8|28:3 8|61:10 2|33:1 1|76:1 6|93:3 1|70:3 2|96:1 7|41:8 8</relation>
    <relation name="R50" arity="2" nbTuples="100" semantics="soft" defaultCost="infinity">21:6 2|60:7 7|97:7 3|27:1 4|45:7 4|48:2 8|54:3 6|3:10 7|65:7 5|23:5 3|5:10 8|21:5 6|46:10 9|55:1 9|66:3 10|96:2 4|82:3 3|22:7 1|14:4 4|88:1 7|87:6 9|50:5 7|13:1 5|58:1 2|77:6 1|73:4 3|87:8 8|15:1 3|89:7 9|52:5 5|1:8 9|64:2 6|30:5 2|61:1 8|99:3 1|12:7 2|32:5 9|94:4 5|85:2 3|58:9 5|89:5 1|89:4 9|56:6 4|90:4 10|13:10 3|16:6 5|88:1 10|13:7 6|44:2 2|24:8 6|77:9 9|95:4 2|40:10 5|52:6 10|20:2 10|6:9 8|93:4 1|17:5 4|36:4 6|54:2 9|3:10 10|32:3 9|63:8 10|29:8 5|28:9 6|53:4 7|60:3 2|82:3 7|68:6 7|7:10 4|68:5 8|91:3 5|6:4 8|91:1 6|95:9 2|40:9 4|6:3 4|56:8 3|90:8 4|19:9 1|91:2 5|45:10 6|84:6 8|19:6 6|88:1 1|16:2 1|95:6 3|87:7 8|76:5 10|63:10 1|33:9 7|42:7 10|15:8 7|43:8 2|61:10 2|19:9 3|0:8 1|19:2 7|85:3 8|4:9 10</relation>
    <relation name="R51" arity="2" nbTuples="100" semantics="soft" defaultCost="infinity">40:8 8|47:8 1|74:1 8|13:5 6|72:1 7|20:10 4|5:1 9|45:8 6|21:2 3|76:7 4|78:3 10|17:5 10|85:1 2|66:2 2|53:8 4|35:9 9|55:3 8|89:10 2|56:5 5|20:8 2|48:6 4|95:7 10|35:9 5|94:4 8|15:6 1|68:9 7|42:5 4|27:10 1|54:4 2|98:5 9|32:10 9|29:2 6|77:7 3|64:2 7|75:1 1|38:1 6|36:7 7|13:6 7|88:4 4|55:3 3|70:5 2|99:5 8|30:9 3|27:9 10|98:7 8|82:5 3|19:6 5|47:4 6|34:6 2|44:6 8|60:9 1|8:3 5|27:9 4|96:3 6|95:1 3|1:7 6|2:2 10|10:3 7|65:6 9|68:4 3|79:7 2|74:10 5|87:10 6|2:2 5|42:8 7|74:8 5|38:3 9|21:3 1|43:9 2|74:6 3|81:8 3|52:7 1|7:2 8|35:4 9|31:4 10|95:7 9|30:1 5|66:4 1|87:5 7|73:1 4|44:6 6|48:2 1|66:9 6|39:8 10|71:7 5|82:8 9|61:2 4|67:4 5|8:2 9|27:5 1|77:10 8|99:10 7|55:10 10|51:1 10|48:10 3|58:9 8|22:4 7|24:3 4|39:6 10|55:3 2</relation>
    <relation name="R52" arity="2" nbTuples="100" semantics="soft" defaultCost="infinity">57:5 10|46:6 3|64:6 1|40:3 10|24:9 4|5:2 2|83:1 8|58:1 6|31:4 8|84:1 7|76:10 1|2:1 3|56:7 1|57:3 5|67:8 9|87:2 3|53:8 7|94:1 2|66:10 4|72:6 6|85:2 1|66:3 2|28:2 8|18:3 6|15:2 10|46:4 4|39:2 4|66:10 8|19:8 5|94:8 1|43:3 7|78:4 1|86:4 3|95:5 6|82:1 9|70:6 5|86:10 7|96:7 9|96:4 9|29:5 3|44:9 8|34:6 4|26:7 10|63:7 7|32:4 6|50:10 6|32:3 1|86:6 2|30:9 5|35:8 6|9:4 10|51:8 4|36:2 5|62:3 3|35:6 10|43:10 9|76:8 2|80:4 5|29:8 10|93:2 9|96:7 4|80:5 5|3:10 10|20:5 1|1:8 3|99:5 2|26:1 5|38:10 3|51:7 3|90:3 8|74:7 6|37:5 7|61:2 6|8:1 4|69:7 2|19:7 5|26:1 10|5:9 10|22:3 9|51:5 4|21:9 1|40:9 3|33:5 9|64:10 2|42:6 7|58:5 8|79:3 4|15:10 5|87:4 2|97:2 7|52:6 8|33:4 7|8:8 8|65:9 6|75:6 9|43:9 2|16:9 7|4:1 1|90:7 8|76:9 9</relation>
    <relation name="R53" arity="2" nbTuples="100" semantics="soft" defaultCost="infinity">43:4 3|3:3 10|57:10 3|33:10 9|67:2 4|68:3 8|32:7 6|57:8 3|12:1 2|40:10 5|8:4 1|91:4 8|35:2 5|92:5 4|64:5 3|46:6 4|39:7 2|31:9 7|6:3 7|77:7 8|88:5 2|54:8 10|9:8 1|7:5 6|41:7 5|24:9 1|71:6 9|19:3 9|10:5 10|88:1 9|99:4 9|4:6 1|62:4 6|53:6 3|39:7 3|65:1 8|98:1 5|96:10 7|22:5 7|25:10 6|35:9 9|74:5 8|88:1 3|39:10 2|51:1 6|77:1 4|69:2 8|19:8 9|77:10 8|6:5 1|77:9 3|3:9 4|40:2 1|30:10 4|49:4 2|15:9 10|47:7 1|16:9 5|34:4 5|93:5 9|36:2 6|36:3 5|73:3 2|17:8 7|51:3 6|38:5 5|94:10 1|61:2 10|79:1 1|39:7 4|81:8 5|22:6 6|93:1 7|54:2 2|91:8 6|64:1 10|74:4 10|24:8 8|57:9 6|57:10 10|13:7 7|17:3 3|23:9 2|71:8 4|78:7 10|80:2 9|98:6 8|17:2 7|52:6 10|46:6 7|18:2 3|37:7 9|91:3 4|31:4 7|60:6 5|92:6 2|34:8 2|6:4 4|65:3 1|79:9 8</relation>
    <relation name="R54" arity="2" nbTuples="100" semantics="soft" defaultCost="infinity">1:10 7|73:4 2|81:9 8|6:7 4|61:7 1|77:7 6|3:10 4|12:6 7|23:8 6|85:4 6|59:5 9|83:6 9|0:3 1|18:9 7|89:1 4|96:10 9|7:3 4|91:9 2|92:6 6|25:5 4|93:4 9|75:10 5|62:1 6|3:5 8|5:8 5|4:2 6|80:7 7|72:5 6|36:8 9|20:9 4|83:5 1|20:9 5|21:3 3|31:6 5|23:5 7|92:5 3|27:2 1|83:3 10|12:6 4|1:8 2|21:10 8|34:1 5|24:2 7|5:1 9|57:2 9|15:5 5|66:6 1|6:10 6|37:10 2|25:10 1|88:7 2|21:4 5|50:1 2|6:2 8|56:8 1|84:3 2|73:3 7|61:6 3|75:6 8|59:8 10|0:7 10|56:3 6|4:2 10|82:4 4|30:2 5|66:7 8|43:4 8|60:5 2|40:3 8|64:9 6|42:8 7|81:9 9|51:1 7|60:3 9|97:7 9|45:7 3|20:8 8|1:4 10|39:10 10|23:1 8|91:7 5|36:9 3|34:9 10|22:2 3|47:6 10|14:8 3|99:8 4|70:3 5|84:4 7|78:2 2|71:6 2|48:9 1|43:1 10|59:1 1|62:5 10|41:1 3|85:2 4|60:10 3|83:4 3|71:4 1</relation>
    <relation name="R55" arity="2" nbTuples="100" semantics="soft" defaultCost="infinity">2:4 9|95:3 10|69:3 2|98:5 10|41:5 8|42:10 2|34:8 3|39:2 3|71:3 7|60:8 10|44:1 8|49:9 10|44:3 4|56:6 3|44:7 1|93:9 3|32:10 3|43:8 5|43:5 9|52:8 1|33:1 2|80:7 3|21:5 4|19:1 5|25:4 8|89:9 1|84:9 5|28:8 4|78:2 2|93:3 3|75:10 7|48:2 5|69:4 3|14:6 9|20:6 2|56:9 8|46:8 2|42:7 8|64:5 5|86:7 10|60:2 1|68:10 5|43:3 9|71:9 7|55:1 9|14:2 4|38:7 6|84:6 4|79:1 3|13:9 2|35:1 1|11:1 4|91:2 8|94:10 6|5:3 1|36:3 6|29:6 8|69:2 7|83:6 5|98:4 7|10:4 1|97:10 8|27:8 8|45:4 10|80:2 6|89:7 7|96:1 7|68:2 10|13:7 4|90:4 6|86:4 2|98:8 9|83:6 1|91:8 7|94:5 1|38:7 2|28:6 10|95:7 5|13:1 6|88:4 4|13:4 5|0:6 6|0:10 9|79:5 3|36:9 6|23:9 9|6:5 6|99:5 2|63:9 4|76:3 5|70:5 7|58:3 8|0:10 10|89:10 1|88:7 9|93:6 7|1:8 6|79:2 9|85:10 4|25:1 10</relation>
    <relation name="R56" arity="2" nbTuples="100" semantics="soft" defaultCost="infinity">47:2 3|28:7 5|33:7 4|71:4 1|75:5 2|14:3 2|11:8 5|97:9 10|14:5 1|2:5 5|99:10 3|99:8 6|91:1 6|12:7 8|19:1 9|13:5 7|79:10 10|10:9 9|79:9 2|67:5 3|63:8 10|4:3 8|8:4 6|34:5 8|6:7 7|11:7 10|61:6 8|35:4 10|33:7 6|0:10 4|98:10 1|49:4 4|44:10 7|95:2 2|64:1 5|17:6 1|88:1 2|58:6 5|26:7 1|25:2 8|25:8 8|85:3 10|31:2 9|75:3 5|91:4 8|85:8 3|99:1 8|37:8 7|30:1 4|67:2 1|45:7 9|52:4 3|47:10 5|0:10 2|92:4 2|7:9 1|47:8 4|44:8 2|36:7 3|70:3 9|13:9 5|53:10 9|39:6 9|81:3 7|37:9 3|43:1 7|77:9 4|41:6 7|1:8 1|42:3 4|94:9 7|43:2 4|71:1 3|1:8 9|73:3 1|33:5 10|18:10 6|63:6 10|77:3 3|3:6 3|57:5 6|1:2 10|25:4 9|35:10 8|40:2 5|33:3 6|9:1 1|86:6 4|11:9 6|82:2 7|80:7 2|24:4 5|16:6 6|43:6 2|49:1 10|52:4 7|93:9 8|23:2 6|84:5 9|83:5 4</relation>
    <relation name="R57" arity="2" nbTuples="100" semantics="soft" defaultCost="infinity">76:1 2|97:8 6|99:5 7|37:1 10|74:6 2|69:2 1|95:6 9|93:6 5|7:7 9|14:6 6|20:3 1|37:10 6|97:10 3|12:6 10|37:6 1|66:9 4|72:7 10|12:1 6|18:2 7|5:5 2|52:10 5|58:9 2|8:7 8|98:1 9|58:4 8|49:10 1|70:9 9|34:4 7|74:2 3|51:1 1|86:3 9|17:8 1|71:7 5|80:4 5|50:9 8|8:4 6|40:6 8|68:8 3|19:4 2|39:9 7|4:2 8|77:2 9|45:3 6|56:2 4|55:6 3|20:8 5|76:8 10|85:4 9|18:6 4|84:10 4|0:10 10|26:10 2|83:5 1|72:3 4|29:3 7|80:3 10|50:2 5|13:3 3|35:2 6|54:3 2|48:5 3|58:1 8|71:5 4|0:8 4|19:5 8|38:1 7|44:7 4|78:10 9|47:2 10|72:9 5|94:8 7|77:10 8|39:3 5|74:9 10|53:4 10|54:7 3|65:3 8|89:10 7|79:7 6|61:8 2|33:9 1|90:8 8|5:7 1|58:5 6|50:1 5|48:2 2|50:9 3|22:4 1|91:5 5|67:9 6|19:1 4|87:1 3|27:5 9|18:4 3|95:7 7|55:8 9|41:5 10|81:6 7|0:7 2|41:4 4</relation>
    <relation name="R58" arity="2" nbTuples="100" semantics="soft" defaultCost="infinity">30:6 6|96:1 3|0:10 8|29:7 7|51:8 1|56:6 3|15:1 4|80:3 9|67:5 5|28:8 6|44:3 10|70:10 9|36:7 2|3:6 5|75:10 10|85:8 3|56:10 2|3:3 7|41:4 1|77:9 5|8:4 10|1:3 2|74:3 6|57:10 5|13:1 10|56:7 1|7:10 3|61:4 5|79:6 1|37:3 5|47:3 4|90:1 1|20:1 2|68:10 6|98:2 1|8:6 4|37:8 8|73:4 8|81:10 4|98:8 4|65:5 7|87:8 2|38:9 1|52:8 9|51:6 7|0:3 3|22:9 7|12:4 2|95:9 8|14:2 9|77:4 6|69:2 5|1:6 8|67:3 8|3:10 7|7:5 9|32:5 2|82:1 7|83:7 9|72:2 8|92:9 3|79:6 2|50:3 1|83:7 6|1:1 8|23:1 5|67:8 7|53:9 9|49:6 9|85:5 8|38:2 2|62:7 8|57:8 5|61:4 3|84:7 5|64:2 10|15:6 10|96:2 7|4:4 7|84:10 1|53:2 6|17:9 2|77:4 9|82:5 6|40:7 4|93:1 9|5:5 1|81:7 3|2:9 10|75:1 6|46:5 4|68:9 4|64:5 3|81:2 3|41:7 10|42:2 4|80:9 6|21:8 10|21:4 4|34:5 10</relation>
    <relation name="R59" arity="2" nbTuples="100" semantics="soft" defaultCost="infinity">70:3 10|76:5 3|63:6 2|37:4 5|18:4 4|62:8 1|9:2 6|51:5 1|25:7 3|73:2 1|34:5 10|59:1 10|52:3 1|50:5 4|77:9 5|78:10 8|52:9 2|84:5 9|25:2 4|76:9 1|77:2 7|48:2 9|9:8 2|32:8 10|21:4 1|21:8 7|6:7 2|37:6 1|57:2 8|13:4 3|60:10 6|83:1 7|40:7 1|91:4 6|73:8 9|95:9 7|17:3 3|7:2 10|43:9 3|58:5 5|72:2 3|64:4 7|13:10 1|62:3 5|41:9 4|80:6 7|27:1 6|19:4 2|59:10 7|30:1 9|41:8 5|83:3 7|34:5 6|22:5 2|60:10 2|29:10 3|10:4 10|52:6 5|36:7 10|82:2 2|97:8 3|66:9 6|14:6 9|50:9 8|48:7 4|41:10 4|66:4 9|31:6 4|17:1 3|99:10 9|66:3 6|30:8 6|78:1 2|23:6 3|65:7 8|64:1 8|36:1 5|82:1 1|25:3 8|61:9 9|73:10 10|63:1 4|73:6 10|55:7 9|82:8 8|12:9 10|82:3 9|0:4 8|77:5 8|15:7 6|18:6 6|75:5 7|59:10 5|61:8 4|67:3 2|27:6 8|26:2 5|13:7 7|0:3 4|48:7 5</relation>
    <relation name="R60" arity="2" nbTuples="100" semantics="soft" defaultCost="infinity">89:6 5|42:1 7|56:4 8|13:4 5|33:7 2|65:6 8|95:4 2|16:9 4|76:4 9|9:3 7|61:9 10|49:9 3|27:5 1|22:2 10|21:3 8|99:3 1|74:2 4|52:6 3|82:9 6|19:1 10|57:5 10|1:8 4|76:1 3|37:6 2|21:1 8|54:5 4|33:2 6|83:7 7|77:2 9|79:6 6|38:2 8|2:9 9|63:9 8|33:3 2|66:10 7|86:6 9|2:9 1|24:3 3|68:10 9|31:2 5|35:8 6|51:4 7|10:8 1|36:7 9|26:1 4|73:3 9|94:3 10|89:2 3|11:6 1|4:8 8|92:1 2|22:7 10|43:8 9|55:9 2|91:10 3|99:8 2|31:2 7|88:10 2|55:3 6|67:10 5|9:9 5|84:1 1|58:4 3|63:5 8|32:10 10|8:5 7|57:10 1|42:7 4|98:3 5|24:5 3|90:8 10|48:4 10|17:5 2|74:7 8|5:5 6|33:8 7|36:6 10|93:7 3|60:1 5|97:7 6|52:7 5|87:7 1|5:4 1|39:1 9|82:4 4|97:2 1|40:3 4|96:10 8|73:5 5|87:10 6|67:8 3|58:4 6|18:1 6|95:5 9|11:2 2|14:6 7|57:6 4|84:9 7|99:8 5|16:10 4</relation>
    <relation name="R61" arity="2" nbTuples="100" semantics="soft" defaultCost="infinity">71:4 3|73:5 2|78:8 4|50:8 9|34:3 7|52:8 7|61:10 3|40:10 6|53:7 4|1:3 1|44:7 2|5:8 5|42:4 6|66:1 9|17:2 5|16:5 4|17:6 2|52:8 8|93:4 7|40:5 6|84:9 9|92:9 6|33:9 7|9:7 6|99:2 2|52:10 1|25:8 1|0:1 10|43:10 5|61:1 8|33:3 5|5:5 10|41:6 4|57:1 4|24:2 1|95:2 8|78:6 1|88:9 5|75:2 4|33:9 4|65:2 9|16:9 2|21:3 4|13:4 9|14:4 1|34:7 5|49:4 4|73:10 10|46:9 1|40:7 3|56:2 7|7:8 6|90:3 2|87:9 10|19:3 10|62:3 8|7:5 5|44:4 10|23:6 5|65:4 5|25:1 5|1:6 3|29:2 10|21:8 10|34:10 2|62:3 9|9:5 1|20:1 6|14:4 8|62:1 1|4:6 8|18:8 2|10:4 2|5:3 3|35:9 8|88:6 7|6:1 2|48:6 6|9:10 7|84:2 6|20:7 10|42:10 4|67:5 8|94:8 3|73:6 10|83:1 7|6:7 8|39:5 3|60:9 3|50:7 1|67:5 7|74:1 3|28:10 9|78:2 3|96:7 9|88:6 9|97:3 6|65:10 8|9:5 9|89:7 7</relation>
    <relation name="R62" arity="2" nbTuples="100" semantics="soft" defaultCost="infinity">4:5 6|13:2 5|83:9 8|22:10 5|30:7 2|37:2 10|50:7 7|69:2 9|98:10 1|88:10 3|8:8 2|80:2 4|43:9 7|95:4 1|77:1 4|15:10 9|50:6 9|49:3 10|64:7 1|87:7 3|39:7 6|81:4 2|24:9 3|13:5 1|62:7 8|98:1 10|77:3 8|67:6 5|62:2 1|54:2 8|52:8 8|35:6 2|37:9 5|84:8 1|94:1 1|26:6 3|2:3 4|57:10 6|50:7 4|10:8 7|13:1 9|49:6 1|9:8 3|31:1 3|17:1 6|70:1 8|16:3 3|25:6 7|65:7 9|4:3 1|66:3 9|12:10 4|26:9 1|39:5 4|89:7 10|22:9 4|10:4 9|16:8 6|36:2 7|24:4 8|44:3 6|52:1 7|60:10 2|96:6 10|85:8 10|78:9 6|66:4 3|0:9 2|52:2 6|45:10 8|15:5 7|69:5 9|90:10 7|87:5 3|63:4 5|32:4 10|71:3 7|10:1 5|73:5 10|25:6 6|30:4 6|3:3 2|48:8 4|42:6 8|4:8 9|61:9 9|55:4 7|68:3 5|93:4 4|74:8 5|69:6 4|50:5 5|9:1 2|14:2 2|13:5 8|47:5 2|72:10 10|77:9 10|64:2 3|64:7 5</relation>
    <relation name="R63" arity="2" nbTuples="100" semantics="soft" defaultCost="infinity">52:8 7|79:4 1|61:1 3|4:5 2|41:5 8|38:1 2|92:6 7|23:5 4|8:3 9|68:3 3|11:5 5|10:10 5|25:3 7|18:4 4|93:2 9|84:7 4|27:9 9|61:1 9|89:9 10|10:8 1|45:4 3|41:10 4|8:5 10|3:5 6|69:3 1|43:3 4|84:7 9|19:6 9|9:3 2|13:3 5|44:4 5|89:6 2|60:7 8|2:10 10|25:8 8|78:10 1|91:9 5|72:6 1|9:6 5|45:1 5|14:4 6|59:7 5|19:8 10|43:2 5|82:5 3|61:8 4|27:1 4|38:7 7|6:6 4|94:7 6|64:3 8|72:9 8|3:2 3|95:9 3|58:9 1|38:1 1|33:5 7|32:10 7|79:4 9|47:3 6|98:2 7|72:2 6|84:1 10|32:8 9|12:2 1|45:10 8|3:5 1|75:8 2|85:6 8|26:9 2|11:7 2|82:6 6|64:5 9|6:7 10|17:9 7|82:1 8|46:7 3|16:4 10|79:9 6|3:10 2|55:2 4|47:2 10|37:3 10|0:4 7|73:2 2|65:10 9|25:8 6|37:8 3|65:9 4|18:2 8|68:10 3|34:4 2|10:6 10|43:4 8|12:10 6|62:6 3|8:1 6|5:7 1|90:8 5|18:1 7</relation>
    <relation name="R64" arity="2" nbTuples="100" semantics="soft" defaultCost="infinity">39:6 2|2:8 6|48:3 3|73:1 9|54:10 1|34:6 1|21:9 2|45:6 3|66:3 10|65:8 8|37:7 5|78:4 6|86:6 8|27:9 5|80:6 6|33:5 9|44:5 10|68:10 6|96:1 6|32:2 7|33:9 7|88:6 5|40:4 3|91:7 1|33:4 9|23:6 10|18:3 7|39:9 1|10:9 9|26:8 1|81:9 8|66:7 10|9:5 2|72:8 4|27:2 3|81:1 4|12:9 6|13:1 10|88:4 8|32:9 10|36:2 10|46:4 4|84:10 3|93:5 1|47:4 1|58:3 1|92:4 5|25:3 8|19:5 3|30:7 9|61:3 2|64:6 4|82:2 1|73:2 4|51:5 6|25:1 7|7:2 2|48:9 4|47:10 2|19:10 9|11:5 7|51:7 3|61:1 3|40:1 2|49:1 5|13:9 3|90:10 4|90:10 7|7:10 8|4:8 7|18:8 3|52:2 5|27:10 10|18:3 4|43:8 10|69:7 8|56:4 10|64:2 9|32:3 9|53:8 2|56:8 9|42:7 2|26:1 8|37:7 7|80:5 5|33:7 6|14:4 2|19:6 7|28:10 5|64:7 4|28:8 5|3:2 6|2:1 1|87:5 4|65:3 5|67:6 9|15:4 7|2:3 6|86:5 8|0:2 8</relation>
    <relation name="R65" arity="2" nbTuples="100" semantics="soft" defaultCost="infinity">15:2 9|85:1 7|3:6 1|76:6 3|39:10 2|42:1 1|26:4 2|99:9 9|98:3 5|64:2 6|43:7 2|84:9 6|67:10 8|63:4 10|12:1 6|80:3 1|2:2 8|62:10 9|28:7 5|64:5 10|3:2 5|66:10 4|8:3 6|32:6 7|78:1 9|73:3 9|7:8 9|53:5 4|97:5 8|75:7 7|30:1 10|42:8 7|81:2 10|84:4 9|40:4 3|49:7 3|15:9 3|39:8 3|10:3 2|47:5 1|16:1 2|32:7 6|36:7 1|8:1 3|20:5 9|54:5 6|38:3 4|59:5 3|39:2 3|94:7 8|28:6 6|56:8 10|75:3 7|30:8 6|50:6 9|8:9 5|11:10 5|66:4 7|3:6 5|14:9 8|6:3 8|65:8 4|70:2 7|69:3 3|88:1 8|73:1 4|96:6 2|23:8 8|55:2 2|70:8 1|10:10 1|11:8 2|23:9 7|98:10 7|73:1 5|31:9 10|22:4 5|92:5 2|56:9 4|78:4 1|4:7 9|44:4 8|11:6 4|27:7 10|8:9 2|96:6 10|51:2 1|8:4 6|88:6 8|93:5 7|83:9 1|7:10 3|53:8 5|30:4 4|97:7 4|88:10 10|28:3 10|87:5 5|74:10 6|72:2 4</relation>
    <relation name="R66" arity="2" nbTuples="100" semantics="soft" defaultCost="infinity">76:3 2|10:4 9|59:6 7|54:5 3|46:10 9|47:5 1|40:8 9|43:3 4|35:8 6|34:5 9|66:8 10|36:3 6|43:4 6|2:2 10|72:10 2|35:4 10|73:9 4|36:2 1|67:9 7|60:3 8|75:2 5|42:8 8|29:1 8|39:1 7|92:8 2|79:2 9|64:8 3|8:1 3|59:6 10|27:6 4|76:4 5|68:6 2|30:2 2|6:10 1|30:8 1|68:1 5|41:4 8|86:2 6|13:6 6|51:10 5|10:8 7|91:1 9|29:5 7|5:8 5|69:1 4|28:3 3|94:6 3|24:5 6|71:5 10|28:7 6|44:5 5|26:3 1|61:3 5|4:9 10|50:4 7|38:1 2|71:7 7|37:7 5|92:2 8|55:6 9|55:10 10|40:3 10|38:9 1|33:7 4|65:2 7|39:6 1|48:8 4|0:10 7|98:1 1|67:9 9|14:5 4|2:5 2|79:7 9|49:2 4|71:7 10|85:9 3|28:3 9|47:9 6|99:3 7|12:7 3|47:10 6|6:10 3|3:4 1|61:4 2|67:6 8|51:5 8|1:1 6|13:1 10|88:2 3|72:6 5|98:7 2|93:10 4|80:4 3|74:9 2|22:9 5|89:7 1|4:7 8|42:10 8|60:4 4|72:9 8</relation>
    <relation name="R67" arity="2" nbTuples="100" semantics="soft" defaultCost="infinity">34:2 2|87:7 5|98:5 4|23:3 7|60:8 3|54:10 4|37:1 8|14:10 2|78:6 8|8:10 5|62:2 10|99:8 6|13:2 1|88:7 8|12:9 6|94:8 7|40:9 4|83:4 1|59:5 10|5:1 7|26:7 7|45:1 5|64:5 5|94:6 7|52:7 10|34:3 10|60:1 4|94:10 10|14:3 1|83:5 9|75:4 8|14:9 8|86:8 10|52:2 5|55:6 10|74:5 7|78:9 10|26:6 6|20:10 7|14:6 5|21:4 7|75:6 9|91:5 8|66:9 9|10:8 2|30:9 3|73:1 2|83:7 9|46:10 3|94:4 10|58:8 9|63:8 5|72:2 6|28:5 3|0:7 2|79:6 2|20:3 3|7:1 9|39:7 6|72:5 2|82:8 4|25:4 4|65:4 6|84:5 1|90:8 1|81:10 6|96:2 8|59:6 3|7:6 4|72:6 1|64:4 9|4:1 6|34:9 1|74:4 5|69:3 5|71:8 8|98:3 9|84:3 8|10:9 5|54:7 1|91:3 4|45:4 2|66:10 8|98:1 1|72:9 2|11:2 4|41:9 7|33:2 7|34:7 3|76:1 10|39:10 9|40:4 3|17:5 6|99:7 4|2:3 6|92:3 2|4:1 3|6:10 1|71:2 9|25:2 3</relation>
    <relation name="R68" arity="2" nbTuples="100" semantics="soft" defaultCost="infinity">4:2 2|51:10 8|61:3 7|20:9 7|5:10 2|13:1 2|50:6 5|2:9 4|6:8 8|18:8 3|70:4 2|35:1 4|52:3 2|27:5 4|63:1 8|83:9 8|30:1 3|97:6 2|20:4 6|64:6 10|63:7 5|87:10 9|54:7 3|33:1 1|77:1 10|55:8 9|53:7 2|24:6 6|22:10 4|66:9 10|59:7 9|25:1 7|44:8 10|82:4 8|17:9 1|82:5 2|78:3 5|57:3 3|67:9 6|86:8 5|31:3 6|9:7 6|46:6 7|4:7 8|84:5 5|51:2 4|12:7 7|22:4 4|10:5 7|81:2 3|42:5 9|85:9 3|63:2 1|14:5 6|83:8 2|61:6 4|95:10 1|31:7 4|91:2 8|95:5 3|49:6 1|33:6 9|76:10 10|96:8 4|65:5 8|31:8 7|73:3 10|93:4 1|85:9 9|7:9 5|95:2 5|22:1 5|70:5 10|30:4 7|2:8 6|29:4 5|9:7 1|25:2 10|86:4 9|78:9 2|53:2 6|92:6 3|51:8 1|90:1 6|80:3 4|99:2 7|79:3 1|62:10 6|99:4 3|29:3 9|61:6 8|82:4 10|13:10 5|59:1 9|70:10 7|56:7 10|72:10 3|71:2 9|13:5 1|56:3 8</relation>
    <relation name="R69" arity="2" nbTuples="100" semantics="soft" defaultCost="infinity">20:9 3|35:9 10|64:7 8|13:8 4|33:4 4|77:5 3|75:3 4|82:9 8|73:9 4|6:6 1|98:4 10|21:7 5|66:10 4|16:6 7|51:2 6|33:3 6|71:6 4|92:2 5|62:1 8|7:10 8|26:9 5|70:10 7|59:7 10|73:6 2|52:7 9|11:6 10|64:1 5|97:1 6|1:10 2|40:6 6|49:9 1|12:9 7|67:2 10|94:2 9|26:2 2|84:10 10|9:6 5|24:10 3|61:8 10|40:6 3|43:7 4|86:4 6|53:3 3|89:4 1|82:1 3|50:7 3|87:4 8|4:8 9|18:1 4|63:1 2|13:10 6|64:2 1|71:2 3|36:2 8|99:9 9|22:3 2|50:4 7|63:5 6|84:2 4|53:6 9|66:4 3|44:10 1|76:8 2|93:4 5|58:8 1|37:8 6|1:10 9|98:5 7|52:7 7|33:1 9|8:6 8|56:5 5|33:5 4|10:5 8|22:4 9|6:5 2|68:9 2|85:8 8|96:8 5|77:3 7|84:4 2|91:1 10|1:7 2|95:5 10|19:8 3|63:7 1|57:3 9|98:5 1|83:5 9|92:10 5|90:3 5|96:8 7|75:1 1|13:3 8|12:2 7|86:3 10|24:7 6|49:3 1|30:9 6|67:1 7</relation>
    <relation name="R70" arity="2" nbTuples="100" semantics="soft" defaultCost="infinity">3:2 8|7:6 9|59:7 6|89:5 4|23:6 2|40:2 4|96:9 5|99:1 5|59:6 7|41:5 9|41:4 7|5:10 4|17:9 9|22:2 1|52:6 6|87:9 4|80:10 10|6:1 1|50:3 6|34:8 10|11:10 2|16:3 7|14:5 6|55:1 10|56:3 10|40:1 4|48:5 1|21:10 1|67:4 9|24:10 3|61:7 4|5:1 9|2:2 3|58:8 3|52:9 10|15:7 2|92:2 7|26:2 9|52:9 8|56:1 3|61:10 5|38:6 10|54:8 5|55:1 7|57:2 6|11:2 2|73:4 8|22:5 3|30:9 2|79:8 6|37:10 6|84:10 7|0:8 8|15:6 5|74:1 8|70:6 4|28:9 7|59:4 1|93:9 1|0:7 9|4:3 8|43:5 10|79:9 6|66:8 1|26:3 4|82:4 5|91:4 10|25:3 5|78:8 7|58:5 5|62:4 3|96:2 10|83:5 7|36:1 6|50:5 2|2:7 1|54:3 1|91:7 8|89:4 6|4:1 2|56:6 8|46:3 2|28:3 9|77:9 3|70:7 10|51:5 8|38:2 5|80:7 3|44:7 5|28:10 9|44:7 7|90:6 1|97:3 3|71:8 9|80:8 2|14:8 4|87:4 4|43:10 8|84:6 3|74:4 2</relation>
    <relation name="R71" arity="2" nbTuples="100" semantics="soft" defaultCost="infinity">32:7 5|79:5 4|9:6 7|49:2 2|55:7 4|2:2 4|40:1 6|13:5 7|10:3 2|14:2 7|52:1 9|24:1 1|11:4 8|67:7 3|57:3 10|75:6 8|41:7 9|91:4 6|1:5 5|44:9 9|70:10 7|37:9 4|7:2 8|28:1 5|49:2 1|24:2 9|17:5 1|23:9 3|98:5 10|74:10 10|47:3 4|75:6 6|75:10 3|91:9 2|9:7 6|18:6 1|91:6 5|92:8 10|21:7 8|10:1 7|58:9 10|50:10 6|40:10 4|20:3 3|46:4 10|35:8 9|23:3 6|8:6 3|37:2 10|25:9 5|88:4 3|61:5 8|98:7 1|60:9 8|20:4 9|83:3 1|15:7 7|18:7 2|60:2 3|38:8 4|81:6 10|58:1 3|26:9 1|65:3 8|73:8 8|55:8 3|78:3 9|54:2 5|58:10 9|3:10 2|95:5 9|22:6 9|70:7 10|55:8 5|6:5 3|31:6 2|20:3 7|27:1 10|11:4 1|91:9 7|5:5 6|24:8 6|92:5 2|84:8 2|1:4 5|3:4 2|83:4 4|20:10 1|32:4 7|0:10 5|53:1 8|75:8 1|3:8 7|86:2 6|83:1 4|58:10 8|54:3 5|64:1 2|45:6 4|28:9 6</relation>
    <relation name="R72" arity="2" nbTuples="100" semantics="soft" defaultCost="infinity">74:7 1|24:3 7|24:8 4|10:7 6|32:2 2|34:1 1|62:5 8|57:5 2|81:9 1|73:9 10|97:8 5|67:9 4|72:5 10|40:8 10|68:6 3|87:4 4|15:5 5|72:1 10|8:5 1|40:5 9|50:2 4|62:3 8|11:7 8|44:4 5|95:3 6|87:5 3|7:4 6|57:6 2|89:7 2|76:1 6|70:1 5|14:4 2|51:3 1|64:5 6|77:8 6|48:9 3|48:6 7|19:7 9|47:3 3|87:1 7|6:1 8|38:3 2|56:4 8|84:8 9|41:3 4|59:4 7|52:10 2|54:7 4|15:1 2|71:10 7|0:10 8|22:1 9|10:3 5|48:6 6|9:10 5|41:6 9|83:7 3|2:2 3|9:10 3|38:4 1|90:8 3|68:8 2|43:3 9|34:3 10|13:9 6|90:1 4|44:2 10|66:2 6|8:9 7|5:7 5|94:6 1|77:2 9|72:10 6|44:6 4|46:4 10|73:8 7|62:1 3|79:10 10|51:2 7|72:7 10|62:9 5|20:5 4|6:10 4|92:8 1|7:6 8|51:6 10|98:2 8|81:6 5|27:8 8|91:5 7|10:10 1|79:2 5|20:9 9|85:4 9|68:4 3|22:2 1|11:9 2|33:10 9|94:7 7|40:9 8</relation>
    <relation name="R73" arity="2" nbTuples="100" semantics="soft" defaultCost="infinity">51:8 6|64:7 2|38:4 9|89:8 9|58:8 3|63:3 5|67:5 10|53:9 4|37:8 5|86:7 3|27:8 2|11:4 8|15:3 1|52:4 10|26:9 9|8:7 10|74:6 8|68:7 5|13:5 6|27:1 2|29:1 8|59:2 9|85:1 10|58:10 9|83:3 7|7:5 3|26:7 7|30:5 4|88:4 2|57:6 4|34:2 2|41:8 7|41:1 4|24:10 1|30:2 10|95:7 8|37:9 6|72:1 5|49:6 3|99:10 3|68:2 8|63:1 7|14:2 3|76:8 8|60:3 8|32:8 10|36:5 2|11:6 1|20:5 7|24:4 3|77:6 5|97:5 5|5:10 2|38:5 8|69:3 10|47:6 7|61:1 9|84:2 1|54:2 6|39:3 2|11:9 7|82:9 10|63:7 9|82:1 3|46:3 6|16:4 4|91:10 6|22:3 4|99:8 4|61:5 9|32:7 1|35:3 9|29:9 2|0:10 4|34:1 6|55:10 10|32:9 5|3:2 4|43:5 1|7:4 7|0:2 5|83:10 7|2:4 5|37:4 1|65:6 2|5:6 6|42:7 6|1:4 6|74:9 3|49:1 1|6:6 9|39:10 8|4:9 1|99:6 10|8:8 1|85:3 3|46:10 5|27:2 7|84:7 4|34:9 8</relation>
    <relation name="R74" arity="2" nbTuples="100" semantics="soft" defaultCost="infinity">13:5 2|59:1 1|96:4 10|85:4 8|82:6 7|72:7 4|37:3 4|67:1 2|65:1 5|8:7 9|7:2 7|10:10 2|65:10 10|3:9 7|72:2 10|67:9 1|67:6 4|36:3 1|46:6 1|85:5 8|83:7 8|65:4 1|37:8 5|0:2 8|39:8 1|57:9 5|32:3 2|92:10 1|12:8 8|81:9 6|0:9 4|23:10 5|68:9 2|18:10 3|46:1 4|82:8 2|86:5 4|60:3 5|57:9 10|12:3 10|56:2 3|21:4 3|1:9 8|34:4 9|61:1 3|19:5 10|81:5 5|47:1 8|7:3 6|33:3 8|37:2 1|94:2 2|21:4 2|65:8 3|16:1 7|6:7 1|37:1 6|57:6 6|87:5 1|44:7 5|19:2 9|40:6 9|91:5 7|61:7 10|23:8 7|74:10 6|31:4 5|27:8 9|83:6 8|45:7 3|63:6 3|91:5 9|38:8 6|4:7 6|41:2 6|90:3 3|30:2 5|7:8 4|8:9 9|15:10 9|94:4 7|8:5 3|75:3 9|41:6 5|12:10 8|83:3 7|73:10 4|83:8 10|84:6 10|14:1 10|56:1 9|83:4 6|46:7 2|73:6 2|21:2 4|13:5 6|91:9 3|59:7 7|97:10 7|54:4 4</relation>
    <relation name="R75" arity="2" nbTuples="100" semantics="soft" defaultCost="infinity">62:6 10|91:6 5|2:9 2|60:10 4|74:1 5|14:4 4|33:2 2|24:5 5|29:5 6|2:6 2|15:5 2|81:4 10|92:4 5|9:6 9|5:2 9|69:8 7|29:3 5|29:10 9|51:9 5|19:8 3|27:2 4|69:3 9|55:9 3|20:5 7|15:6 6|83:6 8|5:3 7|34:9 9|19:4 8|64:8 6|34:7 1|32:5 8|13:7 6|41:4 2|83:2 5|14:2 10|46:9 6|74:1 9|53:10 10|51:7 4|41:4 9|99:9 1|40:8 5|36:6 3|86:9 8|68:5 1|25:3 6|45:5 4|1:6 4|98:10 7|90:7 2|32:1 8|27:10 2|25:1 4|35:3 1|15:7 8|85:1 3|45:3 10|88:5 3|23:8 8|81:2 1|63:7 10|75:2 7|29:7 5|14:6 7|35:4 6|80:5 9|42:3 4|25:7 3|34:8 2|5:3 3|8:4 3|4:2 6|18:4 7|73:1 7|39:4 1|80:7 7|67:10 5|35:1 2|39:2 3|92:2 8|9:10 8|30:8 4|27:9 4|49:5 10|24:8 10|11:7 9|5:3 2|29:10 6|43:1 6|64:6 1|34:8 9|42:10 1|54:10 3|53:9 7|40:3 8|34:1 1|33:8 1|14:1 10|71:9 10</relation>
    <relation name="R76" arity="2" nbTuples="100" semantics="soft" defaultCost="infinity">55:6 1|21:6 3|35:4 4|37:10 1|47:2 9|19:4 6|76:6 2|89:4 7|40:3 5|16:6 8|71:9 4|13:2 3|29:1 3|99:3 2|62:3 4|97:6 4|81:6 9|60:3 1|57:2 4|58:10 10|79:5 3|84:8 6|13:2 1|55:7 2|19:9 6|74:8 7|1:8 1|98:4 2|73:9 3|46:1 2|35:1 6|49:5 9|31:3 8|63:5 5|54:7 7|37:5 4|33:6 6|17:2 2|46:5 10|2:5 7|13:4 10|33:1 7|29:2 10|66:9 1|37:1 4|82:1 5|54:7 6|37:4 5|73:8 2|39:8 4|45:10 2|56:8 3|71:7 10|86:5 6|16:1 9|60:9 9|89:7 3|93:3 6|29:4 3|89:6 7|3:4 1|20:10 9|26:1 8|89:10 7|96:8 8|39:2 5|91:5 1|44:7 9|79:2 8|94:10 4|9:8 9|44:8 5|92:8 10|21:5 2|82:7 4|12:3 10|86:7 5|72:6 5|1:1 10|26:2 6|47:9 2|41:10 8|13:10 5|78:6 10|93:10 6|54:7 1|70:1 1|74:4 8|85:2 7|54:9 8|40:5 8|34:7 8|75:4 9|17:3 9|46:3 3|95:9 7|75:10 3|22:3 7|57:9 10|13:9 5</relation>
    <relation name="R77" arity="2" nbTuples="100" semantics="soft" defaultCost="infinity">77:8 2|69:2 8|36:8 5|52:7 9|16:4 2|21:7 6|26:8 7|70:6 5|49:1 4|44:5 3|32:3 5|98:10 8|84:7 7|80:8 4|39:3 3|44:2 2|53:8 10|89:5 10|45:3 9|28:10 10|30:9 5|68:5 4|48:1 8|67:7 1|26:4 7|47:9 7|1:4 5|27:10 4|90:2 9|37:7 2|43:8 9|14:2 10|19:10 7|46:5 8|53:2 5|47:1 3|18:6 4|89:9 9|30:2 4|54:8 1|14:9 8|28:6 2|20:9 3|12:7 5|2:10 6|83:4 10|84:5 1|52:2 7|96:6 10|33:6 6|87:1 6|51:3 10|34:2 3|13:2 6|52:2 1|96:8 6|63:4 1|41:6 9|55:7 8|92:6 3|54:4 6|34:3 2|6:6 8|75:1 10|26:10 1|85:10 2|7:9 10|85:1 7|48:5 6|15:7 10|33:8 8|29:3 7|76:4 3|41:6 7|54:1 1|64:9 2|88:5 2|56:10 5|67:7 3|59:1 2|14:4 4|10:3 8|11:8 3|76:3 6|90:5 7|47:1 5|13:7 4|41:4 9|1:9 1|17:1 9|94:3 4|41:4 8|14:10 9|83:9 6|24:6 1|20:5 9|65:3 1|33:10 3|84:9 4|18:5 5</relation>
    <relation name="R78" arity="2" nbTuples="100" semantics="soft" defaultCost="infinity">70:3 1|9:10 2|91:2 3|83:7 10|95:3 9|9:10 7|96:8 7|77:9 10|73:9 9|47:7 7|86:7 1|10:1 7|82:6 6|59:2 1|40:4 6|10:6 5|2:5 7|72:3 4|64:1 5|94:6 2|66:8 8|19:1 10|61:9 5|1:2 7|47:10 10|18:3 3|43:5 3|27:8 3|95:4 4|38:1 4|10:8 10|76:9 3|42:5 2|81:8 5|2:1 6|40:8 9|90:1 1|0:10 5|47:1 9|77:9 4|47:7 8|14:4 3|99:5 8|59:2 9|47:7 3|34:4 1|75:2 10|18:6 7|34:6 1|80:3 5|77:4 9|16:9 6|43:8 4|72:2 8|88:9 8|40:8 6|13:7 6|64:4 2|85:2 2|39:4 10|62:9 1|50:4 5|36:6 10|30:10 9|39:3 10|56:7 5|8:3 6|73:5 5|21:2 5|38:10 4|30:5 10|30:6 9|65:8 1|15:2 6|15:5 4|3:9 2|72:9 7|3:7 2|96:5 1|91:6 8|64:5 6|85:8 2|1:1 3|49:3 2|49:6 4|86:7 4|34:1 8|31:3 8|84:6 3|80:3 7|95:2 4|52:10 8|30:10 3|52:10 1|73:1 2|81:7 9|85:10 6|72:4 8|42:4 7|87:5 9</relation>
    <relation name="R79" arity="2" nbTuples="100" semantics="soft" defaultCost="infinity">37:8 4|26:6 7|38:1 10|98:4 6|67:1 5|17:5 5|36:3 10|44:6 2|5:3 1|86:6 4|51:2 1|95:5 4|20:1 3|79:6 6|42:4 8|44:5 2|96:8 8|0:9 2|8:7 6|21:8 6|13:2 10|98:7 4|1:7 7|23:7 5|11:6 5|82:10 10|28:3 6|38:3 4|91:3 8|29:4 1|79:1 1|13:9 4|81:8 3|15:7 10|0:10 2|32:10 4|46:4 2|38:7 3|28:3 3|75:9 1|45:1 8|45:6 1|44:5 1|50:1 6|8:2 2|11:9 6|69:2 9|53:7 8|37:3 7|95:7 2|49:3 9|59:2 5|7:5 6|51:8 7|26:4 9|36:9 5|8:2 8|95:5 3|39:5 9|21:6 8|66:10 1|33:1 7|31:10 3|75:4 7|17:9 10|76:5 10|68:4 5|45:6 9|36:2 3|94:4 4|21:2 4|13:10 5|12:3 5|32:7 1|50:9 8|8:9 3|95:8 2|51:7 9|82:5 8|29:6 3|15:8 10|90:8 1|3:6 10|3:4 10|17:2 7|48:1 4|40:8 9|84:1 2|5:10 6|44:10 9|52:10 7|62:5 7|41:9 9|97:3 2|73:2 6|77:4 3|20:9 7|89:8 5|53:10 8|97:1 9</relation>
    <relation name="R80" arity="2" nbTuples="100" semantics="soft" defaultCost="infinity">77:9 6|56:10 8|27:2 7|47:9 5|11:4 7|68:1 6|95:7 9|76:1 3|37:2 5|97:9 1|29:3 10|28:2 2|54:9 9|85:3 2|7:7 4|54:5 6|70:8 9|54:3 1|85:9 7|54:7 2|9:9 8|63:4 8|65:2 1|83:3 5|51:8 2|36:5 2|76:2 9|31:9 10|7:2 6|54:4 10|39:9 2|69:3 6|24:2 10|12:7 7|32:1 4|18:6 7|94:7 10|71:4 4|76:6 4|6:1 7|13:6 3|54:6 2|51:7 3|20:4 9|71:5 3|54:4 5|20:1 5|51:1 2|70:2 4|70:4 1|15:7 8|25:5 7|16:8 1|55:6 9|50:3 7|76:6 8|49:1 1|17:5 9|9:10 10|47:3 4|79:5 10|36:10 4|8:5 4|89:10 2|61:6 10|91:7 6|24:1 9|29:1 8|27:9 3|56:4 3|46:8 4|90:7 1|39:4 6|70:8 7|26:8 10|36:8 8|7:8 3|21:3 3|96:3 8|17:6 5|44:10 3|29:1 10|78:10 7|29:5 8|4:9 4|30:2 8|3:8 6|38:2 3|80:10 5|60:8 5|81:10 1|16:7 5|26:3 9|85:6 1|20:10 9|37:6 6|24:10 6|74:4 2|37:5 1|90:5 5</relation>
    <relation name="R81" arity="2" nbTuples="100" semantics="soft" defaultCost="infinity">38:9 2|37:3 7|41:8 1|14:6 8|63:10 10|92:5 10|70:4 5|93:2 5|77:8 4|28:7 1|59:7 5|78:5 5|35:2 9|23:8 7|47:1 5|75:5 7|48:9 5|55:6 3|36:2 2|38:5 4|7:3 4|80:6 6|68:2 8|42:7 3|20:5 2|33:1 8|33:4 6|18:7 4|61:1 2|43:3 1|85:5 9|63:5 8|89:8 5|36:6 5|66:7 9|86:9 3|91:3 2|65:4 2|11:4 3|76:6 2|7:8 9|44:10 3|84:6 7|43:2 10|67:1 1|54:1 10|25:2 1|91:1 7|39:7 10|29:2 4|71:6 9|74:7 8|38:10 8|59:7 6|57:8 2|54:9 7|14:4 1|89:9 9|19:8 3|15:10 7|7:3 9|79:4 10|62:10 4|98:3 8|44:5 6|30:5 3|22:10 5|50:2 3|28:8 10|57:4 8|2:9 6|66:4 9|10:10 9|26:1 6|24:2 6|61:9 8|76:10 2|39:6 1|94:6 10|52:1 4|44:9 4|78:1 3|33:4 4|74:9 10|97:10 1|80:8 8|52:9 1|27:3 5|42:6 4|22:7 2|41:2 7|28:1 9|11:3 3|6:7 7|74:4 7|68:5 1|21:10 6|18:8 6|30:3 10|63:3 6</relation>
    <relation name="R82" arity="2" nbTuples="100" semantics="soft" defaultCost="infinity">56:6 1|80:7 3|36:2 2|46:5 3|79:10 6|54:9 3|74:9 8|82:2 3|68:2 4|5:6 9|27:5 2|57:8 2|84:4 9|89:3 9|39:10 4|86:3 5|14:9 4|81:9 2|61:4 8|41:5 6|81:4 1|12:7 7|78:8 1|88:1 2|62:9 5|12:2 6|55:8 6|3:5 4|92:8 5|45:6 2|80:10 5|62:2 7|81:6 8|0:7 9|73:4 2|17:1 7|72:4 5|74:7 1|33:1 9|34:10 1|74:10 10|28:5 8|67:6 3|33:9 9|66:8 9|46:9 10|51:6 4|37:3 4|51:8 3|26:3 6|31:7 5|1:3 7|95:9 6|59:6 7|36:6 10|95:5 1|52:4 6|48:2 9|68:3 1|13:8 4|52:10 8|64:1 10|43:6 5|80:1 8|5:5 10|17:4 3|0:10 7|66:1 1|99:8 7|87:3 3|87:3 10|21:5 5|67:10 9|44:3 2|2:9 1|67:8 10|92:7 10|19:1 4|85:1 3|26:8 8|92:2 5|71:7 8|51:1 5|76:7 4|85:10 3|38:4 10|12:4 4|81:10 2|53:7 6|44:9 7|75:2 10|93:3 8|47:6 6|51:2 8|16:2 1|68:1 6|78:7 2|34:5 7|81:4 7|58:5 9</relation>
    <relation name="R83" arity="2" nbTuples="100" semantics="soft" defaultCost="infinity">19:10 3|16:4 1|25:4 3|3:2 4|38:8 3|23:2 2|77:7 4|3:8 10|91:5 3|21:6 5|42:4 9|72:1 6|18:1 7|86:8 7|1:6 8|88:7 6|62:6 4|95:4 7|63:2 10|11:1 10|19:5 4|99:3 2|55:10 5|83:3 3|45:10 1|42:8 2|83:10 2|32:4 5|22:6 10|5:1 1|23:7 10|12:5 8|31:1 4|19:9 5|7:9 8|28:3 9|31:3 5|49:8 1|53:7 8|38:5 9|83:10 8|95:9 10|13:7 3|60:6 9|84:4 4|40:10 4|58:3 1|59:2 7|35:2 5|65:7 1|91:1 8|16:3 4|31:3 7|86:6 2|35:1 9|8:1 5|5:9 9|47:3 10|19:3 8|77:10 6|79:4 2|40:10 10|60:8 8|6:2 6|81:6 1|49:2 3|82:5 10|87:8 9|63:7 2|54:7 9|25:9 1|29:5 2|52:8 6|99:1 2|67:8 5|82:5 1|68:9 4|45:5 6|51:10 7|71:7 5|78:4 6|27:1 3|51:3 6|75:4 8|66:9 6|97:5 5|91:6 3|94:9 2|28:6 7|39:7 7|84:4 10|23:10 9|6:9 7|39:5 7|25:2 1|25:9 3|29:2 9|70:2 8|64:8 4|2:6 6</relation>
    <relation name="R84" arity="2" nbTuples="100" semantics="soft" defaultCost="infinity">95:3 4|60:6 10|57:8 6|84:7 5|84:7 4|1:1 7|58:4 2|20:5 8|2:3 7|24:6 4|27:5 3|83:4 9|93:9 2|22:9 10|94:6 5|38:7 3|43:1 1|50:7 9|19:7 1|25:4 3|18:2 5|24:2 7|3:4 5|25:9 7|21:2 6|83:1 6|43:7 7|70:6 9|98:1 10|72:1 5|24:3 9|53:3 8|82:5 7|0:6 7|93:5 6|54:6 1|6:3 3|60:5 9|68:2 10|59:8 1|56:4 7|56:10 2|7:3 6|95:5 5|76:8 5|55:2 8|96:9 5|51:10 9|27:5 10|73:2 3|5:3 10|24:4 6|46:1 4|5:5 2|97:7 8|94:6 8|43:8 3|34:7 10|76:6 2|10:8 4|59:9 9|86:8 8|30:10 6|4:5 1|74:2 1|13:8 9|28:7 6|93:4 1|54:10 4|50:9 3|57:6 3|46:8 7|47:8 10|42:10 5|90:10 8|27:9 8|95:3 1|94:9 1|66:4 4|72:9 4|75:1 9|61:2 4|94:10 10|75:10 3|20:1 3|39:1 2|13:2 9|7:6 6|87:7 2|59:9 6|33:4 10|82:8 2|21:3 5|42:10 7|84:3 2|16:1 8|78:5 4|21:10 1|15:4 8|8:2 2</relation>
    <relation name="R85" arity="2" nbTuples="100" semantics="soft" defaultCost="infinity">89:7 4|81:2 3|13:9 4|59:10 10|1:6 2|44:2 7|65:7 6|57:3 1|21:3 10|65:10 6|84:7 1|28:8 8|34:8 10|48:8 6|57:1 3|76:6 9|86:5 7|49:2 4|22:7 8|57:1 5|83:10 7|4:3 5|6:2 2|51:4 2|70:7 9|5:10 4|94:4 7|73:1 10|33:2 1|25:4 4|55:2 6|45:1 9|37:5 4|55:4 3|82:4 10|2:10 9|45:7 7|87:3 3|66:10 3|72:6 7|48:4 8|74:2 8|29:9 3|30:8 4|54:9 10|67:1 2|75:8 3|99:5 9|59:9 7|78:2 10|53:8 5|34:3 9|13:6 5|41:1 6|30:7 3|61:6 1|82:6 6|6:6 3|41:5 6|20:5 1|28:10 5|74:8 1|1:7 5|78:2 9|27:5 3|72:8 7|15:5 2|11:5 8|98:9 6|69:1 1|55:9 9|16:4 6|57:9 5|77:3 2|90:2 5|82:6 8|52:9 8|97:1 8|49:9 2|55:5 5|90:4 9|43:3 4|12:3 7|99:10 8|6:10 1|93:5 10|63:8 2|87:6 10|45:4 1|41:10 2|28:1 7|97:7 10|17:3 6|33:1 4|71:6 4|29:4 5|63:8 9|84:3 8|36:9 1|21:7 2</relation>
    <relation name="R86" arity="2" nbTuples="100" semantics="soft" defaultCost="infinity">85:1 7|87:10 7|15:8 3|35:3 3|26:5 9|8:4 9|52:6 1|93:2 10|15:1 4|32:10 1|65:9 4|29:4 10|63:9 5|35:5 7|57:7 1|6:5 8|41:1 9|52:8 4|31:9 9|88:10 6|53:10 10|49:9 2|19:7 8|27:10 2|56:4 6|25:1 10|33:9 3|71:1 1|14:7 2|22:10 3|70:9 10|50:5 4|54:4 8|81:8 7|63:1 8|47:7 10|95:4 5|34:1 3|3:1 5|19:7 7|67:4 3|90:7 3|14:3 4|32:9 1|72:6 10|3:7 5|82:1 2|88:7 6|21:2 6|92:2 3|91:2 8|0:6 7|35:6 6|91:7 9|43:8 1|30:4 7|77:2 2|9:2 1|16:5 1|65:3 6|54:3 8|90:10 5|15:6 9|74:3 7|24:5 3|75:8 9|33:7 4|58:2 5|84:5 5|49:2 9|72:9 8|20:10 9|78:3 10|45:8 5|92:6 4|57:1 6|12:4 2|31:3 9|24:8 10|72:6 3|56:4 1|53:8 2|43:2 7|98:10 8|28:3 5|83:6 5|25:6 2|17:5 2|86:9 6|2:8 8|37:3 2|94:3 1|22:5 10|39:10 4|87:8 6|68:2 4|29:9 7|6:5 6|17:4 4|87:6 8</relation>
    <relation name="R87" arity="2" nbTuples="100" semantics="soft" defaultCost="infinity">97:4 4|76:1 8|37:4 9|19:5 9|15:6 8|38:10 8|84:5 5|75:3 5|7:9 1|59:2 9|33:8 7|94:10 6|7:1 7|61:2 8|90:5 6|50:6 3|23:9 5|79:7 9|92:1 3|89:3 1|74:9 8|51:1 9|16:6 2|68:4 7|74:3 7|74:10 2|4:8 2|21:1 6|94:6 1|60:7 3|41:7 6|43:4 10|15:3 6|86:6 10|32:4 6|38:4 2|22:3 2|90:10 10|78:9 10|94:4 8|9:1 4|15:4 1|51:7 4|34:5 2|7:4 3|20:5 7|40:8 4|54:8 5|26:10 3|91:1 10|38:9 2|67:10 1|29:2 2|31:9 6|92:8 1|92:5 3|81:1 2|88:8 10|93:10 9|96:2 3|14:8 9|15:2 10|56:8 8|96:2 1|45:5 10|37:2 6|61:7 8|52:5 1|24:9 4|67:3 8|63:10 4|90:9 7|23:2 4|84:3 10|42:7 5|8:6 9|74:2 7|43:8 3|76:7 10|77:10 5|62:10 7|16:6 7|58:5 8|96:8 6|43:3 4|92:9 9|9:7 2|22:1 1|97:9 3|19:6 6|63:6 4|66:2 5|1:5 4|79:6 5|41:1 5|40:7 7|90:7 1|76:3 3|87:4 5|12:3 9</relation>
    <relation name="R88" arity="2" nbTuples="100" semantics="soft" defaultCost="infinity">46:10 6|40:6 7|11:9 10|97:3 1|46:4 2|0:5 10|5:9 6|42:4 9|82:3 7|68:5 5|64:3 2|0:1 4|29:1 9|63:1 7|45:2 5|85:8 4|97:10 3|83:7 2|91:9 4|72:8 8|30:4 7|16:2 2|82:6 10|55:10 8|37:6 1|57:3 9|97:5 3|11:4 10|53:5 4|77:6 3|48:10 7|11:1 6|21:7 3|59:10 4|25:3 10|53:5 2|55:5 9|5:8 6|18:2 7|6:8 2|50:7 8|84:3 3|65:5 8|97:9 2|41:4 4|22:8 10|58:8 3|5:9 8|98:2 8|99:7 1|65:7 7|94:10 2|63:6 8|92:1 3|73:7 4|31:6 6|3:6 2|62:1 10|37:6 9|74:2 10|73:2 1|11:6 4|97:9 1|94:2 6|7:7 6|95:8 5|14:4 5|32:4 3|53:9 3|92:7 5|10:6 5|30:4 6|7:5 6|66:5 1|8:4 8|26:8 1|74:10 5|79:10 1|29:7 9|55:3 4|14:9 9|11:2 4|36:1 8|6:3 8|72:9 7|61:7 10|29:2 3|43:5 7|78:10 10|48:1 5|99:1 1|25:3 6|98:8 9|66:8 7|85:9 5|64:2 9|46:10 9|8:4 1|36:1 2|58:3 5</relation>
    <relation name="R89" arity="2" nbTuples="100" semantics="soft" defaultCost="infinity">14:10 8|27:10 2|93:7 3|80:6 4|24:9 7|53:7 1|34:7 10|79:9 10|67:6 9|84:1 10|31:2 9|54:4 10|16:5 7|72:2 8|4:7 5|16:4 5|65:8 2|77:9 4|98:5 1|13:3 4|67:10 4|3:1 6|6:5 5|84:1 4|82:2 10|19:1 3|57:9 3|31:10 7|65:7 2|13:4 3|71:6 6|36:3 7|76:8 6|90:6 7|38:6 2|52:2 7|99:10 3|89:8 10|85:2 1|92:3 9|2:2 3|56:8 4|23:1 7|29:5 10|65:3 10|81:9 6|67:9 9|77:5 8|51:4 6|55:3 5|75:6 3|2:10 6|32:5 9|8:10 9|87:4 8|83:5 6|37:3 6|22:10 10|69:4 7|3:1 2|43:3 1|61:6 5|12:7 4|72:2 5|89:1 9|84:6 8|46:7 8|57:3 2|65:2 4|32:1 8|80:2 2|54:9 1|84:8 9|55:7 6|19:4 1|22:7 9|77:8 7|47:3 8|98:6 10|23:8 8|83:10 5|57:8 5|80:1 1|36:4 4|8:9 5|1:9 8|48:4 9|68:5 3|62:2 6|37:9 2|41:5 4|21:3 3|97:10 1|8:5 2|5:1 5|97:8 3|1:4 2|78:6 1|8:7 7|88:8 1</relation>
    <relation name="R90" arity="2" nbTuples="100" semantics="soft" defaultCost="infinity">69:4 6|91:9 6|85:8 7|76:2 7|77:10 1|86:6 1|90:2 1|99:9 4|54:8 8|20:5 10|86:7 5|1:6 8|19:9 5|60:9 8|17:1 5|38:4 9|78:10 5|64:8 9|25:10 4|87:9 2|18:6 6|95:6 9|94:7 1|19:7 9|49:4 4|53:5 6|68:5 4|98:6 2|62:2 3|72:2 9|35:4 8|36:6 5|55:6 10|1:2 10|6:9 7|6:3 5|20:1 2|57:5 5|68:4 3|68:10 6|70:8 5|96:9 3|46:5 9|85:3 9|65:8 10|12:8 3|42:9 1|14:3 7|78:10 7|94:2 2|49:8 4|47:1 3|37:6 3|16:4 1|13:1 10|67:10 3|99:1 7|85:7 7|11:3 8|87:6 4|0:3 1|60:7 3|50:7 2|59:9 10|90:1 9|96:10 2|33:2 5|0:3 10|35:1 4|16:3 3|81:10 9|12:3 4|15:5 8|88:3 2|95:2 8|4:6 7|67:7 6|62:8 2|98:5 3|93:5 2|2:7 8|42:5 7|67:4 7|54:2 4|20:1 1|78:10 8|14:1 8|2:2 6|21:1 6|58:4 10|23:7 10|4:7 4|18:10 10|8:8 6|34:9 9|10:5 1|68:8 1|44:4 2|38:4 5|84:3 6</relation>
    <relation name="R91" arity="2" nbTuples="100" semantics="soft" defaultCost="infinity">30:8 4|52:2 9|70:2 1|61:7 10|92:8 10|93:6 2|15:4 10|53:1 2|92:2 2|16:10 1|19:10 3|18:4 9|65:3 2|75:10 10|49:3 9|3:7 3|21:9 4|34:1 5|69:9 1|62:2 6|87:5 3|41:3 4|8:5 9|81:10 4|31:4 5|58:5 7|12:1 1|12:8 9|91:1 9|37:4 3|26:6 9|66:1 8|5:5 10|94:9 2|13:6 4|76:8 3|37:2 5|47:1 7|11:10 9|12:9 5|2:5 1|20:3 6|20:6 8|3:9 7|50:10 5|29:5 2|71:8 2|41:2 3|35:8 7|16:6 3|6:8 8|15:10 2|71:8 6|77:5 4|51:4 8|80:1 6|93:2 7|95:2 4|3:9 3|10:8 5|30:7 2|2:3 7|44:2 10|36:9 8|48:4 4|80:6 10|60:10 7|7:6 6|95:1 4|46:1 3|33:10 6|6:3 10|4:3 3|82:7 4|36:4 7|88:1 10|3:2 8|61:9 6|52:5 8|62:7 5|19:4 2|55:9 9|94:5 5|16:6 1|58:10 8|67:7 1|88:7 9|42:7 6|71:4 6|26:8 1|24:7 8|61:4 1|70:3 8|88:6 7|32:9 10|33:3 5|24:6 5|69:7 7|73:5 6|81:3 1</relation>
    <relation name="R92" arity="2" nbTuples="100" semantics="soft" defaultCost="infinity">65:5 4|89:7 7|25:9 6|84:2 7|52:4 5|86:5 5|55:7 6|91:3 3|54:4 10|51:1 7|63:2 1|6:9 8|74:10 8|11:8 10|13:7 4|88:9 3|83:4 8|16:6 1|90:2 10|20:1 2|37:9 5|31:8 7|95:10 10|52:5 3|19:5 8|86:2 8|22:7 8|92:9 4|76:9 9|75:1 5|82:5 2|17:7 5|60:10 9|32:2 3|43:10 6|68:5 1|25:6 3|89:4 3|18:4 6|2:8 2|44:3 5|71:6 10|35:4 4|91:10 3|84:6 7|50:6 5|39:1 9|60:8 3|19:2 5|80:1 3|93:10 4|19:2 6|41:9 2|78:7 10|79:6 8|84:1 1|46:9 10|43:3 10|99:8 5|19:2 2|1:8 8|20:5 10|88:9 7|18:6 6|20:3 2|68:8 4|92:3 8|37:7 2|16:4 1|0:2 9|49:4 2|21:3 1|32:5 6|34:6 2|43:1 8|24:4 7|71:4 9|83:5 7|25:9 1|73:1 6|72:3 7|78:7 9|77:10 7|30:3 4|79:6 4|64:5 9|22:6 9|80:8 9|71:8 1|39:10 1|45:10 2|58:1 10|63:7 1|9:8 6|22:2 4|7:3 6|94:10 5|44:7 3|6:3 9|86:1 4</relation>
    <relation name="R93" arity="2" nbTuples="100" semantics="soft" defaultCost="infinity">64:10 7|27:2 2|19:6 9|94:4 3|22:3 7|9:1 4|37:4 5|98:6 3|9:10 1|82:8 5|66:10 9|42:10 4|7:2 4|74:4 7|46:7 9|14:9 6|53:3 3|8:5 3|46:1 5|56:4 8|17:9 4|23:7 2|43:6 6|75:5 6|31:4 10|92:9 3|50:7 4|47:9 1|87:8 3|40:8 2|78:8 8|34:9 9|81:3 8|96:5 9|93:3 2|24:3 9|71:9 7|67:1 7|10:6 2|20:1 6|34:8 1|38:9 2|8:8 10|80:4 9|64:1 2|36:8 9|73:6 4|44:1 8|51:5 4|17:5 2|71:4 2|27:9 5|76:1 3|51:3 1|65:6 1|52:7 6|73:2 10|43:2 3|34:2 1|66:3 6|15:6 7|8:2 8|25:5 1|71:1 10|84:8 4|88:3 10|7:10 5|0:7 3|29:7 8|81:7 7|40:10 8|95:2 9|56:3 4|21:8 6|66:2 6|7:1 1|39:9 8|45:3 5|0:6 8|36:4 6|79:8 7|33:4 1|43:2 5|32:10 10|18:6 5|30:10 2|39:5 7|77:5 5|56:5 8|94:10 6|31:1 9|1:10 3|17:7 10|23:5 10|44:9 10|21:7 1|73:7 5|56:4 4|22:6 10|9:2 7</relation>
    <relation name="R94" arity="2" nbTuples="100" semantics="soft" defaultCost="infinity">80:3 5|64:3 10|73:7 5|72:6 6|97:5 10|35:7 8|82:5 6|30:5 1|17:4 10|10:9 9|93:9 2|34:8 4|58:3 6|67:3 9|95:10 3|2:8 8|21:10 4|96:1 4|63:3 2|97:9 4|26:3 1|6:6 8|43:8 3|72:1 1|36:9 10|39:5 7|28:10 5|77:4 4|54:7 4|0:9 6|25:3 8|30:4 3|87:5 3|62:2 9|47:9 5|78:6 5|98:6 9|37:6 10|42:3 4|47:4 6|10:7 7|16:7 9|58:2 8|20:4 8|51:1 9|10:4 1|42:7 3|52:2 7|18:8 6|80:2 10|1:9 3|65:1 3|61:10 8|91:1 2|35:7 1|2:1 7|20:8 7|46:4 9|72:1 6|25:7 10|88:5 4|90:3 7|45:1 5|97:2 1|51:8 9|51:9 8|17:10 9|44:7 2|85:2 5|57:9 7|28:10 2|45:8 1|40:9 1|4:5 8|10:2 4|58:10 6|29:10 7|99:2 2|85:1 8|31:10 10|85:5 9|66:2 3|22:6 2|33:1 10|0:10 1|51:3 3|95:2 6|76:5 5|72:6 1|91:7 6|52:6 4|25:4 2|46:8 5|30:8 10|61:4 7|44:6 7|48:8 2|50:6 3|5:4 5|74:5 2</relation>
  </relations>
  <GuiPresentation type="DCOP" benchmark="RandomDCOP" name="instance2" model="TKC" nbAgents="20" domainSize="10" density="50" tightness="0" nbConstraints="95" nbTuples="100" />
</instance>
