<?xml version="1.0" encoding="UTF-8"?>
<instance>
  <presentation name="instance2" type="DCOP" benchmark="RandomDCOP" model="Simple" constraintModel="TKC" format="XDisCSP 1.0" />
  <agents nbAgents="5">
    <agent name="A1" id="1" description="agent 1" />
    <agent name="A2" id="2" description="agent 2" />
    <agent name="A3" id="3" description="agent 3" />
    <agent name="A4" id="4" description="agent 4" />
    <agent name="A5" id="5" description="agent 5" />
  </agents>
  <domains nbDomains="1">
    <domain name="D1" nbValues="2">1..2</domain>
  </domains>
  <variables nbVariables="5">
    <variable agent="A1" name="X1.1" id="1" domain="D1" description="variable 1.1" />
    <variable agent="A2" name="X2.1" id="1" domain="D1" description="variable 2.1" />
    <variable agent="A3" name="X3.1" id="1" domain="D1" description="variable 3.1" />
    <variable agent="A4" name="X4.1" id="1" domain="D1" description="variable 4.1" />
    <variable agent="A5" name="X5.1" id="1" domain="D1" description="variable 5.1" />
  </variables>
  <constraints nbConstraints="5" initialCost="10" maximalCost="infinity">
    <constraint name="C0" model="TKC" arity="2" scope="X1.1 X2.1" reference="R0" />
    <constraint name="C1" model="TKC" arity="2" scope="X1.1 X3.1" reference="R1" />
    <constraint name="C2" model="TKC" arity="2" scope="X1.1 X5.1" reference="R2" />
    <constraint name="C3" model="TKC" arity="2" scope="X2.1 X3.1" reference="R3" />
    <constraint name="C4" model="TKC" arity="2" scope="X2.1 X4.1" reference="R4" />
  </constraints>
  <relations nbRelations="5">
    <relation name="R0" arity="2" nbTuples="4" semantics="soft" defaultCost="infinity">32:2 2|12:2 1|38:1 1|22:1 2</relation>
    <relation name="R1" arity="2" nbTuples="4" semantics="soft" defaultCost="infinity">20:1 1|35:1 2|11:2 1|38:2 2</relation>
    <relation name="R2" arity="2" nbTuples="4" semantics="soft" defaultCost="infinity">27:2 2|24:2 1|27:1 2|19:1 1</relation>
    <relation name="R3" arity="2" nbTuples="4" semantics="soft" defaultCost="infinity">26:2 2|14:1 2|14:1 1|30:2 1</relation>
    <relation name="R4" arity="2" nbTuples="4" semantics="soft" defaultCost="infinity">15:2 1|31:1 2|29:2 2|31:1 1</relation>
  </relations>
  <GuiPresentation type="DCOP" benchmark="RandomDCOP" name="instance2" model="TKC" nbAgents="5" domainSize="2" density="50" tightness="0" nbConstraints="5" nbTuples="4" />
</instance>
