<?xml version="1.0" encoding="UTF-8"?>
<instance>
  <presentation name="instance2" type="DCOP" benchmark="RandomDCOP" model="Simple" constraintModel="TKC" format="XDisCSP 1.0" />
  <agents nbAgents="12">
    <agent name="A1" id="1" description="agent 1" />
    <agent name="A2" id="2" description="agent 2" />
    <agent name="A3" id="3" description="agent 3" />
    <agent name="A4" id="4" description="agent 4" />
    <agent name="A5" id="5" description="agent 5" />
    <agent name="A6" id="6" description="agent 6" />
    <agent name="A7" id="7" description="agent 7" />
    <agent name="A8" id="8" description="agent 8" />
    <agent name="A9" id="9" description="agent 9" />
    <agent name="A10" id="10" description="agent 10" />
    <agent name="A11" id="11" description="agent 11" />
    <agent name="A12" id="12" description="agent 12" />
  </agents>
  <domains nbDomains="1">
    <domain name="D1" nbValues="3">1..3</domain>
  </domains>
  <variables nbVariables="12">
    <variable agent="A1" name="X1.1" id="1" domain="D1" description="variable 1.1" />
    <variable agent="A2" name="X2.1" id="1" domain="D1" description="variable 2.1" />
    <variable agent="A3" name="X3.1" id="1" domain="D1" description="variable 3.1" />
    <variable agent="A4" name="X4.1" id="1" domain="D1" description="variable 4.1" />
    <variable agent="A5" name="X5.1" id="1" domain="D1" description="variable 5.1" />
    <variable agent="A6" name="X6.1" id="1" domain="D1" description="variable 6.1" />
    <variable agent="A7" name="X7.1" id="1" domain="D1" description="variable 7.1" />
    <variable agent="A8" name="X8.1" id="1" domain="D1" description="variable 8.1" />
    <variable agent="A9" name="X9.1" id="1" domain="D1" description="variable 9.1" />
    <variable agent="A10" name="X10.1" id="1" domain="D1" description="variable 10.1" />
    <variable agent="A11" name="X11.1" id="1" domain="D1" description="variable 11.1" />
    <variable agent="A12" name="X12.1" id="1" domain="D1" description="variable 12.1" />
  </variables>
  <constraints nbConstraints="33" initialCost="0" maximalCost="infinity">
    <constraint name="C0" model="TKC" arity="2" scope="X1.1 X2.1" reference="R0" />
    <constraint name="C1" model="TKC" arity="2" scope="X1.1 X3.1" reference="R1" />
    <constraint name="C2" model="TKC" arity="2" scope="X1.1 X5.1" reference="R2" />
    <constraint name="C3" model="TKC" arity="2" scope="X1.1 X6.1" reference="R3" />
    <constraint name="C4" model="TKC" arity="2" scope="X1.1 X7.1" reference="R4" />
    <constraint name="C5" model="TKC" arity="2" scope="X1.1 X8.1" reference="R5" />
    <constraint name="C6" model="TKC" arity="2" scope="X1.1 X9.1" reference="R6" />
    <constraint name="C7" model="TKC" arity="2" scope="X2.1 X11.1" reference="R7" />
    <constraint name="C8" model="TKC" arity="2" scope="X3.1 X12.1" reference="R8" />
    <constraint name="C9" model="TKC" arity="2" scope="X3.1 X5.1" reference="R9" />
    <constraint name="C10" model="TKC" arity="2" scope="X3.1 X9.1" reference="R10" />
    <constraint name="C11" model="TKC" arity="2" scope="X3.1 X7.1" reference="R11" />
    <constraint name="C12" model="TKC" arity="2" scope="X4.1 X12.1" reference="R12" />
    <constraint name="C13" model="TKC" arity="2" scope="X4.1 X9.1" reference="R13" />
    <constraint name="C14" model="TKC" arity="2" scope="X4.1 X10.1" reference="R14" />
    <constraint name="C15" model="TKC" arity="2" scope="X5.1 X6.1" reference="R15" />
    <constraint name="C16" model="TKC" arity="2" scope="X5.1 X12.1" reference="R16" />
    <constraint name="C17" model="TKC" arity="2" scope="X5.1 X7.1" reference="R17" />
    <constraint name="C18" model="TKC" arity="2" scope="X5.1 X9.1" reference="R18" />
    <constraint name="C19" model="TKC" arity="2" scope="X6.1 X11.1" reference="R19" />
    <constraint name="C20" model="TKC" arity="2" scope="X6.1 X10.1" reference="R20" />
    <constraint name="C21" model="TKC" arity="2" scope="X6.1 X9.1" reference="R21" />
    <constraint name="C22" model="TKC" arity="2" scope="X6.1 X8.1" reference="R22" />
    <constraint name="C23" model="TKC" arity="2" scope="X7.1 X10.1" reference="R23" />
    <constraint name="C24" model="TKC" arity="2" scope="X7.1 X8.1" reference="R24" />
    <constraint name="C25" model="TKC" arity="2" scope="X7.1 X9.1" reference="R25" />
    <constraint name="C26" model="TKC" arity="2" scope="X8.1 X10.1" reference="R26" />
    <constraint name="C27" model="TKC" arity="2" scope="X8.1 X11.1" reference="R27" />
    <constraint name="C28" model="TKC" arity="2" scope="X9.1 X12.1" reference="R28" />
    <constraint name="C29" model="TKC" arity="2" scope="X9.1 X11.1" reference="R29" />
    <constraint name="C30" model="TKC" arity="2" scope="X10.1 X11.1" reference="R30" />
    <constraint name="C31" model="TKC" arity="2" scope="X10.1 X12.1" reference="R31" />
    <constraint name="C32" model="TKC" arity="2" scope="X11.1 X12.1" reference="R32" />
  </constraints>
  <relations nbRelations="33">
    <relation name="R0" arity="2" nbTuples="9" semantics="soft" defaultCost="infinity">39:3 1|10:3 3|84:2 2|7:1 3|30:3 2|2:1 2|64:2 1|50:2 3|1:1 1</relation>
    <relation name="R1" arity="2" nbTuples="9" semantics="soft" defaultCost="infinity">56:2 2|25:1 3|23:3 3|87:2 3|17:2 1|42:3 1|14:1 1|67:3 2|11:1 2</relation>
    <relation name="R2" arity="2" nbTuples="9" semantics="soft" defaultCost="infinity">40:1 3|0:3 1|18:3 3|72:3 2|45:2 1|24:2 3|24:2 2|35:1 1|40:1 2</relation>
    <relation name="R3" arity="2" nbTuples="9" semantics="soft" defaultCost="infinity">54:2 3|50:3 3|84:2 1|21:3 1|45:2 2|51:1 1|1:1 3|60:1 2|43:3 2</relation>
    <relation name="R4" arity="2" nbTuples="9" semantics="soft" defaultCost="infinity">88:2 1|9:1 2|41:3 2|55:3 1|70:1 3|60:1 1|55:2 2|3:2 3|76:3 3</relation>
    <relation name="R5" arity="2" nbTuples="9" semantics="soft" defaultCost="infinity">29:2 2|66:3 2|89:3 1|53:2 1|96:1 3|75:2 3|21:3 3|25:1 1|65:1 2</relation>
    <relation name="R6" arity="2" nbTuples="9" semantics="soft" defaultCost="infinity">12:1 1|56:3 2|35:2 1|42:1 3|37:3 3|96:1 2|94:2 2|39:2 3|0:3 1</relation>
    <relation name="R7" arity="2" nbTuples="9" semantics="soft" defaultCost="infinity">56:3 2|15:2 2|5:1 2|40:1 3|68:2 3|21:3 3|17:3 1|73:1 1|30:2 1</relation>
    <relation name="R8" arity="2" nbTuples="9" semantics="soft" defaultCost="infinity">48:3 3|29:1 3|41:3 2|23:3 1|18:2 2|7:1 2|83:2 1|32:1 1|89:2 3</relation>
    <relation name="R9" arity="2" nbTuples="9" semantics="soft" defaultCost="infinity">44:1 3|69:1 2|45:1 1|77:2 3|38:3 2|27:3 1|99:3 3|68:2 2|1:2 1</relation>
    <relation name="R10" arity="2" nbTuples="9" semantics="soft" defaultCost="infinity">35:3 3|79:2 2|66:2 1|42:3 2|55:1 3|26:3 1|16:1 2|99:2 3|14:1 1</relation>
    <relation name="R11" arity="2" nbTuples="9" semantics="soft" defaultCost="infinity">88:3 2|6:3 1|62:1 2|27:2 3|19:1 3|0:2 2|40:2 1|38:3 3|31:1 1</relation>
    <relation name="R12" arity="2" nbTuples="9" semantics="soft" defaultCost="infinity">73:1 2|59:3 2|2:1 3|31:2 1|87:1 1|87:3 1|93:2 2|2:2 3|37:3 3</relation>
    <relation name="R13" arity="2" nbTuples="9" semantics="soft" defaultCost="infinity">88:2 2|61:1 2|57:2 3|36:1 3|44:1 1|84:3 3|20:3 2|46:2 1|99:3 1</relation>
    <relation name="R14" arity="2" nbTuples="9" semantics="soft" defaultCost="infinity">33:2 3|63:1 3|25:3 1|75:2 2|58:3 3|41:1 2|7:3 2|31:2 1|96:1 1</relation>
    <relation name="R15" arity="2" nbTuples="9" semantics="soft" defaultCost="infinity">45:3 1|80:1 2|6:3 3|47:2 3|96:2 2|56:3 2|42:1 3|41:2 1|42:1 1</relation>
    <relation name="R16" arity="2" nbTuples="9" semantics="soft" defaultCost="infinity">87:1 3|27:1 2|53:2 2|98:2 1|85:2 3|38:3 3|98:3 2|5:3 1|19:1 1</relation>
    <relation name="R17" arity="2" nbTuples="9" semantics="soft" defaultCost="infinity">47:3 3|83:2 3|89:3 1|86:1 3|25:2 2|20:1 2|17:2 1|93:3 2|0:1 1</relation>
    <relation name="R18" arity="2" nbTuples="9" semantics="soft" defaultCost="infinity">14:1 1|81:1 2|70:3 2|96:3 3|5:3 1|93:1 3|11:2 2|17:2 1|64:2 3</relation>
    <relation name="R19" arity="2" nbTuples="9" semantics="soft" defaultCost="infinity">26:1 3|92:3 1|2:3 2|38:2 2|0:1 2|15:2 3|97:1 1|76:2 1|82:3 3</relation>
    <relation name="R20" arity="2" nbTuples="9" semantics="soft" defaultCost="infinity">9:2 3|36:1 1|96:3 1|9:2 1|32:2 2|30:3 3|20:1 3|41:1 2|92:3 2</relation>
    <relation name="R21" arity="2" nbTuples="9" semantics="soft" defaultCost="infinity">13:2 2|45:2 3|87:3 1|37:2 1|75:1 3|87:3 3|25:1 1|2:1 2|80:3 2</relation>
    <relation name="R22" arity="2" nbTuples="9" semantics="soft" defaultCost="infinity">50:2 1|39:2 2|34:2 3|58:1 3|44:1 2|39:3 1|15:1 1|75:3 2|59:3 3</relation>
    <relation name="R23" arity="2" nbTuples="9" semantics="soft" defaultCost="infinity">96:3 2|50:3 1|41:2 1|86:2 2|94:2 3|41:3 3|49:1 3|14:1 2|23:1 1</relation>
    <relation name="R24" arity="2" nbTuples="9" semantics="soft" defaultCost="infinity">33:3 2|44:1 2|5:2 3|4:2 1|66:3 1|68:2 2|73:1 1|4:3 3|87:1 3</relation>
    <relation name="R25" arity="2" nbTuples="9" semantics="soft" defaultCost="infinity">23:2 3|79:3 3|25:3 1|19:1 3|64:1 1|74:3 2|4:1 2|81:2 1|41:2 2</relation>
    <relation name="R26" arity="2" nbTuples="9" semantics="soft" defaultCost="infinity">10:1 3|91:2 1|75:2 3|14:1 1|63:1 2|61:3 1|60:2 2|57:3 3|20:3 2</relation>
    <relation name="R27" arity="2" nbTuples="9" semantics="soft" defaultCost="infinity">7:2 1|8:1 1|49:1 3|8:3 1|55:1 2|12:2 3|83:3 2|29:2 2|22:3 3</relation>
    <relation name="R28" arity="2" nbTuples="9" semantics="soft" defaultCost="infinity">43:3 3|52:1 1|21:3 1|35:1 2|52:3 2|26:2 2|72:1 3|68:2 3|88:2 1</relation>
    <relation name="R29" arity="2" nbTuples="9" semantics="soft" defaultCost="infinity">65:1 1|44:3 3|72:2 1|77:1 3|20:1 2|6:2 2|22:2 3|26:3 1|72:3 2</relation>
    <relation name="R30" arity="2" nbTuples="9" semantics="soft" defaultCost="infinity">37:1 3|26:3 3|15:3 1|66:1 1|31:3 2|19:2 1|75:2 3|17:1 2|57:2 2</relation>
    <relation name="R31" arity="2" nbTuples="9" semantics="soft" defaultCost="infinity">95:2 1|30:3 3|73:3 1|83:1 3|66:2 3|74:3 2|78:1 1|90:1 2|71:2 2</relation>
    <relation name="R32" arity="2" nbTuples="9" semantics="soft" defaultCost="infinity">28:1 2|41:1 3|2:2 1|5:2 3|70:3 1|98:1 1|55:2 2|82:3 2|83:3 3</relation>
  </relations>
  <GuiPresentation type="DCOP" benchmark="RandomDCOP" name="instance2" model="TKC" nbAgents="12" domainSize="3" density="50" tightness="0" nbConstraints="33" nbTuples="9" />
</instance>
