<?xml version="1.0" encoding="UTF-8"?>
<instance>
  <presentation name="instance1" type="DCOP" benchmark="RandomDCOP" model="Simple" constraintModel="TKC" format="XDisCSP 1.0" />
  <agents nbAgents="15">
    <agent name="A1" id="1" description="agent 1" />
    <agent name="A2" id="2" description="agent 2" />
    <agent name="A3" id="3" description="agent 3" />
    <agent name="A4" id="4" description="agent 4" />
    <agent name="A5" id="5" description="agent 5" />
    <agent name="A6" id="6" description="agent 6" />
    <agent name="A7" id="7" description="agent 7" />
    <agent name="A8" id="8" description="agent 8" />
    <agent name="A9" id="9" description="agent 9" />
    <agent name="A10" id="10" description="agent 10" />
    <agent name="A11" id="11" description="agent 11" />
    <agent name="A12" id="12" description="agent 12" />
    <agent name="A13" id="13" description="agent 13" />
    <agent name="A14" id="14" description="agent 14" />
    <agent name="A15" id="15" description="agent 15" />
  </agents>
  <domains nbDomains="1">
    <domain name="D1" nbValues="3">1..3</domain>
  </domains>
  <variables nbVariables="15">
    <variable agent="A1" name="X1.1" id="1" domain="D1" description="variable 1.1" />
    <variable agent="A2" name="X2.1" id="1" domain="D1" description="variable 2.1" />
    <variable agent="A3" name="X3.1" id="1" domain="D1" description="variable 3.1" />
    <variable agent="A4" name="X4.1" id="1" domain="D1" description="variable 4.1" />
    <variable agent="A5" name="X5.1" id="1" domain="D1" description="variable 5.1" />
    <variable agent="A6" name="X6.1" id="1" domain="D1" description="variable 6.1" />
    <variable agent="A7" name="X7.1" id="1" domain="D1" description="variable 7.1" />
    <variable agent="A8" name="X8.1" id="1" domain="D1" description="variable 8.1" />
    <variable agent="A9" name="X9.1" id="1" domain="D1" description="variable 9.1" />
    <variable agent="A10" name="X10.1" id="1" domain="D1" description="variable 10.1" />
    <variable agent="A11" name="X11.1" id="1" domain="D1" description="variable 11.1" />
    <variable agent="A12" name="X12.1" id="1" domain="D1" description="variable 12.1" />
    <variable agent="A13" name="X13.1" id="1" domain="D1" description="variable 13.1" />
    <variable agent="A14" name="X14.1" id="1" domain="D1" description="variable 14.1" />
    <variable agent="A15" name="X15.1" id="1" domain="D1" description="variable 15.1" />
  </variables>
  <constraints nbConstraints="42" initialCost="0" maximalCost="infinity">
    <constraint name="C0" model="TKC" arity="2" scope="X1.1 X13.1" reference="R0" />
    <constraint name="C1" model="TKC" arity="2" scope="X1.1 X3.1" reference="R1" />
    <constraint name="C2" model="TKC" arity="2" scope="X1.1 X14.1" reference="R2" />
    <constraint name="C3" model="TKC" arity="2" scope="X1.1 X6.1" reference="R3" />
    <constraint name="C4" model="TKC" arity="2" scope="X1.1 X7.1" reference="R4" />
    <constraint name="C5" model="TKC" arity="2" scope="X2.1 X15.1" reference="R5" />
    <constraint name="C6" model="TKC" arity="2" scope="X2.1 X5.1" reference="R6" />
    <constraint name="C7" model="TKC" arity="2" scope="X2.1 X9.1" reference="R7" />
    <constraint name="C8" model="TKC" arity="2" scope="X2.1 X11.1" reference="R8" />
    <constraint name="C9" model="TKC" arity="2" scope="X3.1 X15.1" reference="R9" />
    <constraint name="C10" model="TKC" arity="2" scope="X3.1 X5.1" reference="R10" />
    <constraint name="C11" model="TKC" arity="2" scope="X3.1 X8.1" reference="R11" />
    <constraint name="C12" model="TKC" arity="2" scope="X4.1 X14.1" reference="R12" />
    <constraint name="C13" model="TKC" arity="2" scope="X4.1 X13.1" reference="R13" />
    <constraint name="C14" model="TKC" arity="2" scope="X4.1 X5.1" reference="R14" />
    <constraint name="C15" model="TKC" arity="2" scope="X4.1 X11.1" reference="R15" />
    <constraint name="C16" model="TKC" arity="2" scope="X5.1 X13.1" reference="R16" />
    <constraint name="C17" model="TKC" arity="2" scope="X5.1 X14.1" reference="R17" />
    <constraint name="C18" model="TKC" arity="2" scope="X5.1 X10.1" reference="R18" />
    <constraint name="C19" model="TKC" arity="2" scope="X5.1 X7.1" reference="R19" />
    <constraint name="C20" model="TKC" arity="2" scope="X5.1 X9.1" reference="R20" />
    <constraint name="C21" model="TKC" arity="2" scope="X6.1 X15.1" reference="R21" />
    <constraint name="C22" model="TKC" arity="2" scope="X6.1 X8.1" reference="R22" />
    <constraint name="C23" model="TKC" arity="2" scope="X7.1 X14.1" reference="R23" />
    <constraint name="C24" model="TKC" arity="2" scope="X7.1 X12.1" reference="R24" />
    <constraint name="C25" model="TKC" arity="2" scope="X7.1 X13.1" reference="R25" />
    <constraint name="C26" model="TKC" arity="2" scope="X7.1 X10.1" reference="R26" />
    <constraint name="C27" model="TKC" arity="2" scope="X7.1 X8.1" reference="R27" />
    <constraint name="C28" model="TKC" arity="2" scope="X8.1 X15.1" reference="R28" />
    <constraint name="C29" model="TKC" arity="2" scope="X8.1 X14.1" reference="R29" />
    <constraint name="C30" model="TKC" arity="2" scope="X8.1 X10.1" reference="R30" />
    <constraint name="C31" model="TKC" arity="2" scope="X8.1 X9.1" reference="R31" />
    <constraint name="C32" model="TKC" arity="2" scope="X9.1 X11.1" reference="R32" />
    <constraint name="C33" model="TKC" arity="2" scope="X9.1 X13.1" reference="R33" />
    <constraint name="C34" model="TKC" arity="2" scope="X10.1 X11.1" reference="R34" />
    <constraint name="C35" model="TKC" arity="2" scope="X10.1 X12.1" reference="R35" />
    <constraint name="C36" model="TKC" arity="2" scope="X11.1 X12.1" reference="R36" />
    <constraint name="C37" model="TKC" arity="2" scope="X11.1 X14.1" reference="R37" />
    <constraint name="C38" model="TKC" arity="2" scope="X12.1 X13.1" reference="R38" />
    <constraint name="C39" model="TKC" arity="2" scope="X12.1 X15.1" reference="R39" />
    <constraint name="C40" model="TKC" arity="2" scope="X13.1 X15.1" reference="R40" />
    <constraint name="C41" model="TKC" arity="2" scope="X13.1 X14.1" reference="R41" />
  </constraints>
  <relations nbRelations="42">
    <relation name="R0" arity="2" nbTuples="9" semantics="soft" defaultCost="infinity">83:2 2|50:3 1|45:2 3|84:1 3|35:3 3|79:3 2|27:2 1|87:1 1|34:1 2</relation>
    <relation name="R1" arity="2" nbTuples="9" semantics="soft" defaultCost="infinity">10:1 3|40:1 1|61:3 2|28:2 1|3:1 2|17:2 2|35:3 1|44:2 3|33:3 3</relation>
    <relation name="R2" arity="2" nbTuples="9" semantics="soft" defaultCost="infinity">33:3 2|45:3 1|56:1 2|72:2 1|78:3 3|96:1 1|61:2 3|51:2 2|14:1 3</relation>
    <relation name="R3" arity="2" nbTuples="9" semantics="soft" defaultCost="infinity">89:2 1|70:1 1|19:2 2|99:3 3|2:2 3|14:1 3|51:1 2|62:3 2|51:3 1</relation>
    <relation name="R4" arity="2" nbTuples="9" semantics="soft" defaultCost="infinity">68:2 1|22:1 1|35:2 2|27:3 2|44:3 3|4:1 2|65:3 1|34:1 3|54:2 3</relation>
    <relation name="R5" arity="2" nbTuples="9" semantics="soft" defaultCost="infinity">11:3 3|33:1 1|98:3 1|58:1 2|89:2 3|24:2 1|50:1 3|7:2 2|15:3 2</relation>
    <relation name="R6" arity="2" nbTuples="9" semantics="soft" defaultCost="infinity">17:1 1|85:3 1|86:2 1|59:3 3|33:2 2|61:3 2|67:1 3|50:1 2|25:2 3</relation>
    <relation name="R7" arity="2" nbTuples="9" semantics="soft" defaultCost="infinity">0:3 3|64:2 1|13:1 1|31:1 2|12:2 2|53:3 1|37:1 3|49:3 2|94:2 3</relation>
    <relation name="R8" arity="2" nbTuples="9" semantics="soft" defaultCost="infinity">63:3 3|43:2 3|63:2 1|22:3 2|76:1 1|74:2 2|7:1 2|87:1 3|2:3 1</relation>
    <relation name="R9" arity="2" nbTuples="9" semantics="soft" defaultCost="infinity">93:2 1|72:1 3|54:3 3|23:2 2|98:3 2|93:2 3|47:3 1|27:1 1|81:1 2</relation>
    <relation name="R10" arity="2" nbTuples="9" semantics="soft" defaultCost="infinity">0:1 2|72:1 3|45:2 1|24:3 2|42:2 3|42:1 1|58:2 2|27:3 3|15:3 1</relation>
    <relation name="R11" arity="2" nbTuples="9" semantics="soft" defaultCost="infinity">74:1 3|14:1 1|5:1 2|75:2 3|31:3 2|56:2 2|64:3 3|90:2 1|29:3 1</relation>
    <relation name="R12" arity="2" nbTuples="9" semantics="soft" defaultCost="infinity">33:2 2|46:3 2|36:3 3|61:1 1|50:1 2|44:2 1|53:1 3|3:3 1|88:2 3</relation>
    <relation name="R13" arity="2" nbTuples="9" semantics="soft" defaultCost="infinity">1:1 2|80:2 3|28:3 2|64:3 1|29:2 1|62:1 1|72:2 2|42:1 3|69:3 3</relation>
    <relation name="R14" arity="2" nbTuples="9" semantics="soft" defaultCost="infinity">66:3 2|87:1 2|55:2 2|81:3 1|60:2 1|54:1 3|19:2 3|64:3 3|50:1 1</relation>
    <relation name="R15" arity="2" nbTuples="9" semantics="soft" defaultCost="infinity">70:3 3|45:3 2|7:3 1|39:1 3|23:1 1|33:2 2|11:2 3|86:1 2|72:2 1</relation>
    <relation name="R16" arity="2" nbTuples="9" semantics="soft" defaultCost="infinity">34:2 1|67:1 3|27:2 3|23:3 2|95:1 2|69:1 1|75:3 1|78:3 3|99:2 2</relation>
    <relation name="R17" arity="2" nbTuples="9" semantics="soft" defaultCost="infinity">50:1 1|25:3 2|94:3 3|55:2 1|94:1 2|21:1 3|33:3 1|39:2 2|51:2 3</relation>
    <relation name="R18" arity="2" nbTuples="9" semantics="soft" defaultCost="infinity">28:2 2|54:2 1|85:2 3|56:3 3|69:1 2|40:1 3|21:3 2|26:1 1|81:3 1</relation>
    <relation name="R19" arity="2" nbTuples="9" semantics="soft" defaultCost="infinity">16:3 1|31:3 2|65:1 1|78:1 3|37:2 1|22:2 2|10:3 3|86:2 3|67:1 2</relation>
    <relation name="R20" arity="2" nbTuples="9" semantics="soft" defaultCost="infinity">21:1 3|64:3 1|83:2 1|10:1 1|46:3 3|54:3 2|47:2 2|38:1 2|4:2 3</relation>
    <relation name="R21" arity="2" nbTuples="9" semantics="soft" defaultCost="infinity">15:2 3|35:3 2|90:3 1|64:1 1|27:1 3|0:2 1|17:3 3|9:1 2|96:2 2</relation>
    <relation name="R22" arity="2" nbTuples="9" semantics="soft" defaultCost="infinity">3:1 1|36:2 3|27:1 3|35:3 2|86:3 3|83:2 2|18:3 1|3:2 1|66:1 2</relation>
    <relation name="R23" arity="2" nbTuples="9" semantics="soft" defaultCost="infinity">42:2 3|13:1 3|49:3 1|83:1 2|9:2 2|77:1 1|81:3 2|49:2 1|19:3 3</relation>
    <relation name="R24" arity="2" nbTuples="9" semantics="soft" defaultCost="infinity">83:1 1|89:2 1|56:3 1|13:2 3|91:1 2|6:2 2|85:1 3|34:3 2|60:3 3</relation>
    <relation name="R25" arity="2" nbTuples="9" semantics="soft" defaultCost="infinity">93:3 2|21:3 3|81:2 2|95:2 3|89:1 1|28:1 2|40:2 1|47:1 3|13:3 1</relation>
    <relation name="R26" arity="2" nbTuples="9" semantics="soft" defaultCost="infinity">12:2 3|43:2 1|85:3 2|85:1 1|25:1 3|44:3 1|49:3 3|60:1 2|20:2 2</relation>
    <relation name="R27" arity="2" nbTuples="9" semantics="soft" defaultCost="infinity">41:2 3|98:3 2|34:3 3|78:1 1|37:1 3|65:3 1|42:2 2|75:2 1|17:1 2</relation>
    <relation name="R28" arity="2" nbTuples="9" semantics="soft" defaultCost="infinity">47:2 2|31:3 2|39:1 2|8:3 3|43:2 1|6:3 1|16:1 3|15:1 1|73:2 3</relation>
    <relation name="R29" arity="2" nbTuples="9" semantics="soft" defaultCost="infinity">99:1 3|67:3 2|6:1 2|17:3 1|39:2 2|49:2 3|6:1 1|0:2 1|97:3 3</relation>
    <relation name="R30" arity="2" nbTuples="9" semantics="soft" defaultCost="infinity">85:2 2|69:3 3|34:3 1|19:2 3|64:3 2|16:1 1|17:1 2|92:1 3|49:2 1</relation>
    <relation name="R31" arity="2" nbTuples="9" semantics="soft" defaultCost="infinity">52:1 3|79:3 3|44:2 3|48:2 2|18:1 2|40:2 1|51:1 1|98:3 1|56:3 2</relation>
    <relation name="R32" arity="2" nbTuples="9" semantics="soft" defaultCost="infinity">5:1 3|22:3 2|67:2 2|72:2 3|54:3 1|10:2 1|1:3 3|52:1 2|30:1 1</relation>
    <relation name="R33" arity="2" nbTuples="9" semantics="soft" defaultCost="infinity">24:1 3|92:2 1|19:2 3|62:3 3|89:3 2|78:1 1|58:2 2|64:3 1|89:1 2</relation>
    <relation name="R34" arity="2" nbTuples="9" semantics="soft" defaultCost="infinity">60:2 2|21:3 1|0:3 3|84:3 2|58:2 3|8:1 1|47:2 1|71:1 2|22:1 3</relation>
    <relation name="R35" arity="2" nbTuples="9" semantics="soft" defaultCost="infinity">71:1 3|53:1 2|24:2 2|18:3 3|4:1 1|30:3 2|3:2 1|36:3 1|28:2 3</relation>
    <relation name="R36" arity="2" nbTuples="9" semantics="soft" defaultCost="infinity">48:3 1|81:3 2|15:2 2|19:1 3|79:3 3|1:1 1|43:1 2|24:2 1|58:2 3</relation>
    <relation name="R37" arity="2" nbTuples="9" semantics="soft" defaultCost="infinity">67:2 2|2:2 3|9:1 1|49:3 1|52:2 1|6:1 3|4:3 2|79:3 3|42:1 2</relation>
    <relation name="R38" arity="2" nbTuples="9" semantics="soft" defaultCost="infinity">4:2 1|77:1 1|53:1 2|35:3 3|78:2 3|40:1 3|17:2 2|30:3 2|58:3 1</relation>
    <relation name="R39" arity="2" nbTuples="9" semantics="soft" defaultCost="infinity">27:1 2|17:2 3|33:3 2|73:1 1|69:1 3|93:3 3|25:2 1|98:3 1|84:2 2</relation>
    <relation name="R40" arity="2" nbTuples="9" semantics="soft" defaultCost="infinity">91:3 1|39:3 3|5:1 2|5:2 2|41:1 3|29:2 1|37:3 2|39:1 1|11:2 3</relation>
    <relation name="R41" arity="2" nbTuples="9" semantics="soft" defaultCost="infinity">95:3 2|41:2 2|22:2 3|85:1 2|68:1 3|68:3 1|75:2 1|96:1 1|96:3 3</relation>
  </relations>
  <GuiPresentation type="DCOP" benchmark="RandomDCOP" name="instance1" model="TKC" nbAgents="15" domainSize="3" density="40" tightness="0" nbConstraints="42" nbTuples="9" />
</instance>
