<?xml version="1.0" encoding="UTF-8"?>
<instance>
  <presentation name="instance1" type="DisCSP" benchmark="RandomDisCSP" model="Simple" constraintModel="TKC" format="XDisCSP 1.0" />
  <agents nbAgents="10">
    <agent name="A1" id="1" description="agent 1" />
    <agent name="A2" id="2" description="agent 2" />
    <agent name="A3" id="3" description="agent 3" />
    <agent name="A4" id="4" description="agent 4" />
    <agent name="A5" id="5" description="agent 5" />
    <agent name="A6" id="6" description="agent 6" />
    <agent name="A7" id="7" description="agent 7" />
    <agent name="A8" id="8" description="agent 8" />
    <agent name="A9" id="9" description="agent 9" />
    <agent name="A10" id="10" description="agent 10" />
  </agents>
  <domains nbDomains="1">
    <domain name="D1" nbValues="5">1..5</domain>
  </domains>
  <variables nbVariables="10">
    <variable agent="A1" name="X1.1" id="1" domain="D1" description="variable 1.1" />
    <variable agent="A2" name="X2.1" id="1" domain="D1" description="variable 2.1" />
    <variable agent="A3" name="X3.1" id="1" domain="D1" description="variable 3.1" />
    <variable agent="A4" name="X4.1" id="1" domain="D1" description="variable 4.1" />
    <variable agent="A5" name="X5.1" id="1" domain="D1" description="variable 5.1" />
    <variable agent="A6" name="X6.1" id="1" domain="D1" description="variable 6.1" />
    <variable agent="A7" name="X7.1" id="1" domain="D1" description="variable 7.1" />
    <variable agent="A8" name="X8.1" id="1" domain="D1" description="variable 8.1" />
    <variable agent="A9" name="X9.1" id="1" domain="D1" description="variable 9.1" />
    <variable agent="A10" name="X10.1" id="1" domain="D1" description="variable 10.1" />
  </variables>
  <constraints nbConstraints="18">
    <constraint name="C0" model="TKC" arity="2" scope="X1.1 X3.1" reference="R0" />
    <constraint name="C1" model="TKC" arity="2" scope="X1.1 X4.1" reference="R1" />
    <constraint name="C2" model="TKC" arity="2" scope="X1.1 X6.1" reference="R2" />
    <constraint name="C3" model="TKC" arity="2" scope="X1.1 X7.1" reference="R3" />
    <constraint name="C4" model="TKC" arity="2" scope="X1.1 X10.1" reference="R4" />
    <constraint name="C5" model="TKC" arity="2" scope="X2.1 X3.1" reference="R5" />
    <constraint name="C6" model="TKC" arity="2" scope="X2.1 X7.1" reference="R6" />
    <constraint name="C7" model="TKC" arity="2" scope="X3.1 X8.1" reference="R7" />
    <constraint name="C8" model="TKC" arity="2" scope="X3.1 X9.1" reference="R8" />
    <constraint name="C9" model="TKC" arity="2" scope="X4.1 X9.1" reference="R9" />
    <constraint name="C10" model="TKC" arity="2" scope="X4.1 X10.1" reference="R10" />
    <constraint name="C11" model="TKC" arity="2" scope="X5.1 X10.1" reference="R11" />
    <constraint name="C12" model="TKC" arity="2" scope="X5.1 X8.1" reference="R12" />
    <constraint name="C13" model="TKC" arity="2" scope="X5.1 X9.1" reference="R13" />
    <constraint name="C14" model="TKC" arity="2" scope="X6.1 X7.1" reference="R14" />
    <constraint name="C15" model="TKC" arity="2" scope="X7.1 X9.1" reference="R15" />
    <constraint name="C16" model="TKC" arity="2" scope="X8.1 X10.1" reference="R16" />
    <constraint name="C17" model="TKC" arity="2" scope="X8.1 X9.1" reference="R17" />
  </constraints>
  <relations nbRelations="18">
    <relation name="R0" arity="2" nbTuples="10" semantics="conflicts">3 5|3 2|4 2|2 1|4 3|4 4|2 3|2 5|4 5|3 4</relation>
    <relation name="R1" arity="2" nbTuples="10" semantics="conflicts">5 5|4 2|3 3|1 4|3 4|4 1|5 1|5 3|1 5|5 2</relation>
    <relation name="R2" arity="2" nbTuples="10" semantics="conflicts">5 4|2 3|3 2|3 4|1 3|3 5|5 1|4 1|2 1|4 4</relation>
    <relation name="R3" arity="2" nbTuples="10" semantics="conflicts">3 3|2 3|5 3|2 2|1 4|1 2|1 3|4 3|5 5|4 5</relation>
    <relation name="R4" arity="2" nbTuples="10" semantics="conflicts">2 4|3 1|2 5|4 4|2 2|2 1|3 3|3 4|1 3|1 5</relation>
    <relation name="R5" arity="2" nbTuples="10" semantics="conflicts">4 2|2 2|1 2|2 5|5 4|5 2|4 3|2 4|3 5|4 4</relation>
    <relation name="R6" arity="2" nbTuples="10" semantics="conflicts">3 5|1 1|1 4|4 4|5 4|4 3|2 4|4 2|1 3|5 5</relation>
    <relation name="R7" arity="2" nbTuples="10" semantics="conflicts">2 2|2 4|3 4|5 5|5 1|2 5|4 5|3 5|1 5|4 2</relation>
    <relation name="R8" arity="2" nbTuples="10" semantics="conflicts">4 3|2 1|2 2|1 3|4 5|1 5|3 4|5 1|5 3|3 5</relation>
    <relation name="R9" arity="2" nbTuples="10" semantics="conflicts">5 1|1 5|1 1|4 4|3 2|1 3|4 3|1 4|5 2|4 5</relation>
    <relation name="R10" arity="2" nbTuples="10" semantics="conflicts">3 3|4 2|2 1|5 3|1 1|3 1|1 3|4 4|2 4|1 2</relation>
    <relation name="R11" arity="2" nbTuples="10" semantics="conflicts">5 2|2 1|3 4|2 2|2 3|2 4|4 5|3 2|3 1|4 1</relation>
    <relation name="R12" arity="2" nbTuples="10" semantics="conflicts">4 1|5 5|3 4|5 1|5 4|4 3|1 4|2 2|5 2|3 1</relation>
    <relation name="R13" arity="2" nbTuples="10" semantics="conflicts">4 2|1 1|5 5|4 5|3 3|5 2|5 3|2 5|4 1|2 4</relation>
    <relation name="R14" arity="2" nbTuples="10" semantics="conflicts">1 3|2 2|1 5|1 4|4 1|3 3|3 1|1 2|5 4|5 2</relation>
    <relation name="R15" arity="2" nbTuples="10" semantics="conflicts">3 2|4 4|1 1|2 5|2 2|5 3|1 4|3 1|3 3|1 2</relation>
    <relation name="R16" arity="2" nbTuples="10" semantics="conflicts">4 2|2 3|1 4|5 3|1 2|3 3|5 2|1 1|5 4|4 3</relation>
    <relation name="R17" arity="2" nbTuples="10" semantics="conflicts">2 5|5 5|1 5|5 1|3 2|2 1|3 5|1 2|4 3|1 4</relation>
  </relations>
  <GuiPresentation type="DisCSP" benchmark="RandomDisCSP" name="instance2" model="TKC" nbAgents="10" domainSize="5" density="40" tightness="40" nbConstraints="18" nbTuples="10" />
</instance>
