<?xml version="1.0" encoding="UTF-8"?>
<instance>
  <presentation name="instance1" type="DCOP" benchmark="RandomDCOP" model="Simple" constraintModel="TKC" format="XDisCSP 1.0" />
  <agents nbAgents="12">
    <agent name="A1" id="1" description="agent 1" />
    <agent name="A2" id="2" description="agent 2" />
    <agent name="A3" id="3" description="agent 3" />
    <agent name="A4" id="4" description="agent 4" />
    <agent name="A5" id="5" description="agent 5" />
    <agent name="A6" id="6" description="agent 6" />
    <agent name="A7" id="7" description="agent 7" />
    <agent name="A8" id="8" description="agent 8" />
    <agent name="A9" id="9" description="agent 9" />
    <agent name="A10" id="10" description="agent 10" />
    <agent name="A11" id="11" description="agent 11" />
    <agent name="A12" id="12" description="agent 12" />
  </agents>
  <domains nbDomains="1">
    <domain name="D1" nbValues="4">1..4</domain>
  </domains>
  <variables nbVariables="12">
    <variable agent="A1" name="X1.1" id="1" domain="D1" description="variable 1.1" />
    <variable agent="A2" name="X2.1" id="1" domain="D1" description="variable 2.1" />
    <variable agent="A3" name="X3.1" id="1" domain="D1" description="variable 3.1" />
    <variable agent="A4" name="X4.1" id="1" domain="D1" description="variable 4.1" />
    <variable agent="A5" name="X5.1" id="1" domain="D1" description="variable 5.1" />
    <variable agent="A6" name="X6.1" id="1" domain="D1" description="variable 6.1" />
    <variable agent="A7" name="X7.1" id="1" domain="D1" description="variable 7.1" />
    <variable agent="A8" name="X8.1" id="1" domain="D1" description="variable 8.1" />
    <variable agent="A9" name="X9.1" id="1" domain="D1" description="variable 9.1" />
    <variable agent="A10" name="X10.1" id="1" domain="D1" description="variable 10.1" />
    <variable agent="A11" name="X11.1" id="1" domain="D1" description="variable 11.1" />
    <variable agent="A12" name="X12.1" id="1" domain="D1" description="variable 12.1" />
  </variables>
  <constraints nbConstraints="33" initialCost="0" maximalCost="infinity">
    <constraint name="C0" model="TKC" arity="2" scope="X1.1 X12.1" reference="R0" />
    <constraint name="C1" model="TKC" arity="2" scope="X1.1 X3.1" reference="R1" />
    <constraint name="C2" model="TKC" arity="2" scope="X1.1 X4.1" reference="R2" />
    <constraint name="C3" model="TKC" arity="2" scope="X1.1 X5.1" reference="R3" />
    <constraint name="C4" model="TKC" arity="2" scope="X1.1 X8.1" reference="R4" />
    <constraint name="C5" model="TKC" arity="2" scope="X1.1 X9.1" reference="R5" />
    <constraint name="C6" model="TKC" arity="2" scope="X1.1 X11.1" reference="R6" />
    <constraint name="C7" model="TKC" arity="2" scope="X1.1 X10.1" reference="R7" />
    <constraint name="C8" model="TKC" arity="2" scope="X2.1 X12.1" reference="R8" />
    <constraint name="C9" model="TKC" arity="2" scope="X2.1 X5.1" reference="R9" />
    <constraint name="C10" model="TKC" arity="2" scope="X2.1 X6.1" reference="R10" />
    <constraint name="C11" model="TKC" arity="2" scope="X2.1 X11.1" reference="R11" />
    <constraint name="C12" model="TKC" arity="2" scope="X3.1 X12.1" reference="R12" />
    <constraint name="C13" model="TKC" arity="2" scope="X3.1 X5.1" reference="R13" />
    <constraint name="C14" model="TKC" arity="2" scope="X3.1 X11.1" reference="R14" />
    <constraint name="C15" model="TKC" arity="2" scope="X4.1 X12.1" reference="R15" />
    <constraint name="C16" model="TKC" arity="2" scope="X4.1 X5.1" reference="R16" />
    <constraint name="C17" model="TKC" arity="2" scope="X4.1 X10.1" reference="R17" />
    <constraint name="C18" model="TKC" arity="2" scope="X5.1 X6.1" reference="R18" />
    <constraint name="C19" model="TKC" arity="2" scope="X5.1 X12.1" reference="R19" />
    <constraint name="C20" model="TKC" arity="2" scope="X5.1 X10.1" reference="R20" />
    <constraint name="C21" model="TKC" arity="2" scope="X5.1 X7.1" reference="R21" />
    <constraint name="C22" model="TKC" arity="2" scope="X5.1 X9.1" reference="R22" />
    <constraint name="C23" model="TKC" arity="2" scope="X6.1 X11.1" reference="R23" />
    <constraint name="C24" model="TKC" arity="2" scope="X6.1 X10.1" reference="R24" />
    <constraint name="C25" model="TKC" arity="2" scope="X6.1 X7.1" reference="R25" />
    <constraint name="C26" model="TKC" arity="2" scope="X6.1 X9.1" reference="R26" />
    <constraint name="C27" model="TKC" arity="2" scope="X7.1 X12.1" reference="R27" />
    <constraint name="C28" model="TKC" arity="2" scope="X7.1 X8.1" reference="R28" />
    <constraint name="C29" model="TKC" arity="2" scope="X8.1 X11.1" reference="R29" />
    <constraint name="C30" model="TKC" arity="2" scope="X9.1 X12.1" reference="R30" />
    <constraint name="C31" model="TKC" arity="2" scope="X10.1 X11.1" reference="R31" />
    <constraint name="C32" model="TKC" arity="2" scope="X10.1 X12.1" reference="R32" />
  </constraints>
  <relations nbRelations="33">
    <relation name="R0" arity="2" nbTuples="16" semantics="soft" defaultCost="infinity">83:3 2|91:2 4|37:4 1|88:4 2|43:3 1|19:4 3|92:2 1|50:2 3|99:2 2|27:1 2|46:1 4|4:3 3|35:1 3|25:4 4|46:1 1|16:3 4</relation>
    <relation name="R1" arity="2" nbTuples="16" semantics="soft" defaultCost="infinity">7:1 2|24:3 1|38:1 3|76:2 2|6:3 4|40:2 1|86:4 4|39:1 4|76:3 3|13:4 1|16:4 3|70:2 3|51:1 1|59:3 2|20:2 4|33:4 2</relation>
    <relation name="R2" arity="2" nbTuples="16" semantics="soft" defaultCost="infinity">97:1 4|79:2 3|34:2 4|73:4 3|30:4 2|60:1 1|61:3 2|68:3 3|53:1 3|54:3 4|18:4 4|92:4 1|79:2 1|79:3 1|67:1 2|18:2 2</relation>
    <relation name="R3" arity="2" nbTuples="16" semantics="soft" defaultCost="infinity">85:4 4|14:1 2|47:3 3|83:3 2|25:2 1|90:2 3|28:3 4|83:1 3|78:2 4|77:4 3|48:3 1|72:1 1|50:2 2|75:4 1|65:4 2|60:1 4</relation>
    <relation name="R4" arity="2" nbTuples="16" semantics="soft" defaultCost="infinity">81:2 3|7:3 2|80:4 3|55:3 3|64:2 4|93:2 1|7:1 3|18:3 1|65:1 2|15:1 1|49:3 4|2:4 2|18:4 4|83:4 1|42:2 2|59:1 4</relation>
    <relation name="R5" arity="2" nbTuples="16" semantics="soft" defaultCost="infinity">82:3 3|10:4 2|5:3 1|8:1 4|66:2 3|97:2 4|93:1 1|88:4 4|75:1 3|61:2 2|77:3 4|79:4 3|3:3 2|84:4 1|44:2 1|61:1 2</relation>
    <relation name="R6" arity="2" nbTuples="16" semantics="soft" defaultCost="infinity">75:2 2|18:1 1|50:3 4|76:4 4|77:3 2|99:1 2|21:3 3|23:2 3|54:4 3|16:2 4|99:2 1|45:4 2|65:1 4|67:1 3|16:4 1|93:3 1</relation>
    <relation name="R7" arity="2" nbTuples="16" semantics="soft" defaultCost="infinity">66:4 4|47:4 1|34:1 1|28:2 2|70:2 4|17:1 4|53:3 3|60:3 1|8:3 4|15:2 1|35:1 3|19:1 2|51:2 3|23:4 3|9:3 2|11:4 2</relation>
    <relation name="R8" arity="2" nbTuples="16" semantics="soft" defaultCost="infinity">45:3 1|30:1 4|86:3 2|32:3 3|91:2 3|33:3 4|12:4 3|25:1 3|61:4 1|70:2 2|6:2 4|42:2 1|71:4 4|8:1 1|29:1 2|50:4 2</relation>
    <relation name="R9" arity="2" nbTuples="16" semantics="soft" defaultCost="infinity">8:2 1|59:2 3|91:3 2|79:4 2|68:1 1|6:2 4|75:4 3|6:3 3|36:3 4|42:1 2|7:1 3|45:4 4|96:3 1|83:2 2|90:1 4|42:4 1</relation>
    <relation name="R10" arity="2" nbTuples="16" semantics="soft" defaultCost="infinity">76:2 3|56:4 1|40:1 2|49:4 4|89:1 4|37:4 3|75:1 1|51:3 1|2:1 3|81:3 2|83:3 3|26:2 1|89:3 4|53:2 2|62:4 2|12:2 4</relation>
    <relation name="R11" arity="2" nbTuples="16" semantics="soft" defaultCost="infinity">2:1 1|3:3 1|4:3 2|91:2 4|34:3 3|48:2 1|59:3 4|58:2 2|58:4 3|7:1 4|13:4 4|84:4 2|47:1 2|26:2 3|16:4 1|17:1 3</relation>
    <relation name="R12" arity="2" nbTuples="16" semantics="soft" defaultCost="infinity">93:2 1|12:1 2|52:3 2|50:4 1|74:2 3|90:4 3|77:4 4|24:3 1|31:2 2|35:1 3|22:1 4|91:1 1|40:3 3|65:3 4|30:2 4|42:4 2</relation>
    <relation name="R13" arity="2" nbTuples="16" semantics="soft" defaultCost="infinity">54:2 1|53:1 4|50:2 4|22:4 2|48:4 4|46:1 1|12:3 2|90:2 3|72:3 4|47:4 3|87:2 2|33:1 2|1:3 1|5:4 1|83:1 3|48:3 3</relation>
    <relation name="R14" arity="2" nbTuples="16" semantics="soft" defaultCost="infinity">88:1 4|65:3 1|51:1 1|76:3 4|40:2 2|26:3 3|0:4 1|72:2 3|22:1 2|64:1 3|86:4 2|33:2 1|3:4 3|7:2 4|31:3 2|25:4 4</relation>
    <relation name="R15" arity="2" nbTuples="16" semantics="soft" defaultCost="infinity">54:3 3|44:4 2|29:1 3|5:3 4|45:3 2|38:2 3|37:1 1|92:1 4|96:4 4|58:2 4|16:2 1|26:4 1|57:1 2|91:3 1|36:4 3|72:2 2</relation>
    <relation name="R16" arity="2" nbTuples="16" semantics="soft" defaultCost="infinity">53:3 4|49:3 2|32:4 3|80:1 4|87:4 1|97:1 2|0:2 2|64:1 1|14:2 4|77:1 3|63:4 4|49:3 3|47:2 1|32:2 3|67:3 1|10:4 2</relation>
    <relation name="R17" arity="2" nbTuples="16" semantics="soft" defaultCost="infinity">60:3 2|6:2 2|61:1 3|96:3 3|94:4 1|61:2 3|6:3 4|42:4 3|79:1 4|47:4 2|69:1 1|99:2 1|56:2 4|68:1 2|91:3 1|50:4 4</relation>
    <relation name="R18" arity="2" nbTuples="16" semantics="soft" defaultCost="infinity">45:3 1|82:1 1|15:3 2|85:4 4|96:4 3|61:3 4|48:2 1|61:4 2|13:2 2|61:3 3|92:4 1|77:1 3|76:2 4|12:1 4|78:1 2|47:2 3</relation>
    <relation name="R19" arity="2" nbTuples="16" semantics="soft" defaultCost="infinity">69:3 2|16:1 2|91:3 1|96:1 1|85:4 1|44:2 4|21:2 2|64:4 3|67:4 2|28:2 3|43:1 3|1:3 4|82:4 4|82:2 1|18:1 4|39:3 3</relation>
    <relation name="R20" arity="2" nbTuples="16" semantics="soft" defaultCost="infinity">49:4 2|42:1 1|39:2 3|36:4 4|49:2 4|54:3 3|45:4 1|24:3 2|37:2 2|63:1 4|9:2 1|48:1 2|55:3 4|92:3 1|51:4 3|94:1 3</relation>
    <relation name="R21" arity="2" nbTuples="16" semantics="soft" defaultCost="infinity">20:4 1|73:2 4|30:4 2|23:3 3|13:4 3|55:2 1|18:3 2|51:3 4|60:4 4|4:1 4|9:1 3|80:2 2|90:2 3|96:3 1|43:1 2|29:1 1</relation>
    <relation name="R22" arity="2" nbTuples="16" semantics="soft" defaultCost="infinity">59:4 4|57:1 2|76:2 1|66:4 1|33:4 3|6:3 4|23:1 3|6:4 2|86:1 4|46:2 3|77:3 1|65:2 2|33:1 1|81:2 4|61:3 2|93:3 3</relation>
    <relation name="R23" arity="2" nbTuples="16" semantics="soft" defaultCost="infinity">81:2 3|59:4 2|68:1 1|27:3 3|2:4 4|69:1 4|69:2 4|10:4 3|44:3 4|65:2 1|20:1 2|45:3 2|34:4 1|2:2 2|86:3 1|86:1 3</relation>
    <relation name="R24" arity="2" nbTuples="16" semantics="soft" defaultCost="infinity">20:2 2|32:2 3|92:1 1|25:1 4|18:4 3|68:4 4|58:1 2|7:3 4|62:3 3|99:2 4|83:4 2|61:3 1|86:1 3|17:3 2|94:2 1|32:4 1</relation>
    <relation name="R25" arity="2" nbTuples="16" semantics="soft" defaultCost="infinity">91:3 3|46:1 1|74:4 3|65:1 3|6:4 1|52:3 2|40:2 4|24:2 2|52:2 1|2:4 4|37:4 2|70:3 1|68:1 4|22:2 3|90:3 4|16:1 2</relation>
    <relation name="R26" arity="2" nbTuples="16" semantics="soft" defaultCost="infinity">41:4 3|15:4 4|25:3 4|46:2 4|45:1 4|99:1 3|81:1 1|52:3 3|38:3 1|71:2 1|53:1 2|65:2 2|57:4 2|41:4 1|69:3 2|91:2 3</relation>
    <relation name="R27" arity="2" nbTuples="16" semantics="soft" defaultCost="infinity">73:4 2|91:1 3|1:2 4|79:1 4|33:4 1|0:4 3|5:1 1|47:3 2|16:3 3|30:4 4|76:3 4|48:2 3|95:2 2|50:1 2|64:2 1|67:3 1</relation>
    <relation name="R28" arity="2" nbTuples="16" semantics="soft" defaultCost="infinity">98:1 4|69:3 1|57:1 2|12:4 4|68:2 4|78:1 3|61:4 1|70:2 2|40:4 2|78:1 1|33:4 3|16:2 3|82:2 1|66:3 2|17:3 3|19:3 4</relation>
    <relation name="R29" arity="2" nbTuples="16" semantics="soft" defaultCost="infinity">82:4 2|65:2 1|5:3 1|57:1 2|32:3 4|23:3 3|14:2 4|7:4 1|80:2 2|53:1 1|1:4 4|62:2 3|59:3 2|11:1 3|93:1 4|91:4 3</relation>
    <relation name="R30" arity="2" nbTuples="16" semantics="soft" defaultCost="infinity">15:2 4|89:4 2|72:3 2|97:4 1|48:1 4|84:1 3|17:1 2|76:3 3|76:1 1|91:4 3|32:2 1|38:3 1|19:2 3|78:4 4|35:3 4|66:2 2</relation>
    <relation name="R31" arity="2" nbTuples="16" semantics="soft" defaultCost="infinity">64:1 3|86:3 2|38:4 2|44:1 1|4:2 4|23:4 1|96:3 4|38:2 1|31:4 4|78:4 3|59:3 1|15:2 2|84:2 3|76:1 4|77:1 2|13:3 3</relation>
    <relation name="R32" arity="2" nbTuples="16" semantics="soft" defaultCost="infinity">58:3 4|72:1 1|32:2 3|96:1 2|20:4 3|34:1 3|69:2 4|71:1 4|80:4 1|92:4 2|19:3 3|25:4 4|10:3 1|23:3 2|40:2 2|51:2 1</relation>
  </relations>
  <GuiPresentation type="DCOP" benchmark="RandomDCOP" name="instance1" model="TKC" nbAgents="12" domainSize="4" density="50" tightness="0" nbConstraints="33" nbTuples="16" />
</instance>
