<?xml version="1.0" encoding="UTF-8"?>
<instance>
  <presentation name="instance1" type="DCOP" benchmark="RandomDCOP" model="Simple" constraintModel="TKC" format="XDisCSP 1.0" />
  <agents nbAgents="7">
    <agent name="A1" id="1" description="agent 1" />
    <agent name="A2" id="2" description="agent 2" />
    <agent name="A3" id="3" description="agent 3" />
    <agent name="A4" id="4" description="agent 4" />
    <agent name="A5" id="5" description="agent 5" />
    <agent name="A6" id="6" description="agent 6" />
    <agent name="A7" id="7" description="agent 7" />
  </agents>
  <domains nbDomains="1">
    <domain name="D1" nbValues="3">1..3</domain>
  </domains>
  <variables nbVariables="7">
    <variable agent="A1" name="X1.1" id="1" domain="D1" description="variable 1.1" />
    <variable agent="A2" name="X2.1" id="1" domain="D1" description="variable 2.1" />
    <variable agent="A3" name="X3.1" id="1" domain="D1" description="variable 3.1" />
    <variable agent="A4" name="X4.1" id="1" domain="D1" description="variable 4.1" />
    <variable agent="A5" name="X5.1" id="1" domain="D1" description="variable 5.1" />
    <variable agent="A6" name="X6.1" id="1" domain="D1" description="variable 6.1" />
    <variable agent="A7" name="X7.1" id="1" domain="D1" description="variable 7.1" />
  </variables>
  <constraints nbConstraints="10" initialCost="0" maximalCost="infinity">
    <constraint name="C0" model="TKC" arity="2" scope="X1.1 X2.1" reference="R0" />
    <constraint name="C1" model="TKC" arity="2" scope="X2.1 X3.1" reference="R1" />
    <constraint name="C2" model="TKC" arity="2" scope="X2.1 X5.1" reference="R2" />
    <constraint name="C3" model="TKC" arity="2" scope="X2.1 X6.1" reference="R3" />
    <constraint name="C4" model="TKC" arity="2" scope="X2.1 X7.1" reference="R4" />
    <constraint name="C5" model="TKC" arity="2" scope="X3.1 X7.1" reference="R5" />
    <constraint name="C6" model="TKC" arity="2" scope="X4.1 X5.1" reference="R6" />
    <constraint name="C7" model="TKC" arity="2" scope="X5.1 X6.1" reference="R7" />
    <constraint name="C8" model="TKC" arity="2" scope="X5.1 X7.1" reference="R8" />
    <constraint name="C9" model="TKC" arity="2" scope="X6.1 X7.1" reference="R9" />
  </constraints>
  <relations nbRelations="10">
    <relation name="R0" arity="2" nbTuples="9" semantics="soft" defaultCost="infinity">14:2 1|36:3 3|21:1 1|8:3 1|65:3 2|72:1 3|1:2 2|58:1 2|25:2 3</relation>
    <relation name="R1" arity="2" nbTuples="9" semantics="soft" defaultCost="infinity">43:1 1|71:3 1|58:1 3|67:2 3|24:2 1|57:2 2|74:3 2|86:3 3|97:1 2</relation>
    <relation name="R2" arity="2" nbTuples="9" semantics="soft" defaultCost="infinity">96:2 1|92:1 3|52:2 3|48:1 1|82:1 2|77:3 2|82:3 3|46:2 2|33:3 1</relation>
    <relation name="R3" arity="2" nbTuples="9" semantics="soft" defaultCost="infinity">72:2 3|13:3 1|90:2 1|94:1 1|10:1 3|89:2 2|47:3 2|92:1 2|90:3 3</relation>
    <relation name="R4" arity="2" nbTuples="9" semantics="soft" defaultCost="infinity">90:1 3|98:3 3|27:2 1|5:2 2|49:2 3|12:3 1|94:3 2|52:1 1|33:1 2</relation>
    <relation name="R5" arity="2" nbTuples="9" semantics="soft" defaultCost="infinity">3:1 1|24:1 3|49:3 3|46:1 2|8:2 1|86:3 2|22:2 2|19:2 3|97:3 1</relation>
    <relation name="R6" arity="2" nbTuples="9" semantics="soft" defaultCost="infinity">86:3 1|45:3 2|63:2 2|83:1 1|76:1 3|61:2 3|26:1 2|60:3 3|73:2 1</relation>
    <relation name="R7" arity="2" nbTuples="9" semantics="soft" defaultCost="infinity">1:2 2|34:2 3|50:3 1|18:3 2|8:1 1|63:1 3|87:2 1|96:1 2|84:3 3</relation>
    <relation name="R8" arity="2" nbTuples="9" semantics="soft" defaultCost="infinity">3:2 2|81:2 1|45:1 2|41:2 3|29:3 3|8:3 2|25:3 1|26:1 1|5:1 3</relation>
    <relation name="R9" arity="2" nbTuples="9" semantics="soft" defaultCost="infinity">52:3 3|86:1 3|97:1 2|2:2 2|39:3 2|29:2 1|90:2 3|2:1 1|49:3 1</relation>
  </relations>
  <GuiPresentation type="DCOP" benchmark="RandomDCOP" name="instance1" model="TKC" nbAgents="7" domainSize="3" density="50" tightness="0" nbConstraints="10" nbTuples="9" />
</instance>
