<?xml version="1.0" encoding="UTF-8"?>
<instance>
  <presentation name="instance2" type="DCOP" benchmark="RandomDCOP" model="Simple" constraintModel="TKC" format="XDisCSP 1.0" />
  <agents nbAgents="10">
    <agent name="A1" id="1" description="agent 1" />
    <agent name="A2" id="2" description="agent 2" />
    <agent name="A3" id="3" description="agent 3" />
    <agent name="A4" id="4" description="agent 4" />
    <agent name="A5" id="5" description="agent 5" />
    <agent name="A6" id="6" description="agent 6" />
    <agent name="A7" id="7" description="agent 7" />
    <agent name="A8" id="8" description="agent 8" />
    <agent name="A9" id="9" description="agent 9" />
    <agent name="A10" id="10" description="agent 10" />
  </agents>
  <domains nbDomains="1">
    <domain name="D1" nbValues="3">1..3</domain>
  </domains>
  <variables nbVariables="10">
    <variable agent="A1" name="X1.1" id="1" domain="D1" description="variable 1.1" />
    <variable agent="A2" name="X2.1" id="1" domain="D1" description="variable 2.1" />
    <variable agent="A3" name="X3.1" id="1" domain="D1" description="variable 3.1" />
    <variable agent="A4" name="X4.1" id="1" domain="D1" description="variable 4.1" />
    <variable agent="A5" name="X5.1" id="1" domain="D1" description="variable 5.1" />
    <variable agent="A6" name="X6.1" id="1" domain="D1" description="variable 6.1" />
    <variable agent="A7" name="X7.1" id="1" domain="D1" description="variable 7.1" />
    <variable agent="A8" name="X8.1" id="1" domain="D1" description="variable 8.1" />
    <variable agent="A9" name="X9.1" id="1" domain="D1" description="variable 9.1" />
    <variable agent="A10" name="X10.1" id="1" domain="D1" description="variable 10.1" />
  </variables>
  <constraints nbConstraints="9" initialCost="0" maximalCost="infinity">
    <constraint name="C0" model="TKC" arity="2" scope="X1.1 X4.1" reference="R0" />
    <constraint name="C1" model="TKC" arity="2" scope="X1.1 X8.1" reference="R1" />
    <constraint name="C2" model="TKC" arity="2" scope="X2.1 X6.1" reference="R2" />
    <constraint name="C3" model="TKC" arity="2" scope="X3.1 X6.1" reference="R3" />
    <constraint name="C4" model="TKC" arity="2" scope="X4.1 X6.1" reference="R4" />
    <constraint name="C5" model="TKC" arity="2" scope="X4.1 X5.1" reference="R5" />
    <constraint name="C6" model="TKC" arity="2" scope="X7.1 X10.1" reference="R6" />
    <constraint name="C7" model="TKC" arity="2" scope="X7.1 X8.1" reference="R7" />
    <constraint name="C8" model="TKC" arity="2" scope="X8.1 X9.1" reference="R8" />
  </constraints>
  <relations nbRelations="9">
    <relation name="R0" arity="2" nbTuples="9" semantics="soft" defaultCost="infinity">47:2 1|17:3 3|37:3 1|23:2 2|98:3 2|57:1 1|23:2 3|45:1 3|55:1 2</relation>
    <relation name="R1" arity="2" nbTuples="9" semantics="soft" defaultCost="infinity">88:2 2|19:1 2|42:3 3|91:1 1|55:2 3|62:1 3|20:3 2|75:3 1|28:2 1</relation>
    <relation name="R2" arity="2" nbTuples="9" semantics="soft" defaultCost="infinity">75:2 1|52:3 2|97:3 1|65:1 3|87:3 3|96:2 2|72:1 2|49:2 3|37:1 1</relation>
    <relation name="R3" arity="2" nbTuples="9" semantics="soft" defaultCost="infinity">30:3 2|55:2 3|30:1 1|37:2 2|97:3 1|13:3 3|28:1 3|68:1 2|38:2 1</relation>
    <relation name="R4" arity="2" nbTuples="9" semantics="soft" defaultCost="infinity">56:1 1|69:2 2|14:3 3|41:2 1|98:2 3|48:3 1|61:1 3|1:3 2|40:1 2</relation>
    <relation name="R5" arity="2" nbTuples="9" semantics="soft" defaultCost="infinity">43:2 1|21:3 3|99:1 2|91:2 3|36:2 2|99:1 3|47:3 1|77:3 2|17:1 1</relation>
    <relation name="R6" arity="2" nbTuples="9" semantics="soft" defaultCost="infinity">24:2 2|80:1 3|44:2 3|94:1 2|84:3 1|25:1 1|30:3 3|67:3 2|5:2 1</relation>
    <relation name="R7" arity="2" nbTuples="9" semantics="soft" defaultCost="infinity">94:3 1|44:2 3|12:3 3|25:2 2|17:1 3|24:2 1|20:1 1|81:3 2|17:1 2</relation>
    <relation name="R8" arity="2" nbTuples="9" semantics="soft" defaultCost="infinity">23:1 3|79:1 1|68:1 2|65:3 2|50:2 2|36:2 1|23:2 3|10:3 1|18:3 3</relation>
  </relations>
  <GuiPresentation type="DCOP" benchmark="RandomDCOP" name="instance2" model="TKC" nbAgents="10" domainSize="3" density="20" tightness="0" nbConstraints="9" nbTuples="9" />
</instance>
