<?xml version="1.0" encoding="UTF-8"?>
<instance>
  <presentation name="instance1" type="DCOP" benchmark="RandomDCOP" model="Simple" constraintModel="TKC" format="XDisCSP 1.0" />
  <agents nbAgents="24">
    <agent name="A1" id="1" description="agent 1" />
    <agent name="A2" id="2" description="agent 2" />
    <agent name="A3" id="3" description="agent 3" />
    <agent name="A4" id="4" description="agent 4" />
    <agent name="A5" id="5" description="agent 5" />
    <agent name="A6" id="6" description="agent 6" />
    <agent name="A7" id="7" description="agent 7" />
    <agent name="A8" id="8" description="agent 8" />
    <agent name="A9" id="9" description="agent 9" />
    <agent name="A10" id="10" description="agent 10" />
    <agent name="A11" id="11" description="agent 11" />
    <agent name="A12" id="12" description="agent 12" />
    <agent name="A13" id="13" description="agent 13" />
    <agent name="A14" id="14" description="agent 14" />
    <agent name="A15" id="15" description="agent 15" />
    <agent name="A16" id="16" description="agent 16" />
    <agent name="A17" id="17" description="agent 17" />
    <agent name="A18" id="18" description="agent 18" />
    <agent name="A19" id="19" description="agent 19" />
    <agent name="A20" id="20" description="agent 20" />
    <agent name="A21" id="21" description="agent 21" />
    <agent name="A22" id="22" description="agent 22" />
    <agent name="A23" id="23" description="agent 23" />
    <agent name="A24" id="24" description="agent 24" />
  </agents>
  <domains nbDomains="1">
    <domain name="D1" nbValues="3">1..3</domain>
  </domains>
  <variables nbVariables="24">
    <variable agent="A1" name="X1.1" id="1" domain="D1" description="variable 1.1" />
    <variable agent="A2" name="X2.1" id="1" domain="D1" description="variable 2.1" />
    <variable agent="A3" name="X3.1" id="1" domain="D1" description="variable 3.1" />
    <variable agent="A4" name="X4.1" id="1" domain="D1" description="variable 4.1" />
    <variable agent="A5" name="X5.1" id="1" domain="D1" description="variable 5.1" />
    <variable agent="A6" name="X6.1" id="1" domain="D1" description="variable 6.1" />
    <variable agent="A7" name="X7.1" id="1" domain="D1" description="variable 7.1" />
    <variable agent="A8" name="X8.1" id="1" domain="D1" description="variable 8.1" />
    <variable agent="A9" name="X9.1" id="1" domain="D1" description="variable 9.1" />
    <variable agent="A10" name="X10.1" id="1" domain="D1" description="variable 10.1" />
    <variable agent="A11" name="X11.1" id="1" domain="D1" description="variable 11.1" />
    <variable agent="A12" name="X12.1" id="1" domain="D1" description="variable 12.1" />
    <variable agent="A13" name="X13.1" id="1" domain="D1" description="variable 13.1" />
    <variable agent="A14" name="X14.1" id="1" domain="D1" description="variable 14.1" />
    <variable agent="A15" name="X15.1" id="1" domain="D1" description="variable 15.1" />
    <variable agent="A16" name="X16.1" id="1" domain="D1" description="variable 16.1" />
    <variable agent="A17" name="X17.1" id="1" domain="D1" description="variable 17.1" />
    <variable agent="A18" name="X18.1" id="1" domain="D1" description="variable 18.1" />
    <variable agent="A19" name="X19.1" id="1" domain="D1" description="variable 19.1" />
    <variable agent="A20" name="X20.1" id="1" domain="D1" description="variable 20.1" />
    <variable agent="A21" name="X21.1" id="1" domain="D1" description="variable 21.1" />
    <variable agent="A22" name="X22.1" id="1" domain="D1" description="variable 22.1" />
    <variable agent="A23" name="X23.1" id="1" domain="D1" description="variable 23.1" />
    <variable agent="A24" name="X24.1" id="1" domain="D1" description="variable 24.1" />
  </variables>
  <constraints nbConstraints="110" initialCost="0" maximalCost="infinity">
    <constraint name="C0" model="TKC" arity="2" scope="X1.1 X14.1" reference="R0" />
    <constraint name="C1" model="TKC" arity="2" scope="X1.1 X5.1" reference="R1" />
    <constraint name="C2" model="TKC" arity="2" scope="X1.1 X6.1" reference="R2" />
    <constraint name="C3" model="TKC" arity="2" scope="X1.1 X17.1" reference="R3" />
    <constraint name="C4" model="TKC" arity="2" scope="X1.1 X22.1" reference="R4" />
    <constraint name="C5" model="TKC" arity="2" scope="X2.1 X13.1" reference="R5" />
    <constraint name="C6" model="TKC" arity="2" scope="X2.1 X5.1" reference="R6" />
    <constraint name="C7" model="TKC" arity="2" scope="X2.1 X4.1" reference="R7" />
    <constraint name="C8" model="TKC" arity="2" scope="X2.1 X7.1" reference="R8" />
    <constraint name="C9" model="TKC" arity="2" scope="X2.1 X8.1" reference="R9" />
    <constraint name="C10" model="TKC" arity="2" scope="X2.1 X21.1" reference="R10" />
    <constraint name="C11" model="TKC" arity="2" scope="X2.1 X18.1" reference="R11" />
    <constraint name="C12" model="TKC" arity="2" scope="X3.1 X23.1" reference="R12" />
    <constraint name="C13" model="TKC" arity="2" scope="X3.1 X17.1" reference="R13" />
    <constraint name="C14" model="TKC" arity="2" scope="X3.1 X16.1" reference="R14" />
    <constraint name="C15" model="TKC" arity="2" scope="X3.1 X5.1" reference="R15" />
    <constraint name="C16" model="TKC" arity="2" scope="X3.1 X7.1" reference="R16" />
    <constraint name="C17" model="TKC" arity="2" scope="X3.1 X11.1" reference="R17" />
    <constraint name="C18" model="TKC" arity="2" scope="X4.1 X24.1" reference="R18" />
    <constraint name="C19" model="TKC" arity="2" scope="X4.1 X14.1" reference="R19" />
    <constraint name="C20" model="TKC" arity="2" scope="X4.1 X13.1" reference="R20" />
    <constraint name="C21" model="TKC" arity="2" scope="X4.1 X8.1" reference="R21" />
    <constraint name="C22" model="TKC" arity="2" scope="X4.1 X21.1" reference="R22" />
    <constraint name="C23" model="TKC" arity="2" scope="X4.1 X18.1" reference="R23" />
    <constraint name="C24" model="TKC" arity="2" scope="X4.1 X11.1" reference="R24" />
    <constraint name="C25" model="TKC" arity="2" scope="X5.1 X15.1" reference="R25" />
    <constraint name="C26" model="TKC" arity="2" scope="X5.1 X17.1" reference="R26" />
    <constraint name="C27" model="TKC" arity="2" scope="X5.1 X14.1" reference="R27" />
    <constraint name="C28" model="TKC" arity="2" scope="X5.1 X11.1" reference="R28" />
    <constraint name="C29" model="TKC" arity="2" scope="X5.1 X21.1" reference="R29" />
    <constraint name="C30" model="TKC" arity="2" scope="X5.1 X9.1" reference="R30" />
    <constraint name="C31" model="TKC" arity="2" scope="X5.1 X20.1" reference="R31" />
    <constraint name="C32" model="TKC" arity="2" scope="X6.1 X15.1" reference="R32" />
    <constraint name="C33" model="TKC" arity="2" scope="X6.1 X16.1" reference="R33" />
    <constraint name="C34" model="TKC" arity="2" scope="X6.1 X17.1" reference="R34" />
    <constraint name="C35" model="TKC" arity="2" scope="X6.1 X13.1" reference="R35" />
    <constraint name="C36" model="TKC" arity="2" scope="X6.1 X12.1" reference="R36" />
    <constraint name="C37" model="TKC" arity="2" scope="X6.1 X18.1" reference="R37" />
    <constraint name="C38" model="TKC" arity="2" scope="X6.1 X22.1" reference="R38" />
    <constraint name="C39" model="TKC" arity="2" scope="X6.1 X9.1" reference="R39" />
    <constraint name="C40" model="TKC" arity="2" scope="X6.1 X21.1" reference="R40" />
    <constraint name="C41" model="TKC" arity="2" scope="X6.1 X8.1" reference="R41" />
    <constraint name="C42" model="TKC" arity="2" scope="X7.1 X16.1" reference="R42" />
    <constraint name="C43" model="TKC" arity="2" scope="X7.1 X15.1" reference="R43" />
    <constraint name="C44" model="TKC" arity="2" scope="X7.1 X14.1" reference="R44" />
    <constraint name="C45" model="TKC" arity="2" scope="X7.1 X12.1" reference="R45" />
    <constraint name="C46" model="TKC" arity="2" scope="X7.1 X13.1" reference="R46" />
    <constraint name="C47" model="TKC" arity="2" scope="X7.1 X10.1" reference="R47" />
    <constraint name="C48" model="TKC" arity="2" scope="X7.1 X11.1" reference="R48" />
    <constraint name="C49" model="TKC" arity="2" scope="X7.1 X8.1" reference="R49" />
    <constraint name="C50" model="TKC" arity="2" scope="X7.1 X9.1" reference="R50" />
    <constraint name="C51" model="TKC" arity="2" scope="X8.1 X16.1" reference="R51" />
    <constraint name="C52" model="TKC" arity="2" scope="X8.1 X23.1" reference="R52" />
    <constraint name="C53" model="TKC" arity="2" scope="X8.1 X20.1" reference="R53" />
    <constraint name="C54" model="TKC" arity="2" scope="X8.1 X9.1" reference="R54" />
    <constraint name="C55" model="TKC" arity="2" scope="X8.1 X17.1" reference="R55" />
    <constraint name="C56" model="TKC" arity="2" scope="X8.1 X15.1" reference="R56" />
    <constraint name="C57" model="TKC" arity="2" scope="X8.1 X13.1" reference="R57" />
    <constraint name="C58" model="TKC" arity="2" scope="X8.1 X19.1" reference="R58" />
    <constraint name="C59" model="TKC" arity="2" scope="X8.1 X21.1" reference="R59" />
    <constraint name="C60" model="TKC" arity="2" scope="X9.1 X12.1" reference="R60" />
    <constraint name="C61" model="TKC" arity="2" scope="X9.1 X11.1" reference="R61" />
    <constraint name="C62" model="TKC" arity="2" scope="X9.1 X19.1" reference="R62" />
    <constraint name="C63" model="TKC" arity="2" scope="X9.1 X24.1" reference="R63" />
    <constraint name="C64" model="TKC" arity="2" scope="X9.1 X13.1" reference="R64" />
    <constraint name="C65" model="TKC" arity="2" scope="X10.1 X21.1" reference="R65" />
    <constraint name="C66" model="TKC" arity="2" scope="X10.1 X11.1" reference="R66" />
    <constraint name="C67" model="TKC" arity="2" scope="X10.1 X12.1" reference="R67" />
    <constraint name="C68" model="TKC" arity="2" scope="X10.1 X18.1" reference="R68" />
    <constraint name="C69" model="TKC" arity="2" scope="X10.1 X13.1" reference="R69" />
    <constraint name="C70" model="TKC" arity="2" scope="X10.1 X14.1" reference="R70" />
    <constraint name="C71" model="TKC" arity="2" scope="X11.1 X12.1" reference="R71" />
    <constraint name="C72" model="TKC" arity="2" scope="X11.1 X24.1" reference="R72" />
    <constraint name="C73" model="TKC" arity="2" scope="X11.1 X23.1" reference="R73" />
    <constraint name="C74" model="TKC" arity="2" scope="X11.1 X21.1" reference="R74" />
    <constraint name="C75" model="TKC" arity="2" scope="X11.1 X22.1" reference="R75" />
    <constraint name="C76" model="TKC" arity="2" scope="X11.1 X20.1" reference="R76" />
    <constraint name="C77" model="TKC" arity="2" scope="X11.1 X13.1" reference="R77" />
    <constraint name="C78" model="TKC" arity="2" scope="X11.1 X17.1" reference="R78" />
    <constraint name="C79" model="TKC" arity="2" scope="X11.1 X16.1" reference="R79" />
    <constraint name="C80" model="TKC" arity="2" scope="X12.1 X13.1" reference="R80" />
    <constraint name="C81" model="TKC" arity="2" scope="X12.1 X17.1" reference="R81" />
    <constraint name="C82" model="TKC" arity="2" scope="X13.1 X23.1" reference="R82" />
    <constraint name="C83" model="TKC" arity="2" scope="X13.1 X18.1" reference="R83" />
    <constraint name="C84" model="TKC" arity="2" scope="X13.1 X21.1" reference="R84" />
    <constraint name="C85" model="TKC" arity="2" scope="X13.1 X17.1" reference="R85" />
    <constraint name="C86" model="TKC" arity="2" scope="X13.1 X14.1" reference="R86" />
    <constraint name="C87" model="TKC" arity="2" scope="X14.1 X15.1" reference="R87" />
    <constraint name="C88" model="TKC" arity="2" scope="X14.1 X16.1" reference="R88" />
    <constraint name="C89" model="TKC" arity="2" scope="X15.1 X18.1" reference="R89" />
    <constraint name="C90" model="TKC" arity="2" scope="X15.1 X21.1" reference="R90" />
    <constraint name="C91" model="TKC" arity="2" scope="X15.1 X17.1" reference="R91" />
    <constraint name="C92" model="TKC" arity="2" scope="X16.1 X19.1" reference="R92" />
    <constraint name="C93" model="TKC" arity="2" scope="X16.1 X20.1" reference="R93" />
    <constraint name="C94" model="TKC" arity="2" scope="X16.1 X21.1" reference="R94" />
    <constraint name="C95" model="TKC" arity="2" scope="X16.1 X23.1" reference="R95" />
    <constraint name="C96" model="TKC" arity="2" scope="X17.1 X24.1" reference="R96" />
    <constraint name="C97" model="TKC" arity="2" scope="X17.1 X19.1" reference="R97" />
    <constraint name="C98" model="TKC" arity="2" scope="X17.1 X22.1" reference="R98" />
    <constraint name="C99" model="TKC" arity="2" scope="X17.1 X20.1" reference="R99" />
    <constraint name="C100" model="TKC" arity="2" scope="X18.1 X24.1" reference="R100" />
    <constraint name="C101" model="TKC" arity="2" scope="X18.1 X22.1" reference="R101" />
    <constraint name="C102" model="TKC" arity="2" scope="X18.1 X21.1" reference="R102" />
    <constraint name="C103" model="TKC" arity="2" scope="X18.1 X20.1" reference="R103" />
    <constraint name="C104" model="TKC" arity="2" scope="X19.1 X21.1" reference="R104" />
    <constraint name="C105" model="TKC" arity="2" scope="X19.1 X23.1" reference="R105" />
    <constraint name="C106" model="TKC" arity="2" scope="X19.1 X20.1" reference="R106" />
    <constraint name="C107" model="TKC" arity="2" scope="X20.1 X24.1" reference="R107" />
    <constraint name="C108" model="TKC" arity="2" scope="X20.1 X21.1" reference="R108" />
    <constraint name="C109" model="TKC" arity="2" scope="X21.1 X22.1" reference="R109" />
  </constraints>
  <relations nbRelations="110">
    <relation name="R0" arity="2" nbTuples="9" semantics="soft" defaultCost="infinity">83:1 1|36:1 3|85:3 2|71:2 3|52:2 1|30:3 1|7:2 2|76:3 3|20:1 2</relation>
    <relation name="R1" arity="2" nbTuples="9" semantics="soft" defaultCost="infinity">35:3 3|46:1 3|1:2 3|53:1 1|42:2 1|17:3 2|10:2 2|74:1 2|98:3 1</relation>
    <relation name="R2" arity="2" nbTuples="9" semantics="soft" defaultCost="infinity">11:3 1|98:2 1|96:3 3|73:2 2|22:3 2|56:2 3|77:1 1|65:1 3|18:1 2</relation>
    <relation name="R3" arity="2" nbTuples="9" semantics="soft" defaultCost="infinity">51:1 3|40:2 3|91:1 2|44:2 2|81:1 1|84:3 3|66:3 1|45:3 2|84:2 1</relation>
    <relation name="R4" arity="2" nbTuples="9" semantics="soft" defaultCost="infinity">98:2 2|25:1 1|20:3 3|64:1 3|36:1 2|36:3 2|23:2 1|96:3 1|40:2 3</relation>
    <relation name="R5" arity="2" nbTuples="9" semantics="soft" defaultCost="infinity">22:2 1|45:3 3|20:3 2|43:1 2|94:1 1|43:1 3|3:2 2|75:3 1|47:2 3</relation>
    <relation name="R6" arity="2" nbTuples="9" semantics="soft" defaultCost="infinity">20:3 1|82:2 1|49:3 3|64:3 2|48:1 3|43:1 1|8:2 3|26:1 2|55:2 2</relation>
    <relation name="R7" arity="2" nbTuples="9" semantics="soft" defaultCost="infinity">10:1 3|47:3 2|49:3 1|54:3 3|51:1 2|86:2 3|28:1 1|73:2 1|55:2 2</relation>
    <relation name="R8" arity="2" nbTuples="9" semantics="soft" defaultCost="infinity">21:3 1|44:1 2|81:1 1|12:3 2|2:2 1|23:1 3|61:2 3|59:2 2|74:3 3</relation>
    <relation name="R9" arity="2" nbTuples="9" semantics="soft" defaultCost="infinity">80:2 2|54:1 3|95:2 1|10:2 3|51:3 3|74:1 1|30:3 1|10:1 2|35:3 2</relation>
    <relation name="R10" arity="2" nbTuples="9" semantics="soft" defaultCost="infinity">8:2 1|45:2 3|86:1 1|48:3 2|59:3 3|39:2 2|93:1 2|79:1 3|67:3 1</relation>
    <relation name="R11" arity="2" nbTuples="9" semantics="soft" defaultCost="infinity">64:3 3|46:3 1|64:2 1|62:1 2|4:2 2|7:1 1|32:3 2|12:2 3|56:1 3</relation>
    <relation name="R12" arity="2" nbTuples="9" semantics="soft" defaultCost="infinity">15:3 3|94:2 2|53:1 3|12:2 1|72:1 1|26:1 2|66:2 3|33:3 1|47:3 2</relation>
    <relation name="R13" arity="2" nbTuples="9" semantics="soft" defaultCost="infinity">63:1 3|81:2 2|38:1 1|6:2 3|42:3 3|49:3 2|97:3 1|47:1 2|44:2 1</relation>
    <relation name="R14" arity="2" nbTuples="9" semantics="soft" defaultCost="infinity">91:3 3|73:2 3|29:2 2|44:1 1|50:3 2|62:1 2|60:1 3|64:2 1|25:3 1</relation>
    <relation name="R15" arity="2" nbTuples="9" semantics="soft" defaultCost="infinity">73:3 2|36:1 1|43:1 3|41:2 3|48:3 3|25:2 1|49:3 1|64:1 2|70:2 2</relation>
    <relation name="R16" arity="2" nbTuples="9" semantics="soft" defaultCost="infinity">1:1 3|92:3 3|87:2 3|7:2 1|33:3 1|68:2 2|71:1 1|95:1 2|22:3 2</relation>
    <relation name="R17" arity="2" nbTuples="9" semantics="soft" defaultCost="infinity">14:2 1|41:1 2|68:1 3|7:3 3|60:3 1|57:3 2|41:2 2|33:1 1|15:2 3</relation>
    <relation name="R18" arity="2" nbTuples="9" semantics="soft" defaultCost="infinity">31:1 2|60:2 2|80:3 3|40:3 1|67:3 2|7:2 3|19:2 1|11:1 3|23:1 1</relation>
    <relation name="R19" arity="2" nbTuples="9" semantics="soft" defaultCost="infinity">64:3 3|5:1 2|27:2 2|69:1 3|10:2 3|97:3 1|92:2 1|61:3 2|22:1 1</relation>
    <relation name="R20" arity="2" nbTuples="9" semantics="soft" defaultCost="infinity">13:2 1|63:1 2|30:3 2|26:3 1|87:3 3|82:1 1|84:2 2|71:1 3|48:2 3</relation>
    <relation name="R21" arity="2" nbTuples="9" semantics="soft" defaultCost="infinity">5:1 3|16:2 3|48:1 1|65:1 2|13:2 1|74:2 2|86:3 2|81:3 3|42:3 1</relation>
    <relation name="R22" arity="2" nbTuples="9" semantics="soft" defaultCost="infinity">95:1 3|67:2 3|64:1 2|59:1 1|51:3 1|3:3 3|95:2 1|12:2 2|97:3 2</relation>
    <relation name="R23" arity="2" nbTuples="9" semantics="soft" defaultCost="infinity">6:1 3|39:2 2|43:1 2|63:3 3|51:2 1|19:2 3|33:3 1|3:1 1|69:3 2</relation>
    <relation name="R24" arity="2" nbTuples="9" semantics="soft" defaultCost="infinity">5:3 3|15:1 3|6:3 2|56:2 1|73:2 3|36:2 2|35:1 2|5:1 1|15:3 1</relation>
    <relation name="R25" arity="2" nbTuples="9" semantics="soft" defaultCost="infinity">77:1 3|29:1 1|73:3 2|93:1 2|34:3 3|6:2 3|71:3 1|5:2 2|16:2 1</relation>
    <relation name="R26" arity="2" nbTuples="9" semantics="soft" defaultCost="infinity">53:3 1|73:2 2|37:3 3|74:1 3|29:1 2|73:3 2|21:2 1|96:1 1|42:2 3</relation>
    <relation name="R27" arity="2" nbTuples="9" semantics="soft" defaultCost="infinity">83:1 1|75:1 3|86:2 2|95:3 3|46:2 3|1:1 2|55:3 2|99:3 1|77:2 1</relation>
    <relation name="R28" arity="2" nbTuples="9" semantics="soft" defaultCost="infinity">57:1 1|74:2 3|13:2 2|37:1 2|82:1 3|24:3 3|99:2 1|20:3 1|15:3 2</relation>
    <relation name="R29" arity="2" nbTuples="9" semantics="soft" defaultCost="infinity">52:2 2|38:3 1|39:1 1|84:2 1|98:2 3|14:3 2|33:1 3|92:1 2|70:3 3</relation>
    <relation name="R30" arity="2" nbTuples="9" semantics="soft" defaultCost="infinity">92:1 2|1:3 2|95:3 1|2:1 3|42:2 2|40:2 3|72:2 1|11:1 1|69:3 3</relation>
    <relation name="R31" arity="2" nbTuples="9" semantics="soft" defaultCost="infinity">16:3 2|45:1 3|59:3 3|31:2 2|37:3 1|7:2 3|21:1 2|55:2 1|47:1 1</relation>
    <relation name="R32" arity="2" nbTuples="9" semantics="soft" defaultCost="infinity">45:3 1|88:2 2|50:3 3|69:1 2|45:3 2|20:1 3|85:2 3|72:2 1|27:1 1</relation>
    <relation name="R33" arity="2" nbTuples="9" semantics="soft" defaultCost="infinity">34:3 2|73:3 3|95:2 3|94:3 1|99:1 3|45:1 1|18:2 1|64:1 2|61:2 2</relation>
    <relation name="R34" arity="2" nbTuples="9" semantics="soft" defaultCost="infinity">66:3 1|5:3 2|58:2 1|40:2 3|80:3 3|37:1 2|63:2 2|55:1 3|81:1 1</relation>
    <relation name="R35" arity="2" nbTuples="9" semantics="soft" defaultCost="infinity">38:2 2|18:1 1|91:3 1|6:2 1|32:2 3|23:3 3|8:1 3|53:3 2|45:1 2</relation>
    <relation name="R36" arity="2" nbTuples="9" semantics="soft" defaultCost="infinity">78:3 2|98:2 1|35:2 3|87:1 2|12:1 3|9:3 3|28:2 2|44:3 1|42:1 1</relation>
    <relation name="R37" arity="2" nbTuples="9" semantics="soft" defaultCost="infinity">6:3 1|89:2 3|26:1 3|25:2 2|20:1 2|23:2 1|92:1 1|61:3 3|23:3 2</relation>
    <relation name="R38" arity="2" nbTuples="9" semantics="soft" defaultCost="infinity">48:3 1|89:1 3|79:1 1|28:2 3|89:3 2|67:1 2|51:2 1|76:2 2|92:3 3</relation>
    <relation name="R39" arity="2" nbTuples="9" semantics="soft" defaultCost="infinity">61:1 2|61:3 2|16:1 3|5:2 2|35:2 1|70:1 1|63:3 3|28:2 3|97:3 1</relation>
    <relation name="R40" arity="2" nbTuples="9" semantics="soft" defaultCost="infinity">35:2 3|98:2 1|25:1 2|19:3 3|39:1 1|57:2 2|5:3 2|51:3 1|73:1 3</relation>
    <relation name="R41" arity="2" nbTuples="9" semantics="soft" defaultCost="infinity">72:2 2|35:3 2|71:1 1|44:2 1|45:1 2|81:3 3|38:1 3|43:2 3|59:3 1</relation>
    <relation name="R42" arity="2" nbTuples="9" semantics="soft" defaultCost="infinity">0:2 1|79:1 1|13:3 1|81:1 2|53:3 2|95:2 2|2:3 3|12:1 3|40:2 3</relation>
    <relation name="R43" arity="2" nbTuples="9" semantics="soft" defaultCost="infinity">23:2 3|43:2 1|24:3 3|45:1 1|99:1 3|95:3 2|65:3 1|49:1 2|51:2 2</relation>
    <relation name="R44" arity="2" nbTuples="9" semantics="soft" defaultCost="infinity">70:1 2|55:3 2|14:2 2|23:3 1|76:3 3|35:1 1|2:1 3|70:2 1|74:2 3</relation>
    <relation name="R45" arity="2" nbTuples="9" semantics="soft" defaultCost="infinity">40:2 1|91:1 1|18:3 3|97:3 2|97:3 1|46:2 3|87:2 2|12:1 3|84:1 2</relation>
    <relation name="R46" arity="2" nbTuples="9" semantics="soft" defaultCost="infinity">59:3 2|20:3 1|40:3 3|62:2 2|13:1 1|59:2 3|83:2 1|24:1 3|47:1 2</relation>
    <relation name="R47" arity="2" nbTuples="9" semantics="soft" defaultCost="infinity">16:2 3|44:2 1|69:2 2|34:3 1|0:1 1|49:3 3|62:1 2|12:1 3|50:3 2</relation>
    <relation name="R48" arity="2" nbTuples="9" semantics="soft" defaultCost="infinity">99:1 3|62:3 3|64:3 2|91:2 1|99:2 3|77:3 1|56:2 2|96:1 1|16:1 2</relation>
    <relation name="R49" arity="2" nbTuples="9" semantics="soft" defaultCost="infinity">38:1 3|74:2 2|62:3 1|36:3 2|97:3 3|16:1 1|69:2 1|55:1 2|83:2 3</relation>
    <relation name="R50" arity="2" nbTuples="9" semantics="soft" defaultCost="infinity">62:1 1|18:3 3|27:1 2|17:2 1|91:2 2|83:3 1|18:2 3|46:3 2|60:1 3</relation>
    <relation name="R51" arity="2" nbTuples="9" semantics="soft" defaultCost="infinity">80:1 3|12:1 1|97:1 2|87:3 3|90:2 1|70:3 1|78:3 2|54:2 2|87:2 3</relation>
    <relation name="R52" arity="2" nbTuples="9" semantics="soft" defaultCost="infinity">30:2 1|38:3 2|74:2 3|26:1 1|73:3 3|45:1 2|31:1 3|79:2 2|56:3 1</relation>
    <relation name="R53" arity="2" nbTuples="9" semantics="soft" defaultCost="infinity">54:1 1|82:2 1|38:3 2|7:3 3|67:3 1|12:1 3|81:2 3|23:1 2|81:2 2</relation>
    <relation name="R54" arity="2" nbTuples="9" semantics="soft" defaultCost="infinity">91:1 2|19:2 3|84:3 1|32:1 3|22:3 3|36:1 1|62:3 2|63:2 1|15:2 2</relation>
    <relation name="R55" arity="2" nbTuples="9" semantics="soft" defaultCost="infinity">54:2 1|55:1 3|51:3 2|62:1 1|92:1 2|90:3 3|92:3 1|51:2 3|25:2 2</relation>
    <relation name="R56" arity="2" nbTuples="9" semantics="soft" defaultCost="infinity">92:1 3|81:2 2|64:3 3|29:1 1|76:3 2|16:1 2|15:2 1|96:2 3|86:3 1</relation>
    <relation name="R57" arity="2" nbTuples="9" semantics="soft" defaultCost="infinity">77:3 2|32:2 1|87:1 3|96:2 2|46:3 1|66:1 1|98:3 3|61:2 3|78:1 2</relation>
    <relation name="R58" arity="2" nbTuples="9" semantics="soft" defaultCost="infinity">8:1 1|12:3 1|48:1 3|81:1 2|78:3 3|76:3 2|95:2 1|94:2 2|54:2 3</relation>
    <relation name="R59" arity="2" nbTuples="9" semantics="soft" defaultCost="infinity">41:3 2|56:1 3|96:3 1|58:2 2|20:3 3|19:2 1|68:2 3|44:1 2|53:1 1</relation>
    <relation name="R60" arity="2" nbTuples="9" semantics="soft" defaultCost="infinity">0:2 3|12:2 2|73:1 1|21:1 3|27:3 2|74:2 1|61:3 1|39:3 3|45:1 2</relation>
    <relation name="R61" arity="2" nbTuples="9" semantics="soft" defaultCost="infinity">5:2 2|21:3 3|95:1 1|64:3 1|99:2 1|45:1 2|14:2 3|53:3 2|59:1 3</relation>
    <relation name="R62" arity="2" nbTuples="9" semantics="soft" defaultCost="infinity">36:1 3|39:2 2|90:2 3|21:1 1|98:3 2|73:1 2|57:3 3|37:3 1|25:2 1</relation>
    <relation name="R63" arity="2" nbTuples="9" semantics="soft" defaultCost="infinity">11:3 3|94:2 1|96:1 1|11:2 2|74:1 2|80:3 1|28:2 3|35:1 3|3:3 2</relation>
    <relation name="R64" arity="2" nbTuples="9" semantics="soft" defaultCost="infinity">77:3 3|57:1 3|15:1 1|60:2 1|36:3 2|97:3 1|37:2 3|90:1 2|98:2 2</relation>
    <relation name="R65" arity="2" nbTuples="9" semantics="soft" defaultCost="infinity">75:3 1|14:2 3|17:3 3|38:2 1|37:2 2|50:3 2|75:1 2|60:1 1|51:1 3</relation>
    <relation name="R66" arity="2" nbTuples="9" semantics="soft" defaultCost="infinity">99:2 1|11:1 2|82:2 2|20:3 3|80:3 1|17:1 1|24:1 3|4:2 3|76:3 2</relation>
    <relation name="R67" arity="2" nbTuples="9" semantics="soft" defaultCost="infinity">47:2 2|9:3 2|55:3 3|87:1 3|71:2 1|78:1 1|47:2 3|62:3 1|12:1 2</relation>
    <relation name="R68" arity="2" nbTuples="9" semantics="soft" defaultCost="infinity">27:3 3|66:1 2|18:3 2|69:2 3|30:2 2|13:3 1|29:1 3|94:2 1|8:1 1</relation>
    <relation name="R69" arity="2" nbTuples="9" semantics="soft" defaultCost="infinity">91:2 1|75:2 3|94:1 1|10:1 3|55:3 2|46:1 2|87:3 3|28:3 1|50:2 2</relation>
    <relation name="R70" arity="2" nbTuples="9" semantics="soft" defaultCost="infinity">21:2 3|2:3 2|3:3 3|95:3 1|87:1 1|9:2 2|84:2 1|61:1 2|73:1 3</relation>
    <relation name="R71" arity="2" nbTuples="9" semantics="soft" defaultCost="infinity">8:1 2|3:1 3|30:3 1|73:2 1|70:3 2|36:1 1|32:3 3|38:2 3|64:2 2</relation>
    <relation name="R72" arity="2" nbTuples="9" semantics="soft" defaultCost="infinity">87:2 3|31:2 1|91:2 2|6:3 3|2:3 1|47:1 1|29:3 2|70:1 2|39:1 3</relation>
    <relation name="R73" arity="2" nbTuples="9" semantics="soft" defaultCost="infinity">27:1 2|74:2 2|71:3 1|64:3 2|4:3 3|24:1 3|95:2 3|59:2 1|74:1 1</relation>
    <relation name="R74" arity="2" nbTuples="9" semantics="soft" defaultCost="infinity">56:1 2|29:3 1|55:3 3|32:2 1|66:1 1|99:2 2|26:2 3|43:1 3|34:3 2</relation>
    <relation name="R75" arity="2" nbTuples="9" semantics="soft" defaultCost="infinity">90:3 3|73:1 3|3:2 2|9:1 1|9:3 2|90:1 2|99:2 3|93:3 1|81:2 1</relation>
    <relation name="R76" arity="2" nbTuples="9" semantics="soft" defaultCost="infinity">31:1 3|58:2 2|75:2 3|90:3 3|28:1 2|12:3 2|46:2 1|11:1 1|70:3 1</relation>
    <relation name="R77" arity="2" nbTuples="9" semantics="soft" defaultCost="infinity">14:1 1|76:3 3|70:1 3|47:2 1|80:2 3|41:3 2|88:2 2|95:3 1|36:1 2</relation>
    <relation name="R78" arity="2" nbTuples="9" semantics="soft" defaultCost="infinity">62:3 1|35:2 3|29:3 3|47:3 2|44:2 2|17:1 2|52:2 1|27:1 1|27:1 3</relation>
    <relation name="R79" arity="2" nbTuples="9" semantics="soft" defaultCost="infinity">19:2 2|66:2 3|90:1 2|25:2 1|1:1 3|5:3 2|42:3 3|12:1 1|54:3 1</relation>
    <relation name="R80" arity="2" nbTuples="9" semantics="soft" defaultCost="infinity">31:3 3|53:1 2|46:3 1|71:2 3|14:2 1|43:1 3|29:1 1|76:2 2|85:3 2</relation>
    <relation name="R81" arity="2" nbTuples="9" semantics="soft" defaultCost="infinity">2:1 2|59:2 2|25:2 1|81:3 3|89:3 2|44:2 3|81:1 1|17:3 1|72:1 3</relation>
    <relation name="R82" arity="2" nbTuples="9" semantics="soft" defaultCost="infinity">53:1 2|7:1 3|13:2 1|31:1 1|5:3 1|63:3 2|64:2 2|90:2 3|15:3 3</relation>
    <relation name="R83" arity="2" nbTuples="9" semantics="soft" defaultCost="infinity">84:2 3|50:1 1|62:3 3|90:3 2|60:3 1|12:2 1|54:1 2|20:1 3|28:2 2</relation>
    <relation name="R84" arity="2" nbTuples="9" semantics="soft" defaultCost="infinity">55:3 2|56:1 3|92:2 2|99:2 1|35:1 1|14:3 3|58:2 3|9:3 1|15:1 2</relation>
    <relation name="R85" arity="2" nbTuples="9" semantics="soft" defaultCost="infinity">37:1 2|57:3 3|41:3 2|20:1 3|52:1 1|42:2 1|92:2 3|12:2 2|50:3 1</relation>
    <relation name="R86" arity="2" nbTuples="9" semantics="soft" defaultCost="infinity">94:2 3|84:1 2|55:2 1|4:3 3|85:3 1|26:3 2|48:1 1|90:1 3|67:2 2</relation>
    <relation name="R87" arity="2" nbTuples="9" semantics="soft" defaultCost="infinity">40:3 2|46:2 3|73:1 1|13:3 1|6:3 3|82:1 2|76:1 3|93:2 1|48:2 2</relation>
    <relation name="R88" arity="2" nbTuples="9" semantics="soft" defaultCost="infinity">29:1 3|22:2 1|53:3 1|10:2 3|28:1 1|71:3 3|55:1 2|36:2 2|72:3 2</relation>
    <relation name="R89" arity="2" nbTuples="9" semantics="soft" defaultCost="infinity">27:2 1|47:1 1|78:3 3|49:3 1|62:3 2|47:1 3|8:2 3|13:2 2|41:1 2</relation>
    <relation name="R90" arity="2" nbTuples="9" semantics="soft" defaultCost="infinity">33:3 1|45:2 3|84:3 3|98:2 2|0:1 2|37:2 1|27:1 3|73:3 2|57:1 1</relation>
    <relation name="R91" arity="2" nbTuples="9" semantics="soft" defaultCost="infinity">15:1 1|98:2 1|33:1 2|19:2 3|17:3 1|17:3 3|61:3 2|24:1 3|41:2 2</relation>
    <relation name="R92" arity="2" nbTuples="9" semantics="soft" defaultCost="infinity">46:1 2|8:2 3|45:2 2|47:1 1|81:2 1|5:1 3|98:3 2|44:3 1|69:3 3</relation>
    <relation name="R93" arity="2" nbTuples="9" semantics="soft" defaultCost="infinity">51:1 1|17:1 2|68:2 3|89:3 2|53:3 1|76:3 3|51:2 1|10:1 3|36:2 2</relation>
    <relation name="R94" arity="2" nbTuples="9" semantics="soft" defaultCost="infinity">43:2 1|19:3 2|0:3 1|6:1 2|18:3 3|80:1 3|9:2 3|20:1 1|94:2 2</relation>
    <relation name="R95" arity="2" nbTuples="9" semantics="soft" defaultCost="infinity">96:3 2|53:2 1|11:3 3|56:1 2|53:3 1|1:1 1|5:2 3|7:2 2|95:1 3</relation>
    <relation name="R96" arity="2" nbTuples="9" semantics="soft" defaultCost="infinity">79:1 1|44:3 2|80:2 2|71:1 3|47:1 2|83:2 1|80:3 3|62:3 1|6:2 3</relation>
    <relation name="R97" arity="2" nbTuples="9" semantics="soft" defaultCost="infinity">16:1 2|81:1 3|25:2 2|44:3 2|54:1 1|7:3 3|62:2 1|54:3 1|39:2 3</relation>
    <relation name="R98" arity="2" nbTuples="9" semantics="soft" defaultCost="infinity">80:2 1|70:2 3|3:1 2|62:1 1|9:3 1|19:3 2|80:1 3|18:3 3|94:2 2</relation>
    <relation name="R99" arity="2" nbTuples="9" semantics="soft" defaultCost="infinity">71:1 2|81:1 3|53:3 3|7:3 1|7:2 3|10:3 2|40:2 2|77:2 1|12:1 1</relation>
    <relation name="R100" arity="2" nbTuples="9" semantics="soft" defaultCost="infinity">50:2 3|24:1 1|2:3 2|18:2 2|61:2 1|59:3 3|82:3 1|7:1 3|26:1 2</relation>
    <relation name="R101" arity="2" nbTuples="9" semantics="soft" defaultCost="infinity">33:1 1|67:2 2|18:2 1|81:3 1|7:1 3|41:3 3|5:1 2|62:3 2|37:2 3</relation>
    <relation name="R102" arity="2" nbTuples="9" semantics="soft" defaultCost="infinity">24:1 1|78:1 2|68:3 3|25:2 1|5:2 3|80:1 3|17:2 2|69:3 1|4:3 2</relation>
    <relation name="R103" arity="2" nbTuples="9" semantics="soft" defaultCost="infinity">55:3 1|96:2 1|11:3 2|82:2 3|4:2 2|8:1 1|11:3 3|52:1 2|70:1 3</relation>
    <relation name="R104" arity="2" nbTuples="9" semantics="soft" defaultCost="infinity">52:3 3|94:1 2|66:2 2|26:2 3|37:3 1|8:1 1|95:1 3|67:3 2|26:2 1</relation>
    <relation name="R105" arity="2" nbTuples="9" semantics="soft" defaultCost="infinity">63:1 1|36:3 1|51:1 3|3:2 3|37:2 2|38:3 3|53:2 1|21:3 2|6:1 2</relation>
    <relation name="R106" arity="2" nbTuples="9" semantics="soft" defaultCost="infinity">87:3 1|32:1 2|63:2 3|84:1 1|80:3 2|5:2 1|2:2 2|65:3 3|83:1 3</relation>
    <relation name="R107" arity="2" nbTuples="9" semantics="soft" defaultCost="infinity">15:1 2|86:1 3|72:2 3|98:3 1|20:2 2|53:3 2|69:2 1|79:3 3|73:1 1</relation>
    <relation name="R108" arity="2" nbTuples="9" semantics="soft" defaultCost="infinity">61:1 2|35:2 2|88:2 3|44:2 1|45:1 1|92:3 3|18:3 2|27:3 1|19:1 3</relation>
    <relation name="R109" arity="2" nbTuples="9" semantics="soft" defaultCost="infinity">40:2 3|14:2 2|50:2 1|29:1 1|77:3 2|54:3 1|15:1 3|60:1 2|94:3 3</relation>
  </relations>
  <GuiPresentation type="DCOP" benchmark="RandomDCOP" name="instance1" model="TKC" nbAgents="24" domainSize="3" density="40" tightness="0" nbConstraints="110" nbTuples="9" />
</instance>
