<?xml version="1.0" encoding="UTF-8"?>
<instance>
  <presentation name="instance2" type="DCOP" benchmark="RandomDCOP" model="Simple" constraintModel="TKC" format="XDisCSP 1.0" />
  <agents nbAgents="7">
    <agent name="A1" id="1" description="agent 1" />
    <agent name="A2" id="2" description="agent 2" />
    <agent name="A3" id="3" description="agent 3" />
    <agent name="A4" id="4" description="agent 4" />
    <agent name="A5" id="5" description="agent 5" />
    <agent name="A6" id="6" description="agent 6" />
    <agent name="A7" id="7" description="agent 7" />
  </agents>
  <domains nbDomains="1">
    <domain name="D1" nbValues="10">1..10</domain>
  </domains>
  <variables nbVariables="7">
    <variable agent="A1" name="X1.1" id="1" domain="D1" description="variable 1.1" />
    <variable agent="A2" name="X2.1" id="1" domain="D1" description="variable 2.1" />
    <variable agent="A3" name="X3.1" id="1" domain="D1" description="variable 3.1" />
    <variable agent="A4" name="X4.1" id="1" domain="D1" description="variable 4.1" />
    <variable agent="A5" name="X5.1" id="1" domain="D1" description="variable 5.1" />
    <variable agent="A6" name="X6.1" id="1" domain="D1" description="variable 6.1" />
    <variable agent="A7" name="X7.1" id="1" domain="D1" description="variable 7.1" />
  </variables>
  <constraints nbConstraints="10" initialCost="0" maximalCost="infinity">
    <constraint name="C0" model="TKC" arity="2" scope="X1.1 X2.1" reference="R0" />
    <constraint name="C1" model="TKC" arity="2" scope="X1.1 X3.1" reference="R1" />
    <constraint name="C2" model="TKC" arity="2" scope="X2.1 X3.1" reference="R2" />
    <constraint name="C3" model="TKC" arity="2" scope="X2.1 X4.1" reference="R3" />
    <constraint name="C4" model="TKC" arity="2" scope="X2.1 X6.1" reference="R4" />
    <constraint name="C5" model="TKC" arity="2" scope="X3.1 X6.1" reference="R5" />
    <constraint name="C6" model="TKC" arity="2" scope="X3.1 X5.1" reference="R6" />
    <constraint name="C7" model="TKC" arity="2" scope="X3.1 X7.1" reference="R7" />
    <constraint name="C8" model="TKC" arity="2" scope="X4.1 X6.1" reference="R8" />
    <constraint name="C9" model="TKC" arity="2" scope="X4.1 X7.1" reference="R9" />
  </constraints>
  <relations nbRelations="10">
    <relation name="R0" arity="2" nbTuples="100" semantics="soft" defaultCost="infinity">55:5 10|63:2 4|62:3 1|18:7 8|81:4 7|59:3 6|85:10 5|8:5 2|17:6 3|25:6 7|64:3 2|0:6 4|34:9 4|85:9 1|61:10 9|53:3 7|34:4 5|66:9 7|85:6 6|9:7 5|26:2 6|93:4 10|62:6 2|47:1 8|46:5 3|22:9 5|54:6 5|64:10 2|59:5 5|79:2 5|51:10 1|48:7 2|50:7 7|46:3 5|71:10 7|79:7 6|71:3 3|52:5 4|34:8 7|54:6 1|17:4 9|86:8 5|17:4 2|45:1 3|63:4 3|20:10 10|51:4 8|53:2 10|6:10 4|58:9 8|79:2 9|48:2 7|39:3 10|96:6 9|95:9 2|25:8 1|59:1 7|39:9 6|36:10 8|83:8 6|18:4 6|57:6 10|93:1 10|51:9 10|82:7 1|35:3 4|55:6 8|12:5 7|3:2 2|6:8 3|91:2 1|4:1 9|58:7 10|56:1 5|96:1 6|18:8 4|60:4 4|85:8 2|8:5 9|19:7 3|94:8 9|8:10 3|8:7 9|95:1 2|4:1 4|85:8 8|43:3 9|75:1 1|8:10 6|39:2 8|77:8 10|94:5 8|89:7 4|81:5 6|17:2 3|6:9 9|26:4 1|50:5 1|5:3 8|97:9 3</relation>
    <relation name="R1" arity="2" nbTuples="100" semantics="soft" defaultCost="infinity">64:7 3|82:3 1|98:4 1|81:2 6|68:5 3|17:1 6|91:9 6|22:2 1|57:8 10|5:1 1|43:1 7|1:6 5|49:10 3|36:9 3|69:1 3|38:3 4|1:8 8|57:6 3|20:10 6|88:9 5|91:7 9|89:2 9|34:7 2|15:6 7|62:8 1|81:9 7|8:2 2|69:5 8|4:5 1|77:7 10|87:5 2|0:8 9|55:3 9|87:1 10|40:3 7|86:3 5|32:3 6|65:10 2|53:2 10|27:6 2|19:9 8|94:7 5|93:4 7|91:3 2|80:7 7|85:1 8|79:10 4|37:7 8|7:10 8|16:8 6|51:9 1|84:5 7|0:4 9|29:6 9|82:7 1|33:1 2|28:5 6|96:6 6|70:6 10|54:3 8|1:1 4|87:8 4|68:2 5|80:3 3|33:3 10|68:2 3|32:9 9|69:4 3|39:6 8|50:8 2|67:5 9|59:4 8|16:10 9|59:2 8|68:6 4|38:5 5|27:4 2|91:6 1|94:10 7|17:8 3|25:4 5|19:10 5|83:4 4|90:8 7|29:9 2|70:5 10|64:10 1|29:10 10|24:1 5|87:5 4|37:7 4|97:4 6|6:4 10|53:9 4|13:8 5|6:1 9|78:2 7|21:7 6|72:9 10|18:2 4</relation>
    <relation name="R2" arity="2" nbTuples="100" semantics="soft" defaultCost="infinity">87:1 8|80:3 7|43:3 9|23:3 2|8:3 6|91:4 9|67:2 10|4:6 8|73:2 2|39:10 10|36:9 1|48:5 5|44:4 4|26:6 1|58:8 7|24:9 2|76:6 2|29:8 6|64:9 8|59:6 6|55:1 2|54:1 7|26:8 4|95:4 10|92:9 6|80:7 1|4:6 7|54:2 6|93:4 3|2:1 10|80:5 3|30:7 10|33:2 5|23:10 5|95:10 4|84:3 3|40:9 4|35:10 3|12:3 1|96:8 1|14:8 8|76:6 10|6:4 7|71:8 3|75:5 2|21:7 9|86:7 3|35:9 7|36:9 5|50:4 2|91:5 1|74:1 9|7:8 9|60:3 5|60:2 1|99:6 3|43:1 5|90:10 8|81:5 8|99:9 10|92:7 8|75:5 9|9:2 3|85:3 4|52:7 7|48:5 7|44:3 10|97:7 6|35:5 6|80:10 7|15:4 8|12:10 2|34:10 9|98:4 1|35:10 6|38:6 4|65:3 8|52:7 4|61:2 4|66:1 4|49:2 8|79:7 5|92:7 2|73:2 9|6:6 9|36:5 4|68:9 3|62:8 10|49:8 5|68:6 5|32:4 5|99:2 7|47:4 6|69:1 1|85:9 9|83:8 2|91:10 1|14:5 10|12:1 3|33:1 6</relation>
    <relation name="R3" arity="2" nbTuples="100" semantics="soft" defaultCost="infinity">11:10 8|5:8 7|72:7 1|4:7 8|31:5 5|39:8 4|32:10 1|86:9 3|96:5 2|32:3 6|6:6 7|90:9 9|48:8 10|32:6 5|56:4 8|21:3 8|46:3 2|14:2 4|37:2 1|42:9 8|35:1 3|97:10 4|37:7 2|79:1 5|34:2 6|0:9 4|99:2 5|19:4 6|1:1 1|0:10 9|48:10 6|35:7 3|50:4 9|23:9 10|56:5 3|43:6 1|7:4 10|12:4 5|66:1 6|24:10 5|99:5 8|59:10 3|13:9 7|77:10 2|18:7 7|28:1 8|35:2 7|44:2 9|77:6 4|72:8 1|89:6 9|3:7 4|57:6 3|9:4 4|26:3 1|93:4 3|34:7 5|13:1 10|23:9 5|44:8 6|98:7 10|19:10 10|42:1 9|74:3 5|89:3 4|58:7 9|38:9 1|70:1 4|52:6 6|7:4 7|10:5 7|82:5 6|84:8 9|32:1 2|7:3 3|40:6 10|77:8 3|65:9 6|24:4 1|66:8 8|93:4 2|93:6 2|61:10 7|36:2 2|24:5 1|35:2 8|34:8 5|2:9 2|35:2 10|70:5 4|2:7 6|53:5 9|35:3 9|87:2 3|19:3 7|56:1 7|5:5 10|11:6 8|58:8 2|49:3 10</relation>
    <relation name="R4" arity="2" nbTuples="100" semantics="soft" defaultCost="infinity">69:8 2|61:6 9|38:8 9|0:6 10|52:2 9|37:10 6|26:2 1|70:6 3|8:10 10|26:7 5|2:9 2|89:7 3|9:3 9|6:9 1|72:3 6|49:6 8|56:1 8|43:6 7|32:4 2|49:10 1|87:1 6|85:3 8|92:5 8|77:3 4|36:2 2|46:7 4|92:1 7|92:9 4|42:4 10|88:2 4|94:5 7|90:1 10|82:5 5|18:1 1|26:1 3|99:8 4|87:10 7|22:2 5|18:5 10|49:8 3|49:7 8|12:2 3|7:9 8|22:4 7|25:2 7|4:8 8|78:1 2|3:5 6|35:1 5|24:4 4|31:9 6|33:3 7|57:5 9|84:3 3|37:7 6|87:9 7|51:2 6|3:8 6|40:3 1|98:4 5|21:9 9|44:6 4|32:8 1|43:9 5|42:2 8|74:5 3|40:10 3|44:10 2|80:4 9|35:6 1|60:7 9|3:7 2|1:4 1|61:6 5|45:6 6|24:3 2|27:5 2|99:10 5|9:9 3|67:8 7|8:10 9|28:1 4|60:4 6|79:1 9|71:4 8|2:5 1|59:4 3|24:5 4|28:2 10|73:7 1|84:8 5|14:3 10|99:10 4|41:8 10|47:3 5|82:6 2|53:9 10|83:7 10|59:7 7|87:10 8</relation>
    <relation name="R5" arity="2" nbTuples="100" semantics="soft" defaultCost="infinity">4:9 7|51:9 1|16:8 5|33:1 7|63:7 5|50:5 5|92:3 10|32:7 7|6:7 1|7:4 4|65:10 7|51:2 6|55:6 3|97:7 2|55:6 10|10:6 7|65:2 7|39:1 4|62:9 10|76:2 5|85:7 9|12:5 6|91:8 1|54:5 2|60:2 2|86:5 7|96:3 9|19:1 3|21:6 8|14:1 1|94:10 6|24:6 9|65:5 3|48:2 3|45:6 6|39:9 2|72:9 3|81:8 9|21:7 4|17:5 4|94:6 5|89:4 6|97:4 5|33:3 5|49:9 8|55:9 6|36:1 9|56:10 3|43:10 10|58:1 8|90:8 3|61:5 8|6:8 2|83:5 9|49:1 5|80:4 3|78:10 4|55:3 3|90:3 7|81:2 10|71:2 4|88:9 5|99:9 9|75:3 4|53:3 8|81:4 2|24:5 10|55:4 9|25:4 8|56:1 6|16:7 8|0:10 5|82:10 1|81:6 4|47:8 6|58:2 1|75:3 2|85:9 4|55:10 9|97:7 6|33:3 1|1:8 7|56:10 2|1:7 10|75:1 10|50:2 9|1:6 1|85:10 8|92:5 1|45:8 8|71:8 4|21:4 1|92:1 2|42:2 8|39:4 7|22:3 6|80:4 10|31:7 3|13:8 10|82:6 2</relation>
    <relation name="R6" arity="2" nbTuples="100" semantics="soft" defaultCost="infinity">52:6 8|26:2 5|14:10 8|91:7 7|96:4 2|24:7 2|97:9 10|12:2 9|55:8 10|20:6 6|35:6 2|20:4 5|99:9 3|10:5 5|92:4 10|65:4 3|56:9 6|13:6 9|65:10 2|38:10 3|84:7 6|51:10 5|14:3 3|70:7 8|37:6 4|70:1 6|74:5 10|24:3 1|19:5 8|22:8 2|84:10 1|29:5 7|16:7 5|31:6 1|82:9 5|7:7 9|17:8 9|65:4 7|10:9 9|18:5 3|56:10 9|68:5 6|31:4 9|6:3 8|6:3 2|84:9 4|2:9 1|66:1 3|8:1 1|27:6 10|30:9 8|89:7 4|20:6 5|79:2 6|66:2 2|56:8 1|66:7 10|31:5 9|76:8 6|96:2 8|45:2 3|55:2 4|93:1 5|71:7 3|33:2 7|70:4 8|70:2 10|59:4 4|8:3 10|21:5 1|74:4 6|28:6 7|99:5 2|83:1 2|2:8 8|45:10 7|15:8 3|52:9 7|79:10 6|4:2 1|46:1 8|68:8 7|52:3 5|28:3 6|57:6 3|71:4 1|62:1 7|87:9 2|74:5 4|67:8 4|5:3 9|45:1 9|97:1 10|71:10 4|18:1 4|33:10 10|68:3 4|88:7 1|69:3 7|61:8 5</relation>
    <relation name="R7" arity="2" nbTuples="100" semantics="soft" defaultCost="infinity">99:3 4|13:9 3|69:5 7|8:2 8|43:10 6|15:5 4|23:9 9|13:6 7|90:1 2|88:7 7|6:8 2|23:1 5|26:7 3|21:2 3|90:6 5|95:6 3|66:5 8|12:5 5|50:8 5|27:4 9|9:9 1|93:5 2|84:3 9|86:1 7|90:7 8|24:6 1|5:3 1|34:1 4|94:10 10|59:3 6|55:4 1|62:7 10|72:2 5|37:8 6|4:6 8|39:10 8|25:8 7|51:7 6|62:2 7|13:5 3|46:9 4|99:2 6|39:4 4|13:4 2|96:2 4|34:3 5|4:10 2|25:2 10|39:2 9|93:8 8|35:4 10|73:8 4|5:3 8|4:5 9|86:8 1|89:8 9|46:10 7|60:1 9|52:5 1|18:10 1|31:7 2|14:1 8|56:3 2|36:4 5|28:3 7|19:10 9|35:10 4|31:9 7|25:4 7|45:5 6|64:3 3|24:5 10|58:1 3|36:8 10|27:7 4|38:9 10|8:1 6|24:6 2|92:7 5|47:3 10|24:9 8|31:1 1|55:1 10|26:9 5|91:4 6|57:8 3|71:10 3|84:4 3|6:9 6|13:4 8|85:6 10|13:9 2|81:7 9|3:10 5|4:6 9|70:6 6|50:2 2|50:7 1|91:2 1|10:6 4</relation>
    <relation name="R8" arity="2" nbTuples="100" semantics="soft" defaultCost="infinity">76:5 2|25:9 3|52:2 4|58:6 2|68:4 10|72:7 3|74:4 9|39:2 1|43:9 6|54:6 7|8:5 9|38:1 8|56:3 5|9:3 8|13:7 1|18:3 10|49:9 9|18:9 10|41:7 10|29:4 6|45:3 2|7:8 5|60:2 6|85:9 7|8:7 5|27:8 6|38:2 2|41:8 8|72:4 4|35:7 2|87:10 5|70:5 6|15:1 7|57:1 10|73:10 3|1:2 5|62:3 7|77:5 5|63:10 1|97:3 4|26:8 2|86:4 5|82:2 9|34:2 10|82:9 2|59:10 10|16:9 4|7:10 4|93:5 8|91:5 4|63:3 9|81:4 7|90:6 1|3:9 1|24:9 8|47:1 9|51:8 4|40:8 1|98:3 6|23:7 9|77:6 9|91:8 7|73:2 7|15:7 7|72:8 9|99:1 1|93:4 8|83:3 1|73:2 3|20:4 1|83:1 3|14:6 6|81:8 3|83:7 8|60:7 6|46:5 7|85:6 5|98:1 2|50:8 10|87:1 5|85:6 8|90:6 4|64:1 6|25:6 3|91:10 6|36:4 3|31:10 8|48:9 5|47:3 3|54:5 1|9:10 9|49:7 4|66:5 3|89:6 10|31:4 2|19:2 8|97:1 4|75:10 2|64:10 7|28:5 10</relation>
    <relation name="R9" arity="2" nbTuples="100" semantics="soft" defaultCost="infinity">90:1 3|89:4 8|37:9 9|86:1 10|18:10 6|61:3 9|41:2 9|29:8 5|27:9 2|57:4 5|50:10 2|44:10 5|82:4 7|72:8 8|26:8 6|85:3 8|49:2 4|15:7 7|85:6 7|60:3 10|34:4 9|48:7 10|47:7 8|75:4 3|14:5 5|10:3 4|98:1 6|15:6 2|73:2 5|14:1 5|33:4 10|25:5 6|80:8 4|63:1 2|97:5 4|65:10 9|86:8 2|19:8 10|87:1 8|66:3 2|65:5 1|63:9 1|3:7 3|23:10 10|55:4 2|6:8 3|26:3 7|7:7 4|50:7 9|90:1 9|93:9 10|53:2 7|94:4 4|5:2 10|16:1 1|65:3 5|67:6 8|5:10 8|7:7 2|88:1 7|15:7 1|4:9 8|75:5 10|79:5 3|4:8 1|88:1 4|5:6 5|60:9 7|39:5 2|88:4 6|5:8 9|12:6 1|17:10 3|48:4 1|52:2 3|39:9 3|70:2 8|60:5 7|63:6 4|38:2 6|49:5 8|69:3 3|81:5 9|59:10 4|77:10 1|82:3 1|4:7 5|59:9 6|54:6 10|59:9 4|56:9 5|75:3 6|52:2 2|13:6 9|66:7 6|55:6 6|81:10 7|44:2 1|85:8 7|73:6 3</relation>
  </relations>
  <GuiPresentation type="DCOP" benchmark="RandomDCOP" name="instance2" model="TKC" nbAgents="7" domainSize="10" density="50" tightness="0" nbConstraints="10" nbTuples="100" />
</instance>
