<?xml version="1.0" encoding="UTF-8"?>
<instance>
  <presentation name="instance1" type="DCOP" benchmark="RandomDCOP" model="Simple" constraintModel="TKC" format="XDisCSP 1.0" />
  <agents nbAgents="10">
    <agent name="A1" id="1" description="agent 1" />
    <agent name="A2" id="2" description="agent 2" />
    <agent name="A3" id="3" description="agent 3" />
    <agent name="A4" id="4" description="agent 4" />
    <agent name="A5" id="5" description="agent 5" />
    <agent name="A6" id="6" description="agent 6" />
    <agent name="A7" id="7" description="agent 7" />
    <agent name="A8" id="8" description="agent 8" />
    <agent name="A9" id="9" description="agent 9" />
    <agent name="A10" id="10" description="agent 10" />
  </agents>
  <domains nbDomains="1">
    <domain name="D1" nbValues="3">1..3</domain>
  </domains>
  <variables nbVariables="10">
    <variable agent="A1" name="X1.1" id="1" domain="D1" description="variable 1.1" />
    <variable agent="A2" name="X2.1" id="1" domain="D1" description="variable 2.1" />
    <variable agent="A3" name="X3.1" id="1" domain="D1" description="variable 3.1" />
    <variable agent="A4" name="X4.1" id="1" domain="D1" description="variable 4.1" />
    <variable agent="A5" name="X5.1" id="1" domain="D1" description="variable 5.1" />
    <variable agent="A6" name="X6.1" id="1" domain="D1" description="variable 6.1" />
    <variable agent="A7" name="X7.1" id="1" domain="D1" description="variable 7.1" />
    <variable agent="A8" name="X8.1" id="1" domain="D1" description="variable 8.1" />
    <variable agent="A9" name="X9.1" id="1" domain="D1" description="variable 9.1" />
    <variable agent="A10" name="X10.1" id="1" domain="D1" description="variable 10.1" />
  </variables>
  <constraints nbConstraints="18" initialCost="0" maximalCost="infinity">
    <constraint name="C0" model="TKC" arity="2" scope="X1.1 X2.1" reference="R0" />
    <constraint name="C1" model="TKC" arity="2" scope="X1.1 X5.1" reference="R1" />
    <constraint name="C2" model="TKC" arity="2" scope="X1.1 X6.1" reference="R2" />
    <constraint name="C3" model="TKC" arity="2" scope="X2.1 X7.1" reference="R3" />
    <constraint name="C4" model="TKC" arity="2" scope="X3.1 X4.1" reference="R4" />
    <constraint name="C5" model="TKC" arity="2" scope="X3.1 X5.1" reference="R5" />
    <constraint name="C6" model="TKC" arity="2" scope="X3.1 X9.1" reference="R6" />
    <constraint name="C7" model="TKC" arity="2" scope="X3.1 X10.1" reference="R7" />
    <constraint name="C8" model="TKC" arity="2" scope="X4.1 X5.1" reference="R8" />
    <constraint name="C9" model="TKC" arity="2" scope="X4.1 X9.1" reference="R9" />
    <constraint name="C10" model="TKC" arity="2" scope="X4.1 X8.1" reference="R10" />
    <constraint name="C11" model="TKC" arity="2" scope="X5.1 X6.1" reference="R11" />
    <constraint name="C12" model="TKC" arity="2" scope="X5.1 X10.1" reference="R12" />
    <constraint name="C13" model="TKC" arity="2" scope="X6.1 X7.1" reference="R13" />
    <constraint name="C14" model="TKC" arity="2" scope="X7.1 X10.1" reference="R14" />
    <constraint name="C15" model="TKC" arity="2" scope="X7.1 X8.1" reference="R15" />
    <constraint name="C16" model="TKC" arity="2" scope="X8.1 X9.1" reference="R16" />
    <constraint name="C17" model="TKC" arity="2" scope="X9.1 X10.1" reference="R17" />
  </constraints>
  <relations nbRelations="18">
    <relation name="R0" arity="2" nbTuples="9" semantics="soft" defaultCost="infinity">40:1 3|73:2 1|76:1 2|54:3 2|69:3 3|18:2 2|83:1 1|60:3 1|15:2 3</relation>
    <relation name="R1" arity="2" nbTuples="9" semantics="soft" defaultCost="infinity">1:2 2|82:3 1|62:1 3|36:2 3|98:1 2|23:3 2|58:1 1|42:3 3|45:2 1</relation>
    <relation name="R2" arity="2" nbTuples="9" semantics="soft" defaultCost="infinity">65:3 2|56:3 1|38:2 1|45:3 3|54:1 1|3:2 2|46:1 3|75:1 2|38:2 3</relation>
    <relation name="R3" arity="2" nbTuples="9" semantics="soft" defaultCost="infinity">94:2 2|72:3 2|86:2 1|33:1 1|66:3 1|77:1 2|40:2 3|20:3 3|56:1 3</relation>
    <relation name="R4" arity="2" nbTuples="9" semantics="soft" defaultCost="infinity">8:1 1|30:3 1|88:1 2|23:3 2|78:2 2|41:2 3|60:1 3|13:3 3|20:2 1</relation>
    <relation name="R5" arity="2" nbTuples="9" semantics="soft" defaultCost="infinity">31:1 2|48:1 3|31:2 1|62:3 2|0:3 1|77:3 3|87:2 2|50:1 1|74:2 3</relation>
    <relation name="R6" arity="2" nbTuples="9" semantics="soft" defaultCost="infinity">5:1 3|66:1 2|47:1 1|71:3 3|72:2 1|58:3 1|72:2 3|66:2 2|70:3 2</relation>
    <relation name="R7" arity="2" nbTuples="9" semantics="soft" defaultCost="infinity">0:1 3|95:3 2|85:1 1|82:3 3|1:2 1|7:2 3|99:1 2|91:2 2|7:3 1</relation>
    <relation name="R8" arity="2" nbTuples="9" semantics="soft" defaultCost="infinity">64:3 2|14:1 3|71:2 3|87:3 1|24:2 2|76:1 1|49:1 2|65:2 1|76:3 3</relation>
    <relation name="R9" arity="2" nbTuples="9" semantics="soft" defaultCost="infinity">32:2 1|30:2 3|90:3 2|78:3 3|38:3 1|7:1 2|51:1 1|99:1 3|98:2 2</relation>
    <relation name="R10" arity="2" nbTuples="9" semantics="soft" defaultCost="infinity">46:2 1|85:1 3|91:3 1|88:2 3|44:1 1|85:2 2|64:1 2|14:3 3|44:3 2</relation>
    <relation name="R11" arity="2" nbTuples="9" semantics="soft" defaultCost="infinity">27:3 2|76:1 1|73:1 2|14:2 2|79:2 3|57:3 1|10:1 3|91:3 3|74:2 1</relation>
    <relation name="R12" arity="2" nbTuples="9" semantics="soft" defaultCost="infinity">1:1 1|82:1 3|87:2 3|55:3 3|67:3 2|2:3 1|67:1 2|4:2 2|69:2 1</relation>
    <relation name="R13" arity="2" nbTuples="9" semantics="soft" defaultCost="infinity">31:1 3|80:3 1|45:2 2|28:3 2|60:3 3|50:1 1|78:2 3|80:1 2|48:2 1</relation>
    <relation name="R14" arity="2" nbTuples="9" semantics="soft" defaultCost="infinity">4:3 3|37:2 1|96:2 2|40:1 2|38:1 3|97:2 3|62:1 1|74:3 2|39:3 1</relation>
    <relation name="R15" arity="2" nbTuples="9" semantics="soft" defaultCost="infinity">2:3 2|32:2 1|18:1 2|66:1 1|34:1 3|58:2 3|30:3 1|94:3 3|11:2 2</relation>
    <relation name="R16" arity="2" nbTuples="9" semantics="soft" defaultCost="infinity">84:3 3|47:3 2|11:1 1|6:2 3|2:3 1|87:1 3|74:2 1|85:1 2|76:2 2</relation>
    <relation name="R17" arity="2" nbTuples="9" semantics="soft" defaultCost="infinity">63:1 1|39:1 3|18:1 2|4:2 1|6:3 3|72:3 1|66:3 2|9:2 2|49:2 3</relation>
  </relations>
  <GuiPresentation type="DCOP" benchmark="RandomDCOP" name="instance1" model="TKC" nbAgents="10" domainSize="3" density="40" tightness="0" nbConstraints="18" nbTuples="9" />
</instance>
