<?xml version="1.0" encoding="UTF-8"?>
<instance>
  <presentation name="instance2" type="DCOP" benchmark="RandomDCOP" model="Simple" constraintModel="TKC" format="XDisCSP 1.0" />
  <agents nbAgents="7">
    <agent name="A1" id="1" description="agent 1" />
    <agent name="A2" id="2" description="agent 2" />
    <agent name="A3" id="3" description="agent 3" />
    <agent name="A4" id="4" description="agent 4" />
    <agent name="A5" id="5" description="agent 5" />
    <agent name="A6" id="6" description="agent 6" />
    <agent name="A7" id="7" description="agent 7" />
  </agents>
  <domains nbDomains="1">
    <domain name="D1" nbValues="3">1..3</domain>
  </domains>
  <variables nbVariables="7">
    <variable agent="A1" name="X1.1" id="1" domain="D1" description="variable 1.1" />
    <variable agent="A2" name="X2.1" id="1" domain="D1" description="variable 2.1" />
    <variable agent="A3" name="X3.1" id="1" domain="D1" description="variable 3.1" />
    <variable agent="A4" name="X4.1" id="1" domain="D1" description="variable 4.1" />
    <variable agent="A5" name="X5.1" id="1" domain="D1" description="variable 5.1" />
    <variable agent="A6" name="X6.1" id="1" domain="D1" description="variable 6.1" />
    <variable agent="A7" name="X7.1" id="1" domain="D1" description="variable 7.1" />
  </variables>
  <constraints nbConstraints="10" initialCost="0" maximalCost="infinity">
    <constraint name="C0" model="TKC" arity="2" scope="X1.1 X2.1" reference="R0" />
    <constraint name="C1" model="TKC" arity="2" scope="X1.1 X7.1" reference="R1" />
    <constraint name="C2" model="TKC" arity="2" scope="X2.1 X4.1" reference="R2" />
    <constraint name="C3" model="TKC" arity="2" scope="X3.1 X6.1" reference="R3" />
    <constraint name="C4" model="TKC" arity="2" scope="X3.1 X7.1" reference="R4" />
    <constraint name="C5" model="TKC" arity="2" scope="X4.1 X6.1" reference="R5" />
    <constraint name="C6" model="TKC" arity="2" scope="X4.1 X5.1" reference="R6" />
    <constraint name="C7" model="TKC" arity="2" scope="X4.1 X7.1" reference="R7" />
    <constraint name="C8" model="TKC" arity="2" scope="X5.1 X7.1" reference="R8" />
    <constraint name="C9" model="TKC" arity="2" scope="X6.1 X7.1" reference="R9" />
  </constraints>
  <relations nbRelations="10">
    <relation name="R0" arity="2" nbTuples="9" semantics="soft" defaultCost="infinity">47:3 2|27:2 2|61:2 1|61:1 1|50:3 1|69:3 3|38:1 3|98:1 2|18:2 3</relation>
    <relation name="R1" arity="2" nbTuples="9" semantics="soft" defaultCost="infinity">68:1 3|45:1 2|75:1 1|36:3 1|6:3 3|55:3 2|15:2 3|83:2 1|2:2 2</relation>
    <relation name="R2" arity="2" nbTuples="9" semantics="soft" defaultCost="infinity">77:2 1|11:3 1|66:3 3|32:1 2|75:2 2|20:3 2|26:1 3|28:1 1|61:2 3</relation>
    <relation name="R3" arity="2" nbTuples="9" semantics="soft" defaultCost="infinity">46:2 2|2:1 2|71:1 1|35:3 3|8:1 3|65:2 3|21:2 1|76:3 1|38:3 2</relation>
    <relation name="R4" arity="2" nbTuples="9" semantics="soft" defaultCost="infinity">48:2 3|45:1 3|46:1 1|18:1 2|32:3 1|14:2 1|85:3 3|16:2 2|96:3 2</relation>
    <relation name="R5" arity="2" nbTuples="9" semantics="soft" defaultCost="infinity">94:3 2|23:1 3|25:3 1|37:2 3|52:1 1|96:2 2|95:2 1|73:1 2|50:3 3</relation>
    <relation name="R6" arity="2" nbTuples="9" semantics="soft" defaultCost="infinity">39:1 2|86:3 3|99:3 2|52:1 1|86:2 2|74:1 3|98:2 3|24:3 1|34:2 1</relation>
    <relation name="R7" arity="2" nbTuples="9" semantics="soft" defaultCost="infinity">99:1 2|18:2 2|90:1 3|90:3 2|76:1 1|65:3 3|50:2 1|16:2 3|64:3 1</relation>
    <relation name="R8" arity="2" nbTuples="9" semantics="soft" defaultCost="infinity">51:2 3|84:2 1|88:1 1|78:2 2|30:3 2|8:3 3|42:1 2|61:3 1|32:1 3</relation>
    <relation name="R9" arity="2" nbTuples="9" semantics="soft" defaultCost="infinity">20:2 1|3:2 2|28:1 2|71:3 2|96:1 1|9:1 3|29:2 3|13:3 3|41:3 1</relation>
  </relations>
  <GuiPresentation type="DCOP" benchmark="RandomDCOP" name="instance2" model="TKC" nbAgents="7" domainSize="3" density="50" tightness="0" nbConstraints="10" nbTuples="9" />
</instance>
