<?xml version="1.0" encoding="UTF-8"?>
<instance>
  <presentation name="instance1" type="DCOP" benchmark="RandomDCOP" model="Simple" constraintModel="TKC" format="XDisCSP 1.0" />
  <agents nbAgents="17">
    <agent name="A1" id="1" description="agent 1" />
    <agent name="A2" id="2" description="agent 2" />
    <agent name="A3" id="3" description="agent 3" />
    <agent name="A4" id="4" description="agent 4" />
    <agent name="A5" id="5" description="agent 5" />
    <agent name="A6" id="6" description="agent 6" />
    <agent name="A7" id="7" description="agent 7" />
    <agent name="A8" id="8" description="agent 8" />
    <agent name="A9" id="9" description="agent 9" />
    <agent name="A10" id="10" description="agent 10" />
    <agent name="A11" id="11" description="agent 11" />
    <agent name="A12" id="12" description="agent 12" />
    <agent name="A13" id="13" description="agent 13" />
    <agent name="A14" id="14" description="agent 14" />
    <agent name="A15" id="15" description="agent 15" />
    <agent name="A16" id="16" description="agent 16" />
    <agent name="A17" id="17" description="agent 17" />
  </agents>
  <domains nbDomains="1">
    <domain name="D1" nbValues="3">1..3</domain>
  </domains>
  <variables nbVariables="17">
    <variable agent="A1" name="X1.1" id="1" domain="D1" description="variable 1.1" />
    <variable agent="A2" name="X2.1" id="1" domain="D1" description="variable 2.1" />
    <variable agent="A3" name="X3.1" id="1" domain="D1" description="variable 3.1" />
    <variable agent="A4" name="X4.1" id="1" domain="D1" description="variable 4.1" />
    <variable agent="A5" name="X5.1" id="1" domain="D1" description="variable 5.1" />
    <variable agent="A6" name="X6.1" id="1" domain="D1" description="variable 6.1" />
    <variable agent="A7" name="X7.1" id="1" domain="D1" description="variable 7.1" />
    <variable agent="A8" name="X8.1" id="1" domain="D1" description="variable 8.1" />
    <variable agent="A9" name="X9.1" id="1" domain="D1" description="variable 9.1" />
    <variable agent="A10" name="X10.1" id="1" domain="D1" description="variable 10.1" />
    <variable agent="A11" name="X11.1" id="1" domain="D1" description="variable 11.1" />
    <variable agent="A12" name="X12.1" id="1" domain="D1" description="variable 12.1" />
    <variable agent="A13" name="X13.1" id="1" domain="D1" description="variable 13.1" />
    <variable agent="A14" name="X14.1" id="1" domain="D1" description="variable 14.1" />
    <variable agent="A15" name="X15.1" id="1" domain="D1" description="variable 15.1" />
    <variable agent="A16" name="X16.1" id="1" domain="D1" description="variable 16.1" />
    <variable agent="A17" name="X17.1" id="1" domain="D1" description="variable 17.1" />
  </variables>
  <constraints nbConstraints="54" initialCost="0" maximalCost="infinity">
    <constraint name="C0" model="TKC" arity="2" scope="X1.1 X13.1" reference="R0" />
    <constraint name="C1" model="TKC" arity="2" scope="X1.1 X3.1" reference="R1" />
    <constraint name="C2" model="TKC" arity="2" scope="X1.1 X5.1" reference="R2" />
    <constraint name="C3" model="TKC" arity="2" scope="X1.1 X15.1" reference="R3" />
    <constraint name="C4" model="TKC" arity="2" scope="X1.1 X9.1" reference="R4" />
    <constraint name="C5" model="TKC" arity="2" scope="X1.1 X11.1" reference="R5" />
    <constraint name="C6" model="TKC" arity="2" scope="X2.1 X4.1" reference="R6" />
    <constraint name="C7" model="TKC" arity="2" scope="X2.1 X16.1" reference="R7" />
    <constraint name="C8" model="TKC" arity="2" scope="X2.1 X6.1" reference="R8" />
    <constraint name="C9" model="TKC" arity="2" scope="X2.1 X7.1" reference="R9" />
    <constraint name="C10" model="TKC" arity="2" scope="X2.1 X8.1" reference="R10" />
    <constraint name="C11" model="TKC" arity="2" scope="X3.1 X14.1" reference="R11" />
    <constraint name="C12" model="TKC" arity="2" scope="X3.1 X13.1" reference="R12" />
    <constraint name="C13" model="TKC" arity="2" scope="X3.1 X5.1" reference="R13" />
    <constraint name="C14" model="TKC" arity="2" scope="X3.1 X7.1" reference="R14" />
    <constraint name="C15" model="TKC" arity="2" scope="X3.1 X10.1" reference="R15" />
    <constraint name="C16" model="TKC" arity="2" scope="X4.1 X17.1" reference="R16" />
    <constraint name="C17" model="TKC" arity="2" scope="X4.1 X15.1" reference="R17" />
    <constraint name="C18" model="TKC" arity="2" scope="X4.1 X9.1" reference="R18" />
    <constraint name="C19" model="TKC" arity="2" scope="X4.1 X7.1" reference="R19" />
    <constraint name="C20" model="TKC" arity="2" scope="X5.1 X15.1" reference="R20" />
    <constraint name="C21" model="TKC" arity="2" scope="X5.1 X16.1" reference="R21" />
    <constraint name="C22" model="TKC" arity="2" scope="X5.1 X14.1" reference="R22" />
    <constraint name="C23" model="TKC" arity="2" scope="X5.1 X10.1" reference="R23" />
    <constraint name="C24" model="TKC" arity="2" scope="X5.1 X7.1" reference="R24" />
    <constraint name="C25" model="TKC" arity="2" scope="X5.1 X8.1" reference="R25" />
    <constraint name="C26" model="TKC" arity="2" scope="X6.1 X15.1" reference="R26" />
    <constraint name="C27" model="TKC" arity="2" scope="X6.1 X17.1" reference="R27" />
    <constraint name="C28" model="TKC" arity="2" scope="X6.1 X13.1" reference="R28" />
    <constraint name="C29" model="TKC" arity="2" scope="X6.1 X9.1" reference="R29" />
    <constraint name="C30" model="TKC" arity="2" scope="X6.1 X8.1" reference="R30" />
    <constraint name="C31" model="TKC" arity="2" scope="X7.1 X16.1" reference="R31" />
    <constraint name="C32" model="TKC" arity="2" scope="X7.1 X15.1" reference="R32" />
    <constraint name="C33" model="TKC" arity="2" scope="X7.1 X14.1" reference="R33" />
    <constraint name="C34" model="TKC" arity="2" scope="X8.1 X15.1" reference="R34" />
    <constraint name="C35" model="TKC" arity="2" scope="X8.1 X14.1" reference="R35" />
    <constraint name="C36" model="TKC" arity="2" scope="X8.1 X11.1" reference="R36" />
    <constraint name="C37" model="TKC" arity="2" scope="X8.1 X9.1" reference="R37" />
    <constraint name="C38" model="TKC" arity="2" scope="X9.1 X10.1" reference="R38" />
    <constraint name="C39" model="TKC" arity="2" scope="X9.1 X13.1" reference="R39" />
    <constraint name="C40" model="TKC" arity="2" scope="X9.1 X14.1" reference="R40" />
    <constraint name="C41" model="TKC" arity="2" scope="X10.1 X11.1" reference="R41" />
    <constraint name="C42" model="TKC" arity="2" scope="X10.1 X17.1" reference="R42" />
    <constraint name="C43" model="TKC" arity="2" scope="X11.1 X14.1" reference="R43" />
    <constraint name="C44" model="TKC" arity="2" scope="X11.1 X13.1" reference="R44" />
    <constraint name="C45" model="TKC" arity="2" scope="X11.1 X17.1" reference="R45" />
    <constraint name="C46" model="TKC" arity="2" scope="X12.1 X13.1" reference="R46" />
    <constraint name="C47" model="TKC" arity="2" scope="X12.1 X17.1" reference="R47" />
    <constraint name="C48" model="TKC" arity="2" scope="X13.1 X16.1" reference="R48" />
    <constraint name="C49" model="TKC" arity="2" scope="X13.1 X15.1" reference="R49" />
    <constraint name="C50" model="TKC" arity="2" scope="X13.1 X17.1" reference="R50" />
    <constraint name="C51" model="TKC" arity="2" scope="X14.1 X16.1" reference="R51" />
    <constraint name="C52" model="TKC" arity="2" scope="X15.1 X16.1" reference="R52" />
    <constraint name="C53" model="TKC" arity="2" scope="X16.1 X17.1" reference="R53" />
  </constraints>
  <relations nbRelations="54">
    <relation name="R0" arity="2" nbTuples="9" semantics="soft" defaultCost="infinity">87:2 3|77:2 2|60:1 3|15:1 1|25:1 2|99:2 1|56:3 2|36:3 3|5:3 1</relation>
    <relation name="R1" arity="2" nbTuples="9" semantics="soft" defaultCost="infinity">26:2 2|54:1 1|57:1 2|74:1 3|64:3 3|66:2 3|97:3 2|42:2 1|11:3 1</relation>
    <relation name="R2" arity="2" nbTuples="9" semantics="soft" defaultCost="infinity">92:2 2|97:3 3|3:3 2|43:1 3|6:1 1|87:2 1|44:1 2|41:2 3|8:3 1</relation>
    <relation name="R3" arity="2" nbTuples="9" semantics="soft" defaultCost="infinity">38:2 1|34:1 3|95:1 1|53:2 3|13:3 2|31:1 2|35:3 3|48:3 1|55:2 2</relation>
    <relation name="R4" arity="2" nbTuples="9" semantics="soft" defaultCost="infinity">90:1 2|34:2 3|86:1 1|22:3 1|43:2 1|95:2 2|45:1 3|40:3 2|96:3 3</relation>
    <relation name="R5" arity="2" nbTuples="9" semantics="soft" defaultCost="infinity">7:3 1|32:1 3|82:1 1|33:1 2|81:3 2|3:2 2|83:2 1|12:2 3|95:3 3</relation>
    <relation name="R6" arity="2" nbTuples="9" semantics="soft" defaultCost="infinity">12:3 3|96:2 3|27:2 2|46:3 1|39:1 3|57:3 2|68:2 1|76:1 2|90:1 1</relation>
    <relation name="R7" arity="2" nbTuples="9" semantics="soft" defaultCost="infinity">47:3 3|99:2 3|85:3 1|56:1 3|92:1 1|10:3 2|7:2 2|29:1 2|4:2 1</relation>
    <relation name="R8" arity="2" nbTuples="9" semantics="soft" defaultCost="infinity">99:3 2|85:2 2|66:1 3|60:3 3|97:1 2|63:3 1|1:2 1|37:2 3|51:1 1</relation>
    <relation name="R9" arity="2" nbTuples="9" semantics="soft" defaultCost="infinity">10:2 3|6:2 2|82:3 3|4:1 1|35:3 1|70:1 2|56:2 1|96:3 2|12:1 3</relation>
    <relation name="R10" arity="2" nbTuples="9" semantics="soft" defaultCost="infinity">11:2 3|31:1 2|66:1 1|57:1 3|71:2 1|39:2 2|56:3 2|27:3 1|41:3 3</relation>
    <relation name="R11" arity="2" nbTuples="9" semantics="soft" defaultCost="infinity">9:2 1|98:2 3|80:1 1|51:3 2|50:3 3|17:1 2|10:3 1|3:2 2|35:1 3</relation>
    <relation name="R12" arity="2" nbTuples="9" semantics="soft" defaultCost="infinity">98:2 3|75:3 3|60:2 2|73:3 1|19:1 2|99:1 3|0:3 2|62:1 1|20:2 1</relation>
    <relation name="R13" arity="2" nbTuples="9" semantics="soft" defaultCost="infinity">31:1 1|4:3 3|56:2 2|65:3 2|76:1 3|95:2 3|97:1 2|83:2 1|17:3 1</relation>
    <relation name="R14" arity="2" nbTuples="9" semantics="soft" defaultCost="infinity">65:2 1|68:2 2|21:1 2|49:2 3|86:1 3|68:3 2|62:1 1|64:3 3|75:3 1</relation>
    <relation name="R15" arity="2" nbTuples="9" semantics="soft" defaultCost="infinity">66:2 2|34:1 3|49:2 3|31:2 1|37:3 2|24:1 2|85:3 3|96:1 1|12:3 1</relation>
    <relation name="R16" arity="2" nbTuples="9" semantics="soft" defaultCost="infinity">74:2 3|93:2 2|6:3 1|80:1 3|34:1 1|80:3 3|87:2 1|50:1 2|1:3 2</relation>
    <relation name="R17" arity="2" nbTuples="9" semantics="soft" defaultCost="infinity">28:2 2|76:3 1|26:1 1|23:1 2|98:2 1|74:2 3|85:3 3|82:1 3|88:3 2</relation>
    <relation name="R18" arity="2" nbTuples="9" semantics="soft" defaultCost="infinity">98:3 1|82:2 3|43:3 3|10:1 3|6:1 1|6:2 1|96:2 2|12:1 2|13:3 2</relation>
    <relation name="R19" arity="2" nbTuples="9" semantics="soft" defaultCost="infinity">39:2 1|76:3 3|15:1 2|73:3 1|36:1 3|0:2 2|88:2 3|35:1 1|99:3 2</relation>
    <relation name="R20" arity="2" nbTuples="9" semantics="soft" defaultCost="infinity">9:1 2|90:3 2|63:2 2|67:2 3|85:2 1|65:3 1|58:1 3|63:1 1|6:3 3</relation>
    <relation name="R21" arity="2" nbTuples="9" semantics="soft" defaultCost="infinity">86:2 3|19:2 1|54:3 2|68:1 3|60:3 3|36:2 2|98:1 2|50:1 1|37:3 1</relation>
    <relation name="R22" arity="2" nbTuples="9" semantics="soft" defaultCost="infinity">77:3 2|23:3 3|87:1 1|9:2 2|20:1 3|80:2 1|66:3 1|76:1 2|55:2 3</relation>
    <relation name="R23" arity="2" nbTuples="9" semantics="soft" defaultCost="infinity">67:3 2|99:1 3|41:3 1|85:2 1|31:1 1|24:2 2|67:1 2|4:2 3|63:3 3</relation>
    <relation name="R24" arity="2" nbTuples="9" semantics="soft" defaultCost="infinity">78:1 2|31:1 1|23:2 3|71:1 3|51:3 1|64:2 1|4:3 2|69:3 3|74:2 2</relation>
    <relation name="R25" arity="2" nbTuples="9" semantics="soft" defaultCost="infinity">42:2 3|53:2 1|43:3 3|2:1 1|22:3 1|0:2 2|68:1 2|9:1 3|1:3 2</relation>
    <relation name="R26" arity="2" nbTuples="9" semantics="soft" defaultCost="infinity">93:1 1|39:1 3|22:2 1|7:3 1|90:3 3|25:1 2|31:3 2|11:2 2|78:2 3</relation>
    <relation name="R27" arity="2" nbTuples="9" semantics="soft" defaultCost="infinity">44:3 1|27:1 1|72:2 3|45:2 2|38:1 2|98:1 3|59:2 1|47:3 2|50:3 3</relation>
    <relation name="R28" arity="2" nbTuples="9" semantics="soft" defaultCost="infinity">4:2 2|48:1 1|87:2 3|38:3 2|75:1 3|57:2 1|13:3 1|6:1 2|11:3 3</relation>
    <relation name="R29" arity="2" nbTuples="9" semantics="soft" defaultCost="infinity">63:3 1|81:1 3|42:1 2|52:2 1|44:1 1|24:3 2|42:2 2|97:3 3|36:2 3</relation>
    <relation name="R30" arity="2" nbTuples="9" semantics="soft" defaultCost="infinity">80:1 2|47:1 1|39:1 3|62:2 2|30:3 2|15:2 3|5:3 1|73:3 3|73:2 1</relation>
    <relation name="R31" arity="2" nbTuples="9" semantics="soft" defaultCost="infinity">90:2 1|62:1 1|51:2 2|39:2 3|29:3 1|95:3 2|52:3 3|64:1 3|84:1 2</relation>
    <relation name="R32" arity="2" nbTuples="9" semantics="soft" defaultCost="infinity">73:2 1|89:3 2|20:2 2|17:2 3|89:1 2|82:1 1|51:3 1|38:3 3|45:1 3</relation>
    <relation name="R33" arity="2" nbTuples="9" semantics="soft" defaultCost="infinity">47:1 2|4:2 3|1:2 1|27:3 3|24:1 1|50:2 2|38:1 3|73:3 1|4:3 2</relation>
    <relation name="R34" arity="2" nbTuples="9" semantics="soft" defaultCost="infinity">76:2 1|33:1 2|92:3 2|28:3 1|99:2 2|68:2 3|26:3 3|61:1 1|35:1 3</relation>
    <relation name="R35" arity="2" nbTuples="9" semantics="soft" defaultCost="infinity">13:3 2|1:2 1|89:1 2|19:3 3|32:1 1|10:2 3|57:3 1|56:1 3|83:2 2</relation>
    <relation name="R36" arity="2" nbTuples="9" semantics="soft" defaultCost="infinity">17:1 2|34:3 2|36:2 2|76:2 3|92:1 1|16:3 3|54:2 1|31:3 1|6:1 3</relation>
    <relation name="R37" arity="2" nbTuples="9" semantics="soft" defaultCost="infinity">50:2 3|64:3 1|32:2 1|68:1 3|49:1 1|64:2 2|51:3 2|52:3 3|55:1 2</relation>
    <relation name="R38" arity="2" nbTuples="9" semantics="soft" defaultCost="infinity">9:3 1|49:1 3|0:1 1|89:3 3|11:2 1|0:2 2|64:3 2|25:2 3|35:1 2</relation>
    <relation name="R39" arity="2" nbTuples="9" semantics="soft" defaultCost="infinity">6:2 3|75:3 1|59:1 1|35:1 2|85:3 2|3:1 3|29:2 2|73:2 1|86:3 3</relation>
    <relation name="R40" arity="2" nbTuples="9" semantics="soft" defaultCost="infinity">84:1 1|4:1 3|51:2 2|36:3 1|59:2 3|22:2 1|17:1 2|13:3 2|65:3 3</relation>
    <relation name="R41" arity="2" nbTuples="9" semantics="soft" defaultCost="infinity">13:1 1|8:1 3|72:3 1|57:2 3|19:3 3|69:3 2|54:2 2|6:2 1|28:1 2</relation>
    <relation name="R42" arity="2" nbTuples="9" semantics="soft" defaultCost="infinity">17:3 3|66:3 2|24:1 1|67:1 3|82:2 2|48:1 2|98:2 1|27:2 3|98:3 1</relation>
    <relation name="R43" arity="2" nbTuples="9" semantics="soft" defaultCost="infinity">57:1 2|42:2 2|62:3 2|89:2 1|12:1 3|76:3 1|32:3 3|27:2 3|26:1 1</relation>
    <relation name="R44" arity="2" nbTuples="9" semantics="soft" defaultCost="infinity">81:2 1|62:3 1|38:2 2|6:1 1|35:3 2|76:3 3|69:1 2|31:1 3|39:2 3</relation>
    <relation name="R45" arity="2" nbTuples="9" semantics="soft" defaultCost="infinity">87:1 3|95:3 1|43:3 2|36:2 3|90:2 1|69:2 2|44:3 3|18:1 2|95:1 1</relation>
    <relation name="R46" arity="2" nbTuples="9" semantics="soft" defaultCost="infinity">82:2 2|79:3 3|58:3 2|45:3 1|2:2 1|99:1 3|17:1 1|87:1 2|95:2 3</relation>
    <relation name="R47" arity="2" nbTuples="9" semantics="soft" defaultCost="infinity">98:1 3|93:1 2|95:1 1|99:3 2|38:2 1|95:2 2|23:3 3|64:2 3|37:3 1</relation>
    <relation name="R48" arity="2" nbTuples="9" semantics="soft" defaultCost="infinity">57:1 3|25:3 2|78:3 3|85:2 1|58:2 2|36:1 1|60:1 2|77:3 1|96:2 3</relation>
    <relation name="R49" arity="2" nbTuples="9" semantics="soft" defaultCost="infinity">1:2 2|88:2 3|19:1 3|58:3 3|96:1 1|82:3 1|98:3 2|86:2 1|27:1 2</relation>
    <relation name="R50" arity="2" nbTuples="9" semantics="soft" defaultCost="infinity">77:1 3|30:3 1|11:3 2|39:3 3|95:1 1|82:2 2|44:2 1|88:1 2|77:2 3</relation>
    <relation name="R51" arity="2" nbTuples="9" semantics="soft" defaultCost="infinity">78:2 1|44:2 3|39:1 1|20:3 3|45:2 2|86:1 3|67:1 2|20:3 2|66:3 1</relation>
    <relation name="R52" arity="2" nbTuples="9" semantics="soft" defaultCost="infinity">40:1 2|96:3 2|88:2 1|93:2 2|60:1 1|88:2 3|3:1 3|4:3 1|9:3 3</relation>
    <relation name="R53" arity="2" nbTuples="9" semantics="soft" defaultCost="infinity">92:2 1|86:3 3|15:2 2|12:2 3|6:3 2|87:1 2|67:1 1|54:1 3|42:3 1</relation>
  </relations>
  <GuiPresentation type="DCOP" benchmark="RandomDCOP" name="instance1" model="TKC" nbAgents="17" domainSize="3" density="40" tightness="0" nbConstraints="54" nbTuples="9" />
</instance>
