<?xml version="1.0" encoding="UTF-8"?>
<instance>
  <presentation name="instance1" type="DCOP" benchmark="RandomDCOP" model="Simple" constraintModel="TKC" format="XDisCSP 1.0" />
  <agents nbAgents="12">
    <agent name="A1" id="1" description="agent 1" />
    <agent name="A2" id="2" description="agent 2" />
    <agent name="A3" id="3" description="agent 3" />
    <agent name="A4" id="4" description="agent 4" />
    <agent name="A5" id="5" description="agent 5" />
    <agent name="A6" id="6" description="agent 6" />
    <agent name="A7" id="7" description="agent 7" />
    <agent name="A8" id="8" description="agent 8" />
    <agent name="A9" id="9" description="agent 9" />
    <agent name="A10" id="10" description="agent 10" />
    <agent name="A11" id="11" description="agent 11" />
    <agent name="A12" id="12" description="agent 12" />
  </agents>
  <domains nbDomains="1">
    <domain name="D1" nbValues="3">1..3</domain>
  </domains>
  <variables nbVariables="12">
    <variable agent="A1" name="X1.1" id="1" domain="D1" description="variable 1.1" />
    <variable agent="A2" name="X2.1" id="1" domain="D1" description="variable 2.1" />
    <variable agent="A3" name="X3.1" id="1" domain="D1" description="variable 3.1" />
    <variable agent="A4" name="X4.1" id="1" domain="D1" description="variable 4.1" />
    <variable agent="A5" name="X5.1" id="1" domain="D1" description="variable 5.1" />
    <variable agent="A6" name="X6.1" id="1" domain="D1" description="variable 6.1" />
    <variable agent="A7" name="X7.1" id="1" domain="D1" description="variable 7.1" />
    <variable agent="A8" name="X8.1" id="1" domain="D1" description="variable 8.1" />
    <variable agent="A9" name="X9.1" id="1" domain="D1" description="variable 9.1" />
    <variable agent="A10" name="X10.1" id="1" domain="D1" description="variable 10.1" />
    <variable agent="A11" name="X11.1" id="1" domain="D1" description="variable 11.1" />
    <variable agent="A12" name="X12.1" id="1" domain="D1" description="variable 12.1" />
  </variables>
  <constraints nbConstraints="26" initialCost="0" maximalCost="infinity">
    <constraint name="C0" model="TKC" arity="2" scope="X1.1 X3.1" reference="R0" />
    <constraint name="C1" model="TKC" arity="2" scope="X1.1 X4.1" reference="R1" />
    <constraint name="C2" model="TKC" arity="2" scope="X1.1 X6.1" reference="R2" />
    <constraint name="C3" model="TKC" arity="2" scope="X1.1 X8.1" reference="R3" />
    <constraint name="C4" model="TKC" arity="2" scope="X1.1 X11.1" reference="R4" />
    <constraint name="C5" model="TKC" arity="2" scope="X2.1 X4.1" reference="R5" />
    <constraint name="C6" model="TKC" arity="2" scope="X2.1 X6.1" reference="R6" />
    <constraint name="C7" model="TKC" arity="2" scope="X2.1 X10.1" reference="R7" />
    <constraint name="C8" model="TKC" arity="2" scope="X3.1 X8.1" reference="R8" />
    <constraint name="C9" model="TKC" arity="2" scope="X3.1 X10.1" reference="R9" />
    <constraint name="C10" model="TKC" arity="2" scope="X3.1 X11.1" reference="R10" />
    <constraint name="C11" model="TKC" arity="2" scope="X4.1 X5.1" reference="R11" />
    <constraint name="C12" model="TKC" arity="2" scope="X4.1 X9.1" reference="R12" />
    <constraint name="C13" model="TKC" arity="2" scope="X5.1 X12.1" reference="R13" />
    <constraint name="C14" model="TKC" arity="2" scope="X5.1 X10.1" reference="R14" />
    <constraint name="C15" model="TKC" arity="2" scope="X5.1 X8.1" reference="R15" />
    <constraint name="C16" model="TKC" arity="2" scope="X6.1 X8.1" reference="R16" />
    <constraint name="C17" model="TKC" arity="2" scope="X7.1 X12.1" reference="R17" />
    <constraint name="C18" model="TKC" arity="2" scope="X7.1 X8.1" reference="R18" />
    <constraint name="C19" model="TKC" arity="2" scope="X7.1 X9.1" reference="R19" />
    <constraint name="C20" model="TKC" arity="2" scope="X8.1 X12.1" reference="R20" />
    <constraint name="C21" model="TKC" arity="2" scope="X8.1 X9.1" reference="R21" />
    <constraint name="C22" model="TKC" arity="2" scope="X9.1 X12.1" reference="R22" />
    <constraint name="C23" model="TKC" arity="2" scope="X9.1 X10.1" reference="R23" />
    <constraint name="C24" model="TKC" arity="2" scope="X10.1 X12.1" reference="R24" />
    <constraint name="C25" model="TKC" arity="2" scope="X11.1 X12.1" reference="R25" />
  </constraints>
  <relations nbRelations="26">
    <relation name="R0" arity="2" nbTuples="9" semantics="soft" defaultCost="infinity">48:1 1|68:3 3|58:2 3|32:2 1|14:1 3|80:3 1|96:2 2|30:1 2|42:3 2</relation>
    <relation name="R1" arity="2" nbTuples="9" semantics="soft" defaultCost="infinity">33:2 2|9:3 2|72:3 1|17:1 2|43:2 1|32:1 3|58:1 1|63:2 3|11:3 3</relation>
    <relation name="R2" arity="2" nbTuples="9" semantics="soft" defaultCost="infinity">45:3 2|58:1 1|56:3 1|53:1 3|20:3 3|23:1 2|84:2 1|26:2 3|76:2 2</relation>
    <relation name="R3" arity="2" nbTuples="9" semantics="soft" defaultCost="infinity">95:3 3|4:1 1|6:3 2|57:2 1|32:2 3|51:1 2|27:1 3|80:2 2|27:3 1</relation>
    <relation name="R4" arity="2" nbTuples="9" semantics="soft" defaultCost="infinity">26:3 2|22:2 3|92:1 3|15:2 1|3:3 3|31:1 2|83:3 1|32:1 1|62:2 2</relation>
    <relation name="R5" arity="2" nbTuples="9" semantics="soft" defaultCost="infinity">15:1 3|58:3 1|53:2 1|30:3 3|49:3 2|17:1 2|0:1 1|32:2 2|0:2 3</relation>
    <relation name="R6" arity="2" nbTuples="9" semantics="soft" defaultCost="infinity">81:2 1|80:3 1|80:1 3|5:1 2|27:2 2|40:3 2|64:2 3|60:1 1|32:3 3</relation>
    <relation name="R7" arity="2" nbTuples="9" semantics="soft" defaultCost="infinity">92:3 1|19:1 1|44:2 3|37:3 2|77:1 3|85:2 2|32:1 2|14:2 1|96:3 3</relation>
    <relation name="R8" arity="2" nbTuples="9" semantics="soft" defaultCost="infinity">66:3 1|9:1 1|98:1 2|29:1 3|63:3 3|89:2 3|52:2 2|86:2 1|89:3 2</relation>
    <relation name="R9" arity="2" nbTuples="9" semantics="soft" defaultCost="infinity">76:2 3|65:1 1|11:1 2|23:3 2|82:2 2|39:1 3|50:3 3|1:3 1|90:2 1</relation>
    <relation name="R10" arity="2" nbTuples="9" semantics="soft" defaultCost="infinity">73:2 3|53:3 2|40:2 2|74:1 3|40:2 1|84:3 3|66:3 1|66:1 2|28:1 1</relation>
    <relation name="R11" arity="2" nbTuples="9" semantics="soft" defaultCost="infinity">53:3 2|78:2 2|50:1 3|78:2 3|9:1 1|7:2 1|30:3 1|35:1 2|38:3 3</relation>
    <relation name="R12" arity="2" nbTuples="9" semantics="soft" defaultCost="infinity">23:2 3|18:1 2|29:3 1|24:3 3|46:2 2|41:1 3|0:2 1|93:3 2|74:1 1</relation>
    <relation name="R13" arity="2" nbTuples="9" semantics="soft" defaultCost="infinity">27:1 2|95:2 1|33:1 1|94:1 3|7:3 2|88:2 3|78:3 1|54:3 3|39:2 2</relation>
    <relation name="R14" arity="2" nbTuples="9" semantics="soft" defaultCost="infinity">48:1 3|22:1 1|76:2 3|94:3 2|28:1 2|79:3 3|11:3 1|52:2 2|5:2 1</relation>
    <relation name="R15" arity="2" nbTuples="9" semantics="soft" defaultCost="infinity">39:3 2|47:3 1|8:2 1|80:1 2|9:3 3|20:2 2|68:1 3|43:2 3|87:1 1</relation>
    <relation name="R16" arity="2" nbTuples="9" semantics="soft" defaultCost="infinity">26:3 2|19:2 1|17:3 3|36:2 2|34:2 3|38:1 3|72:1 2|28:3 1|42:1 1</relation>
    <relation name="R17" arity="2" nbTuples="9" semantics="soft" defaultCost="infinity">24:3 3|48:1 3|71:2 2|75:1 1|80:2 3|8:2 1|43:3 2|86:1 2|89:3 1</relation>
    <relation name="R18" arity="2" nbTuples="9" semantics="soft" defaultCost="infinity">11:3 2|8:3 1|9:3 3|16:2 2|60:2 1|23:1 1|34:1 3|54:1 2|55:2 3</relation>
    <relation name="R19" arity="2" nbTuples="9" semantics="soft" defaultCost="infinity">63:1 3|44:3 2|76:3 3|25:1 2|4:3 1|66:2 3|76:1 1|39:2 1|79:2 2</relation>
    <relation name="R20" arity="2" nbTuples="9" semantics="soft" defaultCost="infinity">89:1 3|95:1 2|79:3 2|18:3 1|83:1 1|42:2 2|66:2 1|66:3 3|68:2 3</relation>
    <relation name="R21" arity="2" nbTuples="9" semantics="soft" defaultCost="infinity">22:1 1|22:1 2|2:3 3|51:2 2|35:3 1|28:2 3|45:2 1|87:3 2|67:1 3</relation>
    <relation name="R22" arity="2" nbTuples="9" semantics="soft" defaultCost="infinity">54:1 2|75:3 2|77:3 3|99:2 3|41:1 3|99:1 1|1:3 1|58:2 2|83:2 1</relation>
    <relation name="R23" arity="2" nbTuples="9" semantics="soft" defaultCost="infinity">99:1 2|10:1 1|0:3 1|10:2 1|65:1 3|67:3 2|8:2 2|89:2 3|2:3 3</relation>
    <relation name="R24" arity="2" nbTuples="9" semantics="soft" defaultCost="infinity">21:2 2|88:1 1|84:1 2|58:1 3|21:2 1|43:2 3|57:3 3|81:3 1|57:3 2</relation>
    <relation name="R25" arity="2" nbTuples="9" semantics="soft" defaultCost="infinity">14:2 2|61:1 1|98:3 2|5:1 2|33:3 3|39:1 3|18:3 1|99:2 3|30:2 1</relation>
  </relations>
  <GuiPresentation type="DCOP" benchmark="RandomDCOP" name="instance1" model="TKC" nbAgents="12" domainSize="3" density="40" tightness="0" nbConstraints="26" nbTuples="9" />
</instance>
