<?xml version="1.0" encoding="UTF-8"?>
<instance>
  <presentation name="instance2" type="DCOP" benchmark="RandomDCOP" model="Simple" constraintModel="TKC" format="XDisCSP 1.0" />
  <agents nbAgents="12">
    <agent name="A1" id="1" description="agent 1" />
    <agent name="A2" id="2" description="agent 2" />
    <agent name="A3" id="3" description="agent 3" />
    <agent name="A4" id="4" description="agent 4" />
    <agent name="A5" id="5" description="agent 5" />
    <agent name="A6" id="6" description="agent 6" />
    <agent name="A7" id="7" description="agent 7" />
    <agent name="A8" id="8" description="agent 8" />
    <agent name="A9" id="9" description="agent 9" />
    <agent name="A10" id="10" description="agent 10" />
    <agent name="A11" id="11" description="agent 11" />
    <agent name="A12" id="12" description="agent 12" />
  </agents>
  <domains nbDomains="1">
    <domain name="D1" nbValues="4">1..4</domain>
  </domains>
  <variables nbVariables="12">
    <variable agent="A1" name="X1.1" id="1" domain="D1" description="variable 1.1" />
    <variable agent="A2" name="X2.1" id="1" domain="D1" description="variable 2.1" />
    <variable agent="A3" name="X3.1" id="1" domain="D1" description="variable 3.1" />
    <variable agent="A4" name="X4.1" id="1" domain="D1" description="variable 4.1" />
    <variable agent="A5" name="X5.1" id="1" domain="D1" description="variable 5.1" />
    <variable agent="A6" name="X6.1" id="1" domain="D1" description="variable 6.1" />
    <variable agent="A7" name="X7.1" id="1" domain="D1" description="variable 7.1" />
    <variable agent="A8" name="X8.1" id="1" domain="D1" description="variable 8.1" />
    <variable agent="A9" name="X9.1" id="1" domain="D1" description="variable 9.1" />
    <variable agent="A10" name="X10.1" id="1" domain="D1" description="variable 10.1" />
    <variable agent="A11" name="X11.1" id="1" domain="D1" description="variable 11.1" />
    <variable agent="A12" name="X12.1" id="1" domain="D1" description="variable 12.1" />
  </variables>
  <constraints nbConstraints="33" initialCost="0" maximalCost="infinity">
    <constraint name="C0" model="TKC" arity="2" scope="X1.1 X12.1" reference="R0" />
    <constraint name="C1" model="TKC" arity="2" scope="X1.1 X3.1" reference="R1" />
    <constraint name="C2" model="TKC" arity="2" scope="X1.1 X7.1" reference="R2" />
    <constraint name="C3" model="TKC" arity="2" scope="X1.1 X9.1" reference="R3" />
    <constraint name="C4" model="TKC" arity="2" scope="X1.1 X11.1" reference="R4" />
    <constraint name="C5" model="TKC" arity="2" scope="X1.1 X10.1" reference="R5" />
    <constraint name="C6" model="TKC" arity="2" scope="X2.1 X12.1" reference="R6" />
    <constraint name="C7" model="TKC" arity="2" scope="X2.1 X3.1" reference="R7" />
    <constraint name="C8" model="TKC" arity="2" scope="X2.1 X4.1" reference="R8" />
    <constraint name="C9" model="TKC" arity="2" scope="X2.1 X11.1" reference="R9" />
    <constraint name="C10" model="TKC" arity="2" scope="X2.1 X10.1" reference="R10" />
    <constraint name="C11" model="TKC" arity="2" scope="X3.1 X6.1" reference="R11" />
    <constraint name="C12" model="TKC" arity="2" scope="X3.1 X5.1" reference="R12" />
    <constraint name="C13" model="TKC" arity="2" scope="X3.1 X11.1" reference="R13" />
    <constraint name="C14" model="TKC" arity="2" scope="X4.1 X5.1" reference="R14" />
    <constraint name="C15" model="TKC" arity="2" scope="X4.1 X9.1" reference="R15" />
    <constraint name="C16" model="TKC" arity="2" scope="X4.1 X8.1" reference="R16" />
    <constraint name="C17" model="TKC" arity="2" scope="X5.1 X6.1" reference="R17" />
    <constraint name="C18" model="TKC" arity="2" scope="X5.1 X11.1" reference="R18" />
    <constraint name="C19" model="TKC" arity="2" scope="X5.1 X9.1" reference="R19" />
    <constraint name="C20" model="TKC" arity="2" scope="X6.1 X10.1" reference="R20" />
    <constraint name="C21" model="TKC" arity="2" scope="X6.1 X9.1" reference="R21" />
    <constraint name="C22" model="TKC" arity="2" scope="X6.1 X8.1" reference="R22" />
    <constraint name="C23" model="TKC" arity="2" scope="X7.1 X11.1" reference="R23" />
    <constraint name="C24" model="TKC" arity="2" scope="X7.1 X8.1" reference="R24" />
    <constraint name="C25" model="TKC" arity="2" scope="X7.1 X9.1" reference="R25" />
    <constraint name="C26" model="TKC" arity="2" scope="X8.1 X11.1" reference="R26" />
    <constraint name="C27" model="TKC" arity="2" scope="X9.1 X12.1" reference="R27" />
    <constraint name="C28" model="TKC" arity="2" scope="X9.1 X11.1" reference="R28" />
    <constraint name="C29" model="TKC" arity="2" scope="X9.1 X10.1" reference="R29" />
    <constraint name="C30" model="TKC" arity="2" scope="X10.1 X11.1" reference="R30" />
    <constraint name="C31" model="TKC" arity="2" scope="X10.1 X12.1" reference="R31" />
    <constraint name="C32" model="TKC" arity="2" scope="X11.1 X12.1" reference="R32" />
  </constraints>
  <relations nbRelations="33">
    <relation name="R0" arity="2" nbTuples="16" semantics="soft" defaultCost="infinity">27:3 3|30:2 4|66:2 3|40:3 4|82:3 2|57:2 2|12:4 2|47:2 1|13:1 4|81:1 3|46:3 1|6:1 2|94:4 3|66:4 1|20:4 4|73:1 1</relation>
    <relation name="R1" arity="2" nbTuples="16" semantics="soft" defaultCost="infinity">83:2 2|62:3 3|35:4 2|3:3 1|55:4 3|8:3 2|59:1 1|78:4 1|20:1 3|45:4 4|54:1 2|32:2 3|55:1 4|15:3 4|49:2 4|23:2 1</relation>
    <relation name="R2" arity="2" nbTuples="16" semantics="soft" defaultCost="infinity">53:4 1|5:1 3|24:2 2|39:4 2|10:2 3|99:4 3|1:1 2|9:1 1|65:2 4|16:3 3|49:3 4|86:3 2|27:1 4|68:4 4|20:3 1|34:2 1</relation>
    <relation name="R3" arity="2" nbTuples="16" semantics="soft" defaultCost="infinity">40:4 3|93:1 1|98:2 3|30:4 2|53:1 2|54:1 4|75:4 4|64:2 4|13:3 4|30:1 3|9:2 2|25:4 1|13:3 1|82:3 3|64:2 1|24:3 2</relation>
    <relation name="R4" arity="2" nbTuples="16" semantics="soft" defaultCost="infinity">53:2 1|64:4 3|35:2 4|4:3 2|48:4 4|92:1 3|22:2 3|99:4 2|4:3 4|33:1 2|11:4 1|30:3 3|47:3 1|3:2 2|27:1 1|18:1 4</relation>
    <relation name="R5" arity="2" nbTuples="16" semantics="soft" defaultCost="infinity">15:4 4|83:1 1|43:4 1|41:2 2|82:2 4|80:1 2|73:3 2|22:1 3|99:3 3|99:3 1|0:2 3|36:4 2|41:1 4|77:2 1|31:3 4|32:4 3</relation>
    <relation name="R6" arity="2" nbTuples="16" semantics="soft" defaultCost="infinity">12:1 3|47:2 3|61:4 1|36:3 2|47:3 1|61:1 2|7:1 4|54:4 2|12:4 3|92:1 1|53:2 1|33:4 4|34:3 3|34:2 4|28:2 2|71:3 4</relation>
    <relation name="R7" arity="2" nbTuples="16" semantics="soft" defaultCost="infinity">8:1 1|59:1 2|23:2 3|54:2 2|45:2 4|58:3 3|63:4 2|28:3 2|60:3 1|78:4 4|97:4 3|69:3 4|96:1 4|25:1 3|34:2 1|5:4 1</relation>
    <relation name="R8" arity="2" nbTuples="16" semantics="soft" defaultCost="infinity">9:4 3|43:1 4|69:1 1|30:4 4|82:4 1|95:2 2|51:3 1|32:2 1|46:2 3|92:3 3|12:3 4|86:1 3|26:2 4|90:4 2|60:3 2|58:1 2</relation>
    <relation name="R9" arity="2" nbTuples="16" semantics="soft" defaultCost="infinity">72:2 2|4:2 4|2:1 3|21:2 1|60:4 3|83:3 1|38:4 2|49:1 4|33:3 4|3:4 1|95:3 3|23:1 2|30:2 3|42:4 4|54:3 2|2:1 1</relation>
    <relation name="R10" arity="2" nbTuples="16" semantics="soft" defaultCost="infinity">15:1 4|87:1 1|85:4 2|73:2 2|75:3 2|81:4 1|95:1 2|62:1 3|94:2 3|10:3 3|57:2 4|71:4 3|49:3 4|32:4 4|51:2 1|8:3 1</relation>
    <relation name="R11" arity="2" nbTuples="16" semantics="soft" defaultCost="infinity">15:4 4|24:2 4|22:4 2|52:4 1|11:2 3|97:1 1|92:1 2|65:4 3|54:3 1|50:3 3|13:1 3|80:1 4|66:2 2|8:3 4|37:3 2|85:2 1</relation>
    <relation name="R12" arity="2" nbTuples="16" semantics="soft" defaultCost="infinity">41:3 1|87:1 3|11:2 4|2:3 4|75:4 2|89:2 2|28:3 3|93:4 1|51:4 3|90:4 4|53:1 2|83:1 1|77:2 3|42:2 1|69:3 2|12:1 4</relation>
    <relation name="R13" arity="2" nbTuples="16" semantics="soft" defaultCost="infinity">59:3 3|69:2 4|10:4 1|34:1 3|11:2 3|10:1 2|87:4 3|36:4 2|80:3 1|44:2 1|45:2 2|37:1 4|75:1 1|5:4 4|34:3 2|96:3 4</relation>
    <relation name="R14" arity="2" nbTuples="16" semantics="soft" defaultCost="infinity">33:3 4|71:1 4|58:1 3|85:4 2|2:1 1|46:2 4|53:3 3|41:2 3|5:4 1|13:1 2|88:2 1|17:2 2|46:4 4|75:4 3|19:3 2|30:3 1</relation>
    <relation name="R15" arity="2" nbTuples="16" semantics="soft" defaultCost="infinity">36:4 2|46:1 2|89:4 4|66:1 1|60:3 1|68:1 4|59:2 2|67:4 1|14:3 2|59:2 1|68:4 3|45:2 3|15:1 3|44:3 4|97:2 4|49:3 3</relation>
    <relation name="R16" arity="2" nbTuples="16" semantics="soft" defaultCost="infinity">41:3 4|27:2 4|87:4 2|90:1 3|17:4 4|16:1 1|80:2 2|11:3 3|98:2 1|13:3 1|12:4 1|16:4 3|81:3 2|61:1 4|76:2 3|75:1 2</relation>
    <relation name="R17" arity="2" nbTuples="16" semantics="soft" defaultCost="infinity">2:2 2|12:4 4|38:3 3|46:3 2|61:4 2|34:1 1|45:4 3|54:2 3|44:3 4|39:1 2|27:2 1|29:2 4|32:1 3|18:3 1|94:1 4|23:4 1</relation>
    <relation name="R18" arity="2" nbTuples="16" semantics="soft" defaultCost="infinity">25:4 1|27:2 3|7:4 3|44:4 2|85:1 2|45:2 4|1:1 4|57:3 2|91:3 1|42:3 3|15:2 1|17:1 1|96:4 4|10:3 4|39:1 3|71:2 2</relation>
    <relation name="R19" arity="2" nbTuples="16" semantics="soft" defaultCost="infinity">22:4 1|27:3 3|13:2 1|16:4 2|83:2 3|94:1 4|21:4 4|86:1 3|12:3 4|75:2 4|70:2 2|13:4 3|7:1 2|88:3 1|44:3 2|8:1 1</relation>
    <relation name="R20" arity="2" nbTuples="16" semantics="soft" defaultCost="infinity">92:3 3|50:4 3|51:4 1|74:2 1|85:2 4|29:4 2|83:1 4|11:2 3|19:1 2|71:3 4|4:2 2|5:4 4|90:1 1|95:3 1|45:3 2|98:1 3</relation>
    <relation name="R21" arity="2" nbTuples="16" semantics="soft" defaultCost="infinity">73:1 2|30:1 4|44:1 1|42:4 4|30:3 1|86:4 2|34:2 3|65:3 4|3:4 3|68:3 3|73:2 2|80:4 1|93:2 4|70:3 2|6:1 3|16:2 1</relation>
    <relation name="R22" arity="2" nbTuples="16" semantics="soft" defaultCost="infinity">34:3 4|58:4 4|33:4 2|94:1 2|98:2 4|89:3 1|9:3 3|75:2 1|38:2 3|37:3 2|52:1 1|23:4 1|58:4 3|22:1 4|44:1 3|8:2 2</relation>
    <relation name="R23" arity="2" nbTuples="16" semantics="soft" defaultCost="infinity">99:4 2|28:2 3|18:2 2|76:1 4|42:3 2|63:3 1|15:4 1|97:1 2|87:1 1|73:2 4|47:1 3|89:4 4|14:3 3|13:4 3|41:3 4|18:2 1</relation>
    <relation name="R24" arity="2" nbTuples="16" semantics="soft" defaultCost="infinity">41:2 2|54:1 2|56:3 4|55:3 3|41:2 1|15:4 1|86:3 2|6:2 4|99:4 2|50:1 1|23:1 4|62:4 4|48:4 3|20:1 3|8:2 3|38:3 1</relation>
    <relation name="R25" arity="2" nbTuples="16" semantics="soft" defaultCost="infinity">91:4 2|96:1 1|16:3 2|49:4 1|18:4 3|69:2 2|93:3 3|36:2 4|93:4 4|75:1 2|11:2 1|8:2 3|96:3 1|85:1 4|0:3 4|16:1 3</relation>
    <relation name="R26" arity="2" nbTuples="16" semantics="soft" defaultCost="infinity">80:2 1|95:3 1|50:3 2|26:4 2|40:1 1|34:3 3|56:2 3|93:2 4|61:1 3|66:1 4|3:1 2|34:4 1|66:3 4|42:4 4|94:4 3|31:2 2</relation>
    <relation name="R27" arity="2" nbTuples="16" semantics="soft" defaultCost="infinity">62:4 4|33:1 2|14:2 2|30:4 1|29:2 3|56:3 4|11:1 4|36:1 1|69:3 1|37:2 4|46:2 1|16:3 2|48:4 3|46:1 3|57:4 2|34:3 3</relation>
    <relation name="R28" arity="2" nbTuples="16" semantics="soft" defaultCost="infinity">11:3 3|96:4 1|7:4 4|2:1 1|50:2 4|15:4 2|66:1 4|63:4 3|23:3 1|34:2 2|29:2 3|90:1 3|52:3 4|0:2 1|10:1 2|8:3 2</relation>
    <relation name="R29" arity="2" nbTuples="16" semantics="soft" defaultCost="infinity">14:2 2|19:1 1|67:4 4|75:3 4|8:4 3|52:3 2|56:2 3|32:1 2|27:4 1|74:2 1|27:4 2|64:3 3|32:2 4|65:1 3|1:3 1|52:1 4</relation>
    <relation name="R30" arity="2" nbTuples="16" semantics="soft" defaultCost="infinity">81:3 4|8:4 2|50:1 3|10:4 1|86:1 4|67:3 1|38:3 2|65:2 3|35:3 3|6:4 3|84:1 2|18:1 1|40:2 4|81:2 2|80:4 4|7:2 1</relation>
    <relation name="R31" arity="2" nbTuples="16" semantics="soft" defaultCost="infinity">26:3 4|85:4 2|65:3 1|35:3 2|95:3 3|6:4 1|13:2 4|72:1 2|53:4 4|52:2 3|17:1 1|3:2 2|35:1 4|56:2 1|92:1 3|23:4 3</relation>
    <relation name="R32" arity="2" nbTuples="16" semantics="soft" defaultCost="infinity">25:2 1|21:1 3|6:2 4|88:2 3|78:3 2|50:3 3|41:4 2|84:4 1|74:3 1|28:2 2|69:3 4|79:1 2|0:4 4|28:1 1|16:1 4|13:4 3</relation>
  </relations>
  <GuiPresentation type="DCOP" benchmark="RandomDCOP" name="instance2" model="TKC" nbAgents="12" domainSize="4" density="50" tightness="0" nbConstraints="33" nbTuples="16" />
</instance>
